{"1970_9_32_145":47.70146118760598,"1971_9_32_145":207.37219167368127,"1972_9_25_145":3944.474063761972,"1972_9_31_145":2.906025479782276,"1972_9_32_145":211.17073096303938,"1973_9_32_145":6.871306666462444,"1974_9_32_145":359.82709345168996,"1975_9_32_145":162.26001217094782,"1976_9_32_145":64.98990163414284,"1977_9_25_145":314.19478953256214,"1977_9_32_145":42.619898375141}