{"1970_9_10_137":1.4141859115609476,"1970_9_10_70":1.4141773062124847,"1970_9_14_29":204.58088532345874,"1970_9_23_145":333.88816916414305,"1970_9_25_145":743.3890998226452,"1970_9_32_145":47.701551049354094,"1970_9_3_137":61.345620690812154,"1970_9_3_142":61.3456165285681,"1970_9_3_70":61.345614384341644,"1970_9_4_70":123.84583094227443,"1970_9_6_137":20.5473205389583,"1970_9_6_142":20.547316497277002,"1970_9_6_70":20.547314793134294,"1970_9_7_70":3.625992469164491,"1970_9_8_142":38.26963463992548,"1970_9_9_142":40.74893927375042,"1971_9_10_137":14.84578483493831,"1971_9_10_70":14.845769430672817,"1971_9_14_29":2642.2687335137934,"1971_9_18_67":6.855528527509339,"1971_9_23_145":941.1619869556389,"1971_9_25_145":3852.8772312195897,"1971_9_32_145":207.3722825343997,"1971_9_3_137":643.9904207642609,"1971_9_3_142":643.9904159891022,"1971_9_3_70":643.9904105874786,"1971_9_4_70":278.6952218269533,"1971_9_6_137":215.70043850284682,"1971_9_6_142":215.70043387128004,"1971_9_6_70":215.7004294233529,"1971_9_7_70":38.06477419529852,"1971_9_8_142":401.74476703348006,"1971_9_9_142":427.77184067781553,"1972_9_10_137":14.837069057694238,"1972_9_10_70":14.837066322556385,"1972_9_14_29":3660.73583012389,"1972_9_18_67":8.335050334914204,"1972_9_23_145":1000.7434719021261,"1972_9_25_145":3944.474644895855,"1972_9_31_145":2.9068627835646237,"1972_9_32_145":211.17080631840363,"1972_9_3_137":643.6123087234633,"1972_9_3_142":643.6123058302676,"1972_9_3_70":643.6123065020482,"1972_9_4_70":1299.338384017984,"1972_9_6_137":215.5738065506941,"1972_9_6_142":215.57380372384495,"1972_9_6_70":215.5738044632636,"1972_9_7_48":38.04243166350913,"1972_9_8_142":401.50893595807236,"1972_9_9_142":427.5206870340235,"1973_9_14_29":85.19942340612788,"1973_9_23_145":29.372148254358642,"1973_9_25_145":132.8386533273212,"1973_9_32_145":6.871399054854351,"1973_9_3_137":25.09507856404294,"1973_9_3_142":25.09507419114112,"1973_9_3_70":25.095071143567594,"1973_9_4_70":50.662434112328455,"1973_9_6_137":8.405433626815448,"1973_9_6_142":8.405429372712705,"1973_9_6_70":8.405426857169553,"1973_9_7_70":1.4833059293713955,"1973_9_8_142":15.655214371841259,"1973_9_9_142":16.669443855336915,"1974_9_10_137":32.817273518201425,"1974_9_14_29":4396.563362738028,"1974_9_23_145":2289.664566921856,"1974_9_25_145":5927.910699320038,"1974_9_32_145":359.8271800642211,"1974_9_3_137":1423.5695916302054,"1974_9_3_142":1423.5695881106467,"1974_9_6_137":476.8154623285724,"1974_9_6_142":476.8154589002475,"1974_9_7_70":84.1438847447311,"1974_9_8_142":888.074737756911,"1974_9_9_142":945.6087491265102,"1975_9_10_137":5.717473829449178,"1975_9_10_70":5.717437807548286,"1975_9_14_29":570.5430511755167,"1975_9_18_67":1.9476688880303286,"1975_9_23_145":715.2339440498187,"1975_9_25_145":2509.091085006921,"1975_9_32_145":162.26009912346214,"1975_9_3_137":248.01652437645498,"1975_9_3_142":248.01651892229074,"1975_9_3_70":248.01650611843502,"1975_9_6_137":83.07153835414451,"1975_9_6_142":83.07153310602983,"1975_9_6_70":83.07152323057878,"1975_9_7_70":14.659674826389663,"1975_9_8_142":154.72176539334225,"1975_9_9_142":164.74543782618161,"1976_9_10_137":2.9609882461771666,"1976_9_10_70":2.9609778243816915,"1976_9_14_29":991.4929099397655,"1976_9_18_67":1.9463031171693665,"1976_9_23_145":352.2982037306471,"1976_9_25_145":1211.231818186598,"1976_9_32_145":64.98999235788608,"1976_9_3_137":128.44383066552746,"1976_9_3_142":128.44382629229668,"1976_9_3_70":128.4438232431718,"1976_9_4_70":259.30512477404835,"1976_9_6_137":43.02143605838833,"1976_9_6_142":43.021431811321186,"1976_9_6_70":43.021429325420904,"1976_9_7_70":7.592012356249187,"1976_9_8_142":80.12795232496885,"1976_9_9_142":85.319049336669,"1977_9_14_29":276.399135413429,"1977_9_23_145":319.70466727463287,"1977_9_25_145":627.2780142969582,"1977_9_32_145":42.61998521660768,"1977_9_3_137":4.098651139396439,"1977_9_3_142":4.098647593029525,"1977_9_3_70":4.0986472474465385,"1977_9_4_70":8.274435859447388,"1977_9_6_137":1.372815116532006,"1977_9_6_142":1.3728116712920693,"1977_9_6_70":1.3728115316023763,"1977_9_8_142":2.556877878264112,"1977_9_9_142":2.722528611873618}