{"1970_9_10_137":1.4141859696269354,"1970_9_10_70":1.4141783984221075,"1970_9_14_29":204.58088894061072,"1970_9_23_145":333.88816948762275,"1970_9_25_145":743.3890999372278,"1970_9_32_145":47.701551144530896,"1970_9_3_137":61.34562074519001,"1970_9_3_142":61.34561672654192,"1970_9_3_70":61.345615100857536,"1970_9_4_70":123.8458381817238,"1970_9_6_137":20.547320592193394,"1970_9_6_142":20.547316688048095,"1970_9_6_70":20.547315427762463,"1970_9_7_70":3.6259927850977887,"1970_9_8_142":38.26963533713441,"1970_9_9_142":40.74893974398745,"1971_9_10_137":14.845784899119673,"1971_9_10_70":14.845771983342411,"1971_9_14_29":2642.2687381088153,"1971_9_18_67":6.855528725911423,"1971_9_23_145":941.1619871358475,"1971_9_25_145":3852.8772312758215,"1971_9_32_145":207.37228259274067,"1971_9_3_137":643.9904208242136,"1971_9_3_142":643.9904162248774,"1971_9_3_70":643.9904119720995,"1971_9_4_70":1300.1014472665856,"1971_9_6_137":215.70043856152725,"1971_9_6_142":215.7004340980236,"1971_9_6_70":215.70043060076992,"1971_9_7_70":38.06477467398094,"1971_9_8_142":401.74476800575246,"1971_9_9_142":427.77184129395533,"1972_9_10_137":14.837069101669815,"1972_9_10_70":14.837066585628703,"1972_9_14_29":3660.7358315832244,"1972_9_18_67":8.33505035382169,"1972_9_23_145":1000.7434720270262,"1972_9_25_145":3944.474644943378,"1972_9_31_145":2.9068630125397528,"1972_9_32_145":211.1708063622852,"1972_9_3_137":643.6123087649262,"1972_9_3_142":643.6123059563985,"1972_9_3_70":643.6123067135209,"1972_9_4_70":1299.338384556764,"1972_9_6_137":215.57380659142186,"1972_9_6_142":215.57380384646763,"1972_9_6_70":215.57380466185074,"1972_9_7_48":38.04243310663622,"1972_9_8_142":401.50893628481646,"1972_9_9_142":427.52068728070367,"1973_9_14_29":85.19942752452894,"1973_9_23_145":29.3721486229287,"1973_9_25_145":132.8386535854979,"1973_9_32_145":6.871399154047983,"1973_9_3_137":25.095078620380047,"1973_9_3_142":25.095074401885277,"1973_9_3_70":25.095072034212944,"1973_9_4_70":50.66245013842814,"1973_9_6_137":8.405433682053248,"1973_9_6_142":8.405429576225641,"1973_9_6_70":8.405427644252054,"1973_9_7_70":1.4833062953046736,"1973_9_8_142":15.655215154470634,"1973_9_9_142":16.669444372382824,"1974_9_10_137":32.817273569390736,"1974_9_14_29":4396.563374712506,"1974_9_18_67":13.295552529696089,"1974_9_23_145":2289.6645670234375,"1974_9_25_145":5927.910699374044,"1974_9_32_145":359.82718010212835,"1974_9_3_137":1423.5695914281446,"1974_9_3_142":1423.5695874067528,"1974_9_3_70":405.30448579321563,"1974_9_6_137":476.8154612467015,"1974_9_6_142":476.8154545071247,"1974_9_6_70":476.8153061129822,"1974_9_7_70":84.14388808253292,"1974_9_8_142":888.0747414629743,"1974_9_9_142":945.6087507799134,"1975_9_10_137":5.717473900037666,"1975_9_10_70":5.717447411861392,"1975_9_14_29":570.543057126087,"1975_9_18_67":1.9476693538083367,"1975_9_23_145":715.2339442521846,"1975_9_25_145":2509.0910850645705,"1975_9_32_145":162.260099188974,"1975_9_3_137":248.01652444216919,"1975_9_3_142":248.01651920220286,"1975_9_3_70":248.0165094271221,"1975_9_6_137":83.07153841815301,"1975_9_6_142":83.07153337230086,"1975_9_6_70":83.07152571325122,"1975_9_7_70":14.659675578850399,"1975_9_8_142":154.72176678383653,"1975_9_9_142":164.74543864189675,"1976_9_10_137":2.9609883063885603,"1976_9_10_70":2.960979257120825,"1976_9_14_29":991.4929136408845,"1976_9_18_67":1.9463032302572378,"1976_9_23_145":352.2982040537314,"1976_9_25_145":1211.231818267779,"1976_9_32_145":64.98999245201749,"1976_9_3_137":128.44383072186767,"1976_9_3_142":128.44382650306122,"1976_9_3_70":128.44382413412438,"1976_9_4_70":259.305140888938,"1976_9_6_137":43.0214361135608,"1976_9_6_142":43.02143201440909,"1976_9_6_70":43.021430106821995,"1976_9_7_70":7.592012721105891,"1976_9_8_142":80.12795310792312,"1976_9_9_142":85.3190498538874,"1977_9_14_29":276.39913815053256,"1977_9_23_145":319.7046675874285,"1977_9_25_145":627.2780144201853,"1977_9_32_145":42.61998530934326,"1977_9_3_137":4.098651187760897,"1977_9_3_142":4.098647755027895,"1977_9_3_70":4.098647639439709,"1977_9_4_70":8.274437475491894,"1977_9_6_137":1.3728151638641122,"1977_9_6_142":1.3728118275781651,"1977_9_6_70":1.3728118876628703,"1977_9_8_142":2.5568783685767307,"1977_9_9_142":2.7225289619832136}