{"1970_9_10_137":1.4141861341119668,"1970_9_10_70":1.4141807502695047,"1970_9_14_29":204.58089820289683,"1970_9_23_145":333.888170458876,"1970_9_25_145":743.3891003129894,"1970_9_32_145":47.70155142333739,"1970_9_3_137":61.34562089942489,"1970_9_3_142":61.3456172680289,"1970_9_3_70":61.34561673276594,"1970_9_4_70":123.8458486494955,"1970_9_6_137":20.547320743247905,"1970_9_6_142":20.547317210577848,"1970_9_6_70":20.547316894123234,"1970_9_7_70":3.6259935677605806,"1970_9_8_142":38.26963711960049,"1970_9_9_142":40.748940977379746,"1971_9_10_137":14.845785080553364,"1971_9_10_70":14.8457767355966,"1971_9_14_29":2642.2687496673952,"1971_9_18_67":6.855529083440026,"1971_9_23_145":941.1619877228244,"1971_9_25_145":3852.8772314426237,"1971_9_32_145":207.37228279185513,"1971_9_3_137":643.9904209939331,"1971_9_3_142":643.9904168651989,"1971_9_3_70":643.9904148484447,"1971_9_4_70":1300.1015438620775,"1971_9_6_137":215.70043872771677,"1971_9_6_142":215.70043471482714,"1971_9_6_70":215.7004331084903,"1971_9_7_70":38.06477581452658,"1971_9_8_142":401.74477042872843,"1971_9_9_142":427.7718428826888,"1972_9_10_137":14.837069226877578,"1972_9_10_70":14.8370672471975,"1972_9_14_29":3660.735835519722,"1972_9_18_67":8.335050400971244,"1972_9_23_145":1000.7434724284758,"1972_9_25_145":3944.474645083774,"1972_9_31_145":2.906863677300463,"1972_9_32_145":211.1708065119049,"1972_9_3_137":643.6123086602478,"1972_9_3_142":643.6123056346721,"1972_9_3_48":89.59728109606907,"1972_9_3_70":643.6123061541768,"1972_9_4_70":1299.3383858246366,"1972_9_6_137":215.5738049026528,"1972_9_6_142":215.57379692467774,"1972_9_6_48":215.5738077475347,"1972_9_7_48":38.0424334326867,"1972_9_8_142":401.50893715897575,"1972_9_9_142":427.520687949344,"1973_9_14_29":85.19943797149098,"1973_9_23_145":29.372149689036178,"1973_9_25_145":132.838654340069,"1973_9_32_145":6.87139944268878,"1973_9_3_137":25.09507878006212,"1973_9_3_142":25.095074976880788,"1973_9_3_70":25.09507400728893,"1973_9_4_70":50.66246801621758,"1973_9_6_137":8.405433838679638,"1973_9_6_142":8.40543013226212,"1973_9_6_70":8.405429416105825,"1973_9_7_70":1.4833071901527464,"1973_9_8_142":15.655217138491734,"1973_9_9_142":16.669445720776373,"1974_9_10_137":32.817272574776986,"1974_9_10_70":32.81698850254895,"1974_9_14_29":4396.563402141735,"1974_9_18_67":13.295740398851935,"1974_9_23_145":2289.6645673338116,"1974_9_25_145":5927.910699532883,"1974_9_32_145":359.8271802265397,"1974_9_3_137":1423.5695907488944,"1974_9_3_142":1423.5695846244357,"1974_9_3_70":1423.5695518115313,"1974_9_6_137":476.8154614658617,"1974_9_6_142":476.8154555485157,"1974_9_6_70":476.81543169449344,"1974_9_7_70":84.14389395503483,"1974_9_8_142":888.0747494126175,"1974_9_9_142":945.6087547012256,"1975_9_10_137":5.717474099174866,"1975_9_10_70":5.717460166333391,"1975_9_14_29":570.5430717756375,"1975_9_18_67":1.947670033905754,"1975_9_23_145":715.2339449256348,"1975_9_25_145":2509.091085238546,"1975_9_32_145":162.26009940638642,"1975_9_3_137":248.01652462784241,"1975_9_3_142":248.01651995664318,"1975_9_3_70":248.01651525966568,"1975_9_4_70":500.7008586653074,"1975_9_6_137":83.07153859910812,"1975_9_6_142":83.07153409161089,"1975_9_6_70":83.07153036091056,"1975_9_7_70":14.659677282342512,"1975_9_8_142":154.72177013962133,"1975_9_9_142":164.7454407033169,"1976_9_10_137":2.9609884768258237,"1976_9_10_70":2.960982217202702,"1976_9_14_29":991.4929231027949,"1976_9_18_67":1.9463034573583422,"1976_9_23_145":352.29820502788596,"1976_9_25_145":1211.2318185257895,"1976_9_32_145":64.98999272982348,"1976_9_3_137":128.44383088155834,"1976_9_3_142":128.44382707811013,"1976_9_3_70":128.44382610779058,"1976_9_4_70":259.3051588292998,"1976_9_6_137":43.02143627000548,"1976_9_6_142":43.02143256932976,"1976_9_6_70":43.02143186749608,"1976_9_7_70":7.592013613564094,"1976_9_8_142":80.127955092707,"1976_9_9_142":85.31905120270396,"1977_9_14_29":276.39914528962026,"1977_9_23_145":319.7046685261495,"1977_9_25_145":627.2780148311953,"1977_9_32_145":42.61998558067375,"1977_9_3_137":4.098651325237612,"1977_9_3_142":4.098648201406754,"1977_9_3_70":4.098648591934159,"1977_9_4_70":8.274440748646267,"1977_9_6_137":1.3728152984574427,"1977_9_6_142":1.372812258746474,"1977_9_6_70":1.372812760527043,"1977_9_8_142":2.556879651391681,"1977_9_9_142":2.72252989538503}