{"1970_9_10_137":1.4141864382086275,"1970_9_10_70":1.41418344501001,"1970_9_14_29":204.58091226592816,"1970_9_23_145":333.8881723174293,"1970_9_25_145":743.3891010081326,"1970_9_32_145":47.70155196855101,"1970_9_3_137":61.34562118534531,"1970_9_3_142":61.345618199785484,"1970_9_3_70":61.34561876783861,"1970_9_4_70":123.84585604963075,"1970_9_6_137":20.54732102351189,"1970_9_6_142":20.547318112272908,"1970_9_6_70":20.547318764679748,"1970_9_7_48":3.625967927092858,"1970_9_8_142":38.26963981813357,"1970_9_9_142":40.748942934759626,"1971_9_10_137":14.845785414538478,"1971_9_10_70":14.845781203034653,"1971_9_14_29":2642.268766666494,"1971_9_18_67":6.855529405844414,"1971_9_23_145":941.1619887969376,"1971_9_25_145":3852.8772317664175,"1971_9_32_145":207.37228316594926,"1971_9_3_137":643.9904213072833,"1971_9_3_142":643.9904179516506,"1971_9_3_70":643.9904179779088,"1971_9_4_70":1300.1015635521346,"1971_9_6_137":215.7004390348297,"1971_9_6_142":215.70043576476638,"1971_9_6_70":215.70043593591186,"1971_9_7_70":38.06477734361914,"1971_9_8_142":401.7447739341872,"1971_9_9_142":427.77184532560216,"1972_9_10_137":14.83706778595815,"1972_9_10_48":14.83705302623478,"1972_9_14_29":3660.7358421106687,"1972_9_18_67":8.335050468894703,"1972_9_23_145":1000.7434731687733,"1972_9_25_145":3944.4746453575144,"1972_9_31_145":2.9068649732586236,"1972_9_32_145":211.17080679179006,"1972_9_3_137":643.6123075334214,"1972_9_3_142":643.6123013160781,"1972_9_3_48":643.6123102401888,"1972_9_4_70":1299.338387490197,"1972_9_6_137":215.5738053843565,"1972_9_6_142":215.5737993716606,"1972_9_6_48":215.5738080627745,"1972_9_7_48":38.04243388156223,"1972_9_8_142":401.5089385994349,"1972_9_9_142":427.5206890795245,"1973_9_14_29":85.19945356669137,"1973_9_23_145":29.372151750972375,"1973_9_25_145":132.8386558055564,"1973_9_32_145":6.871400008004122,"1973_9_3_137":25.095079075652304,"1973_9_3_142":25.095075961458278,"1973_9_3_70":25.095076365277283,"1973_9_4_70":50.662477994734836,"1973_9_6_137":8.405434128847881,"1973_9_6_142":8.40543108700142,"1973_9_6_70":8.405431586114487,"1973_9_7_48":1.483279115711834,"1973_9_8_142":15.655220096927312,"1973_9_9_142":16.66944783783697,"1974_9_10_137":32.817273013638776,"1974_9_10_70":32.81725761043918,"1974_9_14_29":4396.563436655782,"1974_9_18_67":13.295742299352392,"1974_9_23_145":2289.6645679086255,"1974_9_25_145":5927.91069984304,"1974_9_32_145":359.8271804597541,"1974_9_3_137":1423.5695911576793,"1974_9_3_142":1423.5695863824326,"1974_9_3_70":1423.5695809801791,"1974_9_4_70":1345.5517974004736,"1974_9_6_137":476.8154618656644,"1974_9_6_142":476.81545723326735,"1974_9_6_70":476.81545278022804,"1974_9_7_70":84.14389910520059,"1974_9_8_142":888.0747584687792,"1974_9_9_142":945.6087599185139,"1975_9_10_137":5.717474464166508,"1975_9_10_70":5.717468465416334,"1975_9_14_29":570.5430925270267,"1975_9_18_67":1.9476705194456911,"1975_9_23_145":715.2339461673224,"1975_9_25_145":2509.091085573305,"1975_9_32_145":162.26009981890172,"1975_9_3_137":248.01652496927133,"1975_9_3_142":248.01652121782087,"1975_9_3_70":248.01652038665088,"1975_9_4_70":500.7010669574392,"1975_9_6_137":83.07153893225195,"1975_9_6_142":83.07153529941878,"1975_9_6_70":83.07153476081301,"1975_9_7_70":14.65967938688817,"1975_9_8_142":154.7217747353658,"1975_9_9_142":164.74544376002947,"1976_9_10_137":2.960988791443361,"1976_9_10_70":2.9609854131234807,"1976_9_14_29":991.4929374267532,"1976_9_18_67":1.946303693101072,"1976_9_23_145":352.29820688897104,"1976_9_25_145":1211.2318190084734,"1976_9_32_145":64.98999327208516,"1976_9_3_137":128.44383117716387,"1976_9_3_142":128.44382806277181,"1976_9_3_70":128.44382846632107,"1976_9_4_70":259.3051688260727,"1976_9_6_137":43.02143655985143,"1976_9_6_142":43.02143352231002,"1976_9_6_70":43.021434026858344,"1976_9_7_48":7.591991576798645,"1976_9_8_142":80.12795805211549,"1976_9_9_142":85.31905332034775,"1977_9_14_29":276.3991565015009,"1977_9_23_145":319.7046703247223,"1977_9_25_145":627.2780155922741,"1977_9_32_145":42.61998611146659,"1977_9_3_137":4.09865158121663,"1977_9_3_142":4.098648980840925,"1977_9_3_70":4.098649911209816,"1977_9_4_70":8.274444186591454,"1977_9_6_137":1.3728137341491675,"1977_9_6_142":1.3728056701642333,"1977_9_6_48":1.3727846408865672,"1977_9_8_142":2.556881677717396,"1977_9_9_142":2.722531423158372}