{"1970_9_10_137":1.4141865694199627,"1970_9_10_70":1.4141842365165813,"1970_9_14_29":204.58091737430703,"1970_9_23_145":333.888173144456,"1970_9_25_145":743.3891013074657,"1970_9_32_145":47.701552216563506,"1970_9_3_137":61.34562130902666,"1970_9_3_142":61.34561857644807,"1970_9_3_70":61.34561940261099,"1970_9_4_70":123.84585768075668,"1970_9_6_137":20.547321144841742,"1970_9_6_142":20.547318477701772,"1970_9_6_70":20.54731935791126,"1970_9_7_48":3.6259692292993257,"1970_9_8_142":38.26964079605055,"1970_9_9_142":40.74894367247393,"1971_9_10_137":14.845785558071443,"1971_9_10_70":14.845782356961545,"1971_9_14_29":2642.2687726833024,"1971_9_18_67":6.855529486905821,"1971_9_23_145":941.1619892545441,"1971_9_25_145":3852.8772319128834,"1971_9_32_145":207.3722833290651,"1971_9_3_137":643.9904214423195,"1971_9_3_142":643.9904183854266,"1971_9_3_70":643.9904188653557,"1971_9_4_70":1300.1015664262789,"1971_9_6_137":215.7004391672902,"1971_9_6_142":215.70043618516127,"1971_9_6_70":215.70043675727385,"1971_9_7_48":38.064779196843304,"1971_9_8_142":401.74477515872206,"1971_9_9_142":427.77184622230254,"1972_9_10_137":14.837068009399578,"1972_9_10_48":14.837054270971992,"1972_9_14_29":3660.7358447116667,"1972_9_18_67":8.335050492454316,"1972_9_23_145":1000.7434734868935,"1972_9_25_145":3944.4746454817755,"1972_9_31_145":2.906865561304388,"1972_9_32_145":211.17080691342204,"1972_9_3_137":643.6123077412534,"1972_9_3_142":643.6123022535243,"1972_9_3_48":643.6123103488156,"1972_9_4_48":139.1398225471182,"1972_9_4_70":1299.3383872360969,"1972_9_6_137":215.57380558768628,"1972_9_6_142":215.57380026966678,"1972_9_6_48":215.5738081658838,"1972_9_7_48":38.04243402979402,"1972_9_8_142":401.50893916006225,"1972_9_9_142":427.5206853508775,"1972_9_9_70":427.5206449933646,"1973_9_14_29":85.19945915367562,"1973_9_23_145":29.372152679929783,"1973_9_25_145":132.8386564679295,"1973_9_32_145":6.871400265616345,"1973_9_3_137":25.095079203344564,"1973_9_3_142":25.09507635774757,"1973_9_3_70":25.095077078616924,"1973_9_4_70":50.66247996461108,"1973_9_6_137":8.405434254291576,"1973_9_6_142":8.405431472218092,"1973_9_6_70":8.405432254172336,"1973_9_7_48":1.4832804713159222,"1973_9_8_142":15.655221155825888,"1973_9_9_142":16.669448628562396,"1974_9_10_137":32.817273199806394,"1974_9_10_70":32.817263645568346,"1974_9_14_29":4396.563447492076,"1974_9_18_67":13.295742525515216,"1974_9_23_145":2289.664568157833,"1974_9_25_145":5927.910699984037,"1974_9_32_145":359.8271805615355,"1974_9_3_137":1423.5695913317065,"1974_9_3_142":1423.5695870528791,"1974_9_3_70":1423.5695844316588,"1974_9_4_70":2873.9326033768953,"1974_9_6_137":476.8154620360543,"1974_9_6_142":476.8154578786862,"1974_9_6_70":476.81545575326686,"1974_9_7_70":84.14390038151024,"1974_9_8_142":888.0747611182893,"1974_9_9_142":945.6087616260855,"1975_9_10_137":5.717474620397286,"1975_9_10_70":5.717470221630347,"1975_9_14_29":570.543099655594,"1975_9_18_67":1.9476706269878479,"1975_9_23_145":715.2339466992958,"1975_9_25_145":2509.09108572353,"1975_9_32_145":162.26010000045153,"1975_9_3_137":248.0165251158601,"1975_9_3_142":248.01652171483576,"1975_9_3_70":248.01652165893438,"1975_9_4_70":500.70107281158937,"1975_9_6_137":83.07153907543922,"1975_9_6_142":83.07153577725286,"1975_9_6_70":83.0715359021829,"1975_9_7_70":14.659680038882271,"1975_9_8_142":154.7217762731085,"1975_9_9_142":164.74544484915188,"1976_9_10_137":2.9609889270020786,"1976_9_10_70":2.960986314780429,"1976_9_14_29":991.4929426173697,"1976_9_18_67":1.9463037579035307,"1976_9_23_145":352.298207715656,"1976_9_25_145":1211.2318192190821,"1976_9_32_145":64.98999351823565,"1976_9_3_137":128.44383130486267,"1976_9_3_142":128.44382845909274,"1976_9_3_70":128.4438291797902,"1976_9_4_70":259.3051707981436,"1976_9_6_137":43.02143668516214,"1976_9_6_142":43.02143390687483,"1976_9_6_70":43.021434692317406,"1976_9_7_48":7.5919929221086395,"1976_9_8_142":80.12795911131394,"1976_9_9_142":85.31905411126533,"1977_9_14_29":276.39916069011844,"1977_9_23_145":319.7046711260422,"1977_9_25_145":627.2780159199817,"1977_9_32_145":42.61998635301933,"1977_9_3_137":4.098649974054847,"1977_9_3_142":4.098642685196089,"1977_9_3_48":4.0986243473404365,"1977_9_4_70":8.274445139064529,"1977_9_6_137":1.3728139789678107,"1977_9_6_142":1.3728069865773003,"1977_9_6_48":1.3727859782521092,"1977_9_8_142":2.556882438410761,"1977_9_9_142":2.722532014321976}