{"1970_9_10_137":1.4141865814565837,"1970_9_10_70":1.414184301563678,"1970_9_14_29":204.58091781864994,"1970_9_23_145":333.88817322106746,"1970_9_25_145":743.3891013348892,"1970_9_32_145":47.70155223972016,"1970_9_3_137":61.34562132038211,"1970_9_3_142":61.34561861028513,"1970_9_3_70":61.3456194555727,"1970_9_4_70":123.84585780662495,"1970_9_6_137":20.547321155983635,"1970_9_6_142":20.547318510554017,"1970_9_6_70":20.5473194076183,"1970_9_7_48":3.6259693491331566,"1970_9_8_142":38.26964088105451,"1970_9_9_142":40.748943737341136,"1971_9_10_137":14.845785571221308,"1971_9_10_70":14.84578244899019,"1971_9_14_29":2642.2687732027844,"1971_9_18_67":6.855529493328346,"1971_9_23_145":941.1619892963146,"1971_9_25_145":3852.8772319265377,"1971_9_32_145":207.37228334406183,"1971_9_3_137":643.9904214547022,"1971_9_3_142":643.9904184242436,"1971_9_3_70":643.9904189376698,"1971_9_4_70":1300.1015666335609,"1971_9_6_137":215.70043917944,"1971_9_6_142":215.70043622281432,"1971_9_6_70":215.70043682459337,"1971_9_7_48":38.06477915580547,"1971_9_8_142":401.74477526405434,"1971_9_9_142":427.77184630053756,"1972_9_10_137":14.837068029714025,"1972_9_10_48":14.837054385787217,"1972_9_14_29":3660.7358449435824,"1972_9_18_67":8.335050494474542,"1972_9_23_145":1000.7434735160259,"1972_9_25_145":3944.474645493372,"1972_9_2_70":533.5967427888444,"1972_9_31_145":2.906865616170182,"1972_9_32_145":211.1708069245952,"1972_9_3_137":643.6123077601751,"1972_9_3_142":643.6123023351602,"1972_9_3_48":643.6123103579648,"1972_9_4_48":1299.3383907017776,"1972_9_6_137":215.5738056062057,"1972_9_6_142":215.57380034801093,"1972_9_6_48":215.5738081745945,"1972_9_7_48":38.04243404223916,"1972_9_8_142":401.5089392098381,"1972_9_9_142":427.52068544772726,"1972_9_9_70":427.5206501324249,"1973_9_14_29":85.19945963771288,"1973_9_23_145":29.372152766402785,"1973_9_25_145":132.8386565296418,"1973_9_32_145":6.871400289685976,"1973_9_3_137":25.095079215063098,"1973_9_3_142":25.095076393299433,"1973_9_3_70":25.095077137672455,"1973_9_4_70":50.66248011353729,"1973_9_6_137":8.405434265806472,"1973_9_6_142":8.405431506802632,"1973_9_6_70":8.405432309724125,"1973_9_7_48":1.4832805947779972,"1973_9_8_142":15.655221247541407,"1973_9_9_142":16.669448697904837,"1974_9_10_137":32.81727321678982,"1974_9_10_70":32.81726403090088,"1974_9_14_29":4396.56344839773,"1974_9_18_67":13.295742541381768,"1974_9_23_145":2289.6645681807518,"1974_9_25_145":5927.910699997202,"1974_9_32_145":359.82718057090443,"1974_9_3_137":1423.569591347601,"1974_9_3_142":1423.5695871120402,"1974_9_3_70":1423.5695846741526,"1974_9_4_70":2873.932607145688,"1974_9_6_137":476.81546205162215,"1974_9_6_142":476.81545793571627,"1974_9_6_70":476.8154559666843,"1974_9_7_70":84.14390048238458,"1974_9_8_142":888.0747613358214,"1974_9_9_142":945.6087617703668,"1975_9_10_137":5.717474634691685,"1975_9_10_70":5.717470356098952,"1975_9_14_29":570.5431002659187,"1975_9_18_67":1.947670635293949,"1975_9_23_145":715.2339467479226,"1975_9_25_145":2509.0910857374984,"1975_9_32_145":162.260100017194,"1975_9_3_137":248.01652512928564,"1975_9_3_142":248.01652175913284,"1975_9_3_70":248.0165217595197,"1975_9_4_70":500.70107318757607,"1975_9_6_137":83.07153908855788,"1975_9_6_142":83.07153581989142,"1975_9_6_70":83.07153599329685,"1975_9_7_70":14.659680093185646,"1975_9_8_142":154.7217764038165,"1975_9_9_142":164.7454449433629,"1976_9_10_137":2.960988939431883,"1976_9_10_70":2.960986388162493,"1976_9_14_29":991.4929430685507,"1976_9_18_67":1.9463037631450617,"1976_9_23_145":352.2982077921847,"1976_9_25_145":1211.2318192384757,"1976_9_32_145":64.98999354119948,"1976_9_3_137":128.4438313165818,"1976_9_3_142":128.44382849464745,"1976_9_3_70":128.44382923885584,"1976_9_4_70":259.3051709472169,"1976_9_6_137":43.02143669666512,"1976_9_6_142":43.021433941402776,"1976_9_6_70":43.02143474766798,"1976_9_7_48":7.59199304550828,"1976_9_8_142":80.12795920305419,"1976_9_9_142":85.31905418062385,"1977_9_14_29":276.39916105746306,"1977_9_23_145":319.70467120030384,"1977_9_25_145":627.278015949996,"1977_9_32_145":42.61998637557641,"1977_9_3_137":4.098649996867139,"1977_9_3_142":4.098642804431645,"1977_9_3_48":4.098624472576265,"1977_9_4_70":8.274445216250333,"1977_9_6_137":1.372814001184617,"1977_9_6_142":1.3728070982466525,"1977_9_6_48":1.3727861010259823,"1977_9_8_142":2.5568825052202078,"1977_9_9_142":2.72253206671543}