{"1970_9_10_137":1.4141849468803802,"1970_9_10_48":1.4141558327565629,"1970_9_14_29":204.5809243023717,"1970_9_23_145":333.8881744361162,"1970_9_25_145":743.3891017630814,"1970_9_32_145":47.701552611423416,"1970_9_3_137":61.34561979262522,"1970_9_3_142":61.345612601301106,"1970_9_3_48":61.34562252809794,"1970_9_4_70":123.84585941475342,"1970_9_6_137":20.547319661273917,"1970_9_6_142":20.547312742751878,"1970_9_6_48":20.547310390004753,"1970_9_7_48":3.6259712430265214,"1970_9_8_142":38.26964212034596,"1970_9_9_142":40.748944696883854,"1971_9_10_137":14.84578577669519,"1971_9_10_70":14.845783664889355,"1971_9_14_29":2642.2687807134294,"1971_9_18_67":6.8555295775423,"1971_9_23_145":941.1619899450953,"1971_9_25_145":3852.877232145288,"1971_9_32_145":207.3722835792077,"1971_9_3_137":643.9904216484329,"1971_9_3_142":643.9904190116961,"1971_9_3_70":643.9904199153628,"1971_9_4_70":1300.101569120573,"1971_9_6_137":215.70043867502787,"1971_9_6_142":215.7004345232094,"1971_9_6_48":78.54840824168544,"1971_9_6_70":215.70043241908445,"1971_9_7_48":38.064779854930755,"1971_9_8_142":401.74477678002773,"1971_9_9_142":427.77184744646723,"1972_9_10_137":14.83706834379172,"1972_9_10_48":14.837056204038529,"1972_9_14_29":3660.735848436688,"1972_9_18_67":8.335050523401804,"1972_9_23_145":1000.7434739707652,"1972_9_25_145":3944.474645679409,"1972_9_2_70":1898.094963015758,"1972_9_31_145":2.906866496085526,"1972_9_32_145":211.1708070996327,"1972_9_3_137":643.6123080532811,"1972_9_3_142":643.6123035280775,"1972_9_3_48":643.6123104863734,"1972_9_4_48":1299.3383909658974,"1972_9_6_137":215.57380589324225,"1972_9_6_142":215.57380149545105,"1972_9_6_48":215.57380829728308,"1972_9_7_48":38.042434218020226,"1972_9_8_142":401.5089357113338,"1972_9_8_70":401.5088880342578,"1972_9_9_142":427.52068684889593,"1972_9_9_70":427.5206787892623,"1973_9_14_29":85.19946666569447,"1973_9_23_145":29.372154148760593,"1973_9_25_145":132.83865751717858,"1973_9_32_145":6.8714006764824775,"1973_9_3_137":25.095077630569687,"1973_9_3_142":25.095069952227924,"1973_9_3_48":25.095071730832117,"1973_9_4_70":50.662481978877906,"1973_9_6_137":8.405432713174415,"1973_9_6_142":8.405425311184322,"1973_9_6_48":8.405411206851005,"1973_9_7_48":1.4832825401710008,"1973_9_8_142":15.655222578775522,"1973_9_9_142":16.669449720154287,"1974_9_10_137":32.81727348060197,"1974_9_10_70":32.81726822984718,"1974_9_14_29":4396.5634609951485,"1974_9_18_67":13.295742726926962,"1974_9_23_145":2289.664568541239,"1974_9_25_145":5927.910700208554,"1974_9_32_145":359.82718071821466,"1974_9_3_137":1423.5695915948975,"1974_9_3_142":1423.5695879911505,"1974_9_3_70":1423.5695875193073,"1974_9_4_70":2873.9326304852816,"1974_9_6_137":476.81546229395576,"1974_9_6_142":476.81545878464254,"1974_9_6_70":476.81545851693693,"1974_9_7_70":84.14390180269666,"1974_9_8_142":888.0747643014452,"1974_9_9_142":945.6087638029658,"1975_9_10_137":5.717474857640789,"1975_9_10_70":5.717472061027964,"1975_9_14_29":570.5431090001913,"1975_9_18_67":1.9476707415034102,"1975_9_23_145":715.2339475042705,"1975_9_25_145":2509.091085960491,"1975_9_32_145":162.26010028080645,"1975_9_3_137":248.0165253389738,"1975_9_3_142":248.01652242596109,"1975_9_3_70":248.0165230764424,"1975_9_4_70":500.7010773020422,"1975_9_6_137":83.07153929355532,"1975_9_6_142":83.07153646276448,"1975_9_6_70":83.07153719831962,"1975_9_7_48":14.659665165604384,"1975_9_8_142":154.72177825821998,"1975_9_9_142":164.7454463086318,"1976_9_10_137":2.960989133869766,"1976_9_10_70":2.96098737890407,"1976_9_14_29":991.4929496463209,"1976_9_18_67":1.9463038334394585,"1976_9_23_145":352.29820900464733,"1976_9_25_145":1211.2318195437315,"1976_9_32_145":64.98999390931044,"1976_9_3_137":128.44382973199947,"1976_9_3_142":128.44382205288585,"1976_9_3_48":128.4438325537557,"1976_9_4_70":259.3051728141751,"1976_9_6_137":43.02143514591217,"1976_9_6_142":43.02142776008459,"1976_9_6_48":43.02143749254785,"1976_9_7_48":7.59199498948034,"1976_9_8_142":80.12796053462758,"1976_9_9_142":85.3190552031013,"1977_9_14_29":276.3991664733518,"1977_9_23_145":319.70467237882235,"1977_9_25_145":627.2780164183043,"1977_9_32_145":42.61998673774782,"1977_9_3_137":4.098650348402368,"1977_9_3_142":4.098644506725574,"1977_9_3_48":4.098626442587838,"1977_9_4_70":8.274446253552181,"1977_9_6_137":1.372814343809056,"1977_9_6_142":1.372808713743645,"1977_9_6_48":1.3727880367454783,"1977_9_8_142":2.556883492002862,"1977_9_9_142":2.7225283474359125,"1977_9_9_70":2.722411730485795}