{"1970_9_10_137":1.4141855232412053,"1970_9_10_48":1.4141590318143242,"1970_9_14_29":204.58093202010966,"1970_9_23_145":333.8881761621686,"1970_9_25_145":743.3891023508281,"1970_9_2_70":180.91595372919204,"1970_9_32_145":47.70155315572969,"1970_9_3_137":61.34562032802299,"1970_9_3_142":61.345615103301675,"1970_9_3_48":61.34562285328478,"1970_9_4_48":123.84586342973938,"1970_9_6_137":20.54732018408301,"1970_9_6_142":20.547315128156455,"1970_9_6_48":20.547313302699852,"1970_9_7_48":3.625973951103461,"1970_9_8_142":38.26964359291761,"1970_9_9_142":40.74894192924704,"1970_9_9_70":40.74891775356551,"1971_9_10_137":14.845784403864105,"1971_9_10_48":14.845769808598275,"1971_9_14_29":2642.2687894872397,"1971_9_18_67":6.855529658834971,"1971_9_23_145":941.161990824706,"1971_9_25_145":3852.877232464598,"1971_9_32_145":207.37228390406412,"1971_9_3_137":643.990420362733,"1971_9_3_142":643.9904142648295,"1971_9_3_48":643.9904230550109,"1971_9_4_70":1300.101571180619,"1971_9_6_137":215.70043811018152,"1971_9_6_142":215.70043221911126,"1971_9_6_48":215.70044077279965,"1971_9_7_48":38.06478040565715,"1971_9_8_142":401.74477853473985,"1971_9_9_142":427.7718487786654,"1971_9_9_70":6.801193444133046,"1972_9_10_137":14.837068766532854,"1972_9_10_48":14.837058808048443,"1972_9_14_29":3660.735852879526,"1972_9_18_67":8.335050556383043,"1972_9_23_145":1000.7434745952099,"1972_9_25_145":3944.4746459517246,"1972_9_2_70":1898.094979807285,"1972_9_31_145":2.906867782870782,"1972_9_32_145":211.1708073412828,"1972_9_3_137":643.6123084494686,"1972_9_3_142":643.6123049522257,"1972_9_3_48":643.6123106277562,"1972_9_4_48":1299.338391220484,"1972_9_6_137":215.57380628168625,"1972_9_6_142":215.57380287168579,"1972_9_6_48":215.57380843330026,"1972_9_7_48":38.042433661300656,"1972_9_7_70":38.0424140124758,"1972_9_8_142":401.50893785110065,"1972_9_8_70":401.5089330465464,"1972_9_9_142":427.52068848789895,"1972_9_9_70":427.520687311209,"1973_9_14_29":85.19947494689248,"1973_9_23_145":29.37215615610141,"1973_9_25_145":132.8386589531157,"1973_9_32_145":6.871401244678387,"1973_9_3_137":25.095078187667028,"1973_9_3_142":25.095072665684178,"1973_9_3_48":25.095074626432975,"1973_9_4_70":50.662483642471926,"1973_9_6_137":8.405433258075652,"1973_9_6_142":8.405427904132395,"1973_9_6_48":8.405414280631987,"1973_9_7_48":1.4832853098895087,"1973_9_8_142":15.65522414635957,"1973_9_9_142":16.669446753787444,"1973_9_9_70":16.669403189963134,"1974_9_10_137":32.81727383938901,"1974_9_10_70":32.81727120449558,"1974_9_14_29":4396.563474624729,"1974_9_18_67":13.29574287302549,"1974_9_23_145":2289.6645690474165,"1974_9_25_145":5927.9107005184305,"1974_9_32_145":359.82718092382675,"1974_9_3_137":1423.5695919324328,"1974_9_3_142":1423.5695890777786,"1974_9_3_70":1423.569589789531,"1974_9_4_70":2873.9326382944687,"1974_9_6_137":476.81546262508067,"1974_9_6_142":476.8154598378175,"1974_9_6_70":476.8154606149708,"1974_9_7_48":84.1439054337177,"1974_9_8_142":888.0747673885153,"1974_9_9_142":945.6087660574801,"1975_9_10_137":5.717473353347961,"1975_9_10_48":5.717448587147379,"1975_9_14_29":570.5431189952473,"1975_9_18_67":1.9476708397348934,"1975_9_23_145":715.2339485308537,"1975_9_25_145":2509.0910862834903,"1975_9_32_145":162.26010064811885,"1975_9_3_137":248.01652393463792,"1975_9_3_142":248.01651683980205,"1975_9_3_48":248.01652672524926,"1975_9_4_70":500.70108023622174,"1975_9_6_137":83.07153792427876,"1975_9_6_142":83.07153113526084,"1975_9_6_48":83.07154066721525,"1975_9_7_48":14.65966820873939,"1975_9_8_142":154.7217803439386,"1975_9_9_142":164.7454479110652,"1976_9_10_137":2.960987842875304,"1976_9_10_48":2.96096242220821,"1976_9_14_29":991.4929574620503,"1976_9_18_67":1.946303904364766,"1976_9_23_145":352.29821072228265,"1976_9_25_145":1211.2318199716208,"1976_9_32_145":64.98999444633363,"1976_9_3_137":128.4438302891309,"1976_9_3_142":128.44382476668252,"1976_9_3_48":128.44383289539707,"1976_9_4_70":259.3051744788949,"1976_9_6_137":43.0214356900922,"1976_9_6_142":43.02143034603283,"1976_9_6_48":43.021437973453374,"1976_9_7_48":7.591997755990952,"1976_9_8_142":80.12796210256371,"1976_9_9_142":85.31905223599034,"1976_9_9_70":85.31900856583735,"1977_9_14_29":276.39917305895904,"1977_9_23_145":319.7046740555122,"1977_9_25_145":627.2780170593394,"1977_9_2_70":12.087430703458766,"1977_9_32_145":42.619987268463156,"1977_9_3_137":4.098650818140674,"1977_9_3_142":4.098646445444868,"1977_9_3_48":4.098629240565865,"1977_9_4_48":8.274426400223586,"1977_9_6_137":1.3728148024122795,"1977_9_6_142":1.3728105672360866,"1977_9_6_48":1.3727907950892648,"1977_9_8_142":2.5568806383794707,"1977_9_8_70":2.5568464610054695,"1977_9_9_142":2.722530631109982,"1977_9_9_70":2.722524221851208}