{"1970_9_10_137":1.4141856929088372,"1970_9_10_48":1.4141600191259798,"1970_9_14_29":204.580934135355,"1970_9_23_145":333.88817669849954,"1970_9_25_145":743.3891025290435,"1970_9_2_70":180.91605707806917,"1970_9_32_145":47.70155332943673,"1970_9_3_137":61.34562048630994,"1970_9_3_142":61.34561574855977,"1970_9_3_48":61.345622927377924,"1970_9_4_48":123.84586357624138,"1970_9_6_137":20.54732033885626,"1970_9_6_142":20.547315747068232,"1970_9_6_48":20.54731420016855,"1970_9_7_48":3.625974806020702,"1970_9_8_142":38.269639485583056,"1970_9_8_70":38.269518380192466,"1970_9_9_142":40.748942687403044,"1970_9_9_70":40.74893159562435,"1971_9_10_137":14.84578459256489,"1971_9_10_48":14.845770861743567,"1971_9_14_29":2642.268791861043,"1971_9_18_67":6.855529678210872,"1971_9_23_145":941.1619910888032,"1971_9_25_145":3852.8772325663635,"1971_9_32_145":207.37228400275063,"1971_9_3_137":643.9904205382552,"1971_9_3_142":643.9904150513653,"1971_9_3_48":643.9904231456887,"1971_9_4_48":219.39779948880866,"1971_9_4_70":1300.101570212533,"1971_9_6_137":215.70043828175622,"1971_9_6_142":215.70043297143621,"1971_9_6_48":215.70044085870487,"1971_9_7_48":38.064780528997076,"1971_9_8_142":401.74477900651374,"1971_9_9_142":427.77184502204017,"1971_9_9_70":427.7718047037542,"1972_9_10_137":14.837068893088494,"1972_9_10_48":14.837059629248383,"1972_9_14_29":3660.7358541555677,"1972_9_18_67":8.335050565114017,"1972_9_23_145":1000.743474784812,"1972_9_25_145":3944.4746460386755,"1972_9_2_70":1898.0949816360287,"1972_9_31_145":2.906868193395453,"1972_9_32_145":211.1708074147548,"1972_9_3_137":643.6123074666283,"1972_9_3_142":643.6123009979838,"1972_9_3_48":643.612310201772,"1972_9_3_70":643.6122371779435,"1972_9_4_48":1299.3383912813235,"1972_9_6_137":215.57380531904306,"1972_9_6_142":215.5737990676347,"1972_9_6_48":215.57380802644664,"1972_9_6_70":215.57375821647298,"1972_9_7_48":38.0424338293444,"1972_9_7_70":38.0424205490209,"1972_9_8_142":401.5089384136709,"1972_9_8_70":401.5089358212809,"1972_9_9_142":427.520688931745,"1972_9_9_70":427.52068855562834,"1973_9_14_29":85.19947720073985,"1973_9_23_145":29.372156793210298,"1973_9_25_145":132.838659408865,"1973_9_2_70":74.00853844950416,"1973_9_32_145":6.8714014265642005,"1973_9_3_137":25.095078351992942,"1973_9_3_142":25.095073358105484,"1973_9_3_48":25.095075481654852,"1973_9_4_48":50.66248630384824,"1973_9_6_137":8.405433419010063,"1973_9_6_142":8.405428569770553,"1973_9_6_48":8.405415235686263,"1973_9_7_48":1.4832861825720476,"1973_9_8_142":15.655224572755522,"1973_9_9_142":16.66944757184041,"1973_9_9_70":16.669431138438625,"1974_9_10_137":32.81727394764013,"1974_9_10_70":32.8172718042382,"1974_9_14_29":4396.563478127896,"1974_9_18_67":13.29574290382639,"1974_9_23_145":2289.6645692044576,"1974_9_25_145":5927.910700617499,"1974_9_32_145":359.82718098703157,"1974_9_3_137":1423.569592034547,"1974_9_3_142":1423.5695893835648,"1974_9_3_70":1423.5695902763696,"1974_9_4_70":2873.9326394724467,"1974_9_6_137":476.8154627253379,"1974_9_6_142":476.8154601349599,"1974_9_6_70":476.81546107242633,"1974_9_7_48":84.14390555855817,"1974_9_8_142":888.07476816244,"1974_9_9_142":945.6087666465147,"1975_9_10_137":5.717473562189044,"1975_9_10_48":5.717449727407797,"1975_9_14_29":570.543121661808,"1975_9_18_67":1.9476708626281074,"1975_9_23_145":715.2339488386934,"1975_9_25_145":2509.0910863858608,"1975_9_32_145":162.26010076031127,"1975_9_3_137":248.01652412813695,"1975_9_3_142":248.01651779755008,"1975_9_3_48":248.01652684535688,"1975_9_4_70":500.70108082976685,"1975_9_6_137":83.07153811243882,"1975_9_6_142":83.0715320393889,"1975_9_6_48":83.07154078191458,"1975_9_7_48":14.659669153271388,"1975_9_8_142":154.72178089395237,"1975_9_9_142":164.74544834601667,"1976_9_10_137":2.9609880192000197,"1976_9_10_48":2.9609634337777333,"1976_9_14_29":991.4929596015096,"1976_9_18_67":1.9463039217932205,"1976_9_23_145":352.2982112546627,"1976_9_25_145":1211.2318201038158,"1976_9_2_70":378.7972142137092,"1976_9_32_145":64.98999461709133,"1976_9_3_137":128.4438304534663,"1976_9_3_142":128.44382545917918,"1976_9_3_48":128.44383297287402,"1976_9_4_48":259.30517730386606,"1976_9_6_137":43.0214358508259,"1976_9_6_142":43.021431010108174,"1976_9_6_48":43.02143807925,"1976_9_7_48":7.591998627434543,"1976_9_8_142":80.1279625290892,"1976_9_9_142":85.31905305427283,"1976_9_9_70":85.31903659707359,"1977_9_14_29":276.39917489093574,"1977_9_23_145":319.70467457716177,"1977_9_25_145":627.2780172530884,"1977_9_2_70":12.087437885428148,"1977_9_32_145":42.61998743794415,"1977_9_3_137":4.098650958014593,"1977_9_3_142":4.098646960998562,"1977_9_3_48":4.098630121229552,"1977_9_4_48":8.274427421488845,"1977_9_6_137":1.3728149391359903,"1977_9_6_142":1.3728110626349985,"1977_9_6_48":1.3727916645150517,"1977_9_8_142":2.5568814223582206,"1977_9_8_70":2.556868230375799,"1977_9_9_142":2.7225312268938646,"1977_9_9_70":2.722527737693185}