{"1970_9_10_137":1.4141857118773613,"1970_9_10_48":1.4141601311899146,"1970_9_14_29":204.58093436771603,"1970_9_23_145":333.88817675925236,"1970_9_25_145":743.389102549112,"1970_9_2_70":180.91606001984005,"1970_9_32_145":47.70155334926792,"1970_9_3_137":61.34562050402514,"1970_9_3_142":61.345615818444195,"1970_9_3_48":61.34562293518182,"1970_9_4_48":123.84586359113202,"1970_9_6_137":20.547320356184137,"1970_9_6_142":20.54731581419142,"1970_9_6_48":20.547314301760323,"1970_9_7_48":3.625974903435894,"1970_9_8_142":38.26963959562259,"1970_9_8_70":38.26954904712683,"1970_9_9_142":40.74894276905576,"1970_9_9_70":40.74893251344871,"1971_9_10_137":14.845784613624144,"1971_9_10_48":14.84577098076972,"1971_9_14_29":2642.268792121007,"1971_9_18_67":6.855529680271675,"1971_9_23_145":941.1619911184645,"1971_9_25_145":3852.8772325779805,"1971_9_2_70":378.1372245753967,"1971_9_32_145":207.37228401386218,"1971_9_3_137":643.9904205578673,"1971_9_3_142":643.9904151359605,"1971_9_3_48":643.9904231551681,"1971_9_4_48":1300.1015743038909,"1971_9_6_137":215.70043830093428,"1971_9_6_142":215.70043305248348,"1971_9_6_48":215.70044086770935,"1971_9_7_48":38.064780541915965,"1971_9_8_142":401.7447790581031,"1971_9_9_142":427.7718451224071,"1971_9_9_70":427.7718100041,"1972_9_10_137":14.837068907293377,"1972_9_10_48":14.837059722732901,"1972_9_14_29":3660.7358542973475,"1972_9_18_67":8.335050566064279,"1972_9_23_145":1000.7434748061747,"1972_9_25_145":3944.474646048605,"1972_9_2_70":1898.0949818084196,"1972_9_31_145":2.9068682402664687,"1972_9_32_145":211.1708074230315,"1972_9_3_137":643.612307488522,"1972_9_3_142":643.6123011031968,"1972_9_3_48":643.6123102145694,"1972_9_3_70":643.6122480584,"1972_9_4_48":1299.3383912878032,"1972_9_6_137":215.57380534044998,"1972_9_6_142":215.57379916815657,"1972_9_6_48":215.57380803854034,"1972_9_6_70":215.57376362429122,"1972_9_7_48":38.04243384671664,"1972_9_7_70":38.04242106306967,"1972_9_8_142":401.5089384748691,"1972_9_8_70":401.50893607069736,"1972_9_9_142":427.5206889803627,"1972_9_9_70":427.5206886772468,"1973_9_14_29":85.19947744791426,"1973_9_23_145":29.372156865854233,"1973_9_25_145":132.83865946081852,"1973_9_2_70":74.0085459898192,"1973_9_32_145":6.871401447348974,"1973_9_3_137":25.09507837037336,"1973_9_3_142":25.09507343291847,"1973_9_3_48":25.09507557700658,"1973_9_4_48":50.66248632392035,"1973_9_6_137":8.405433437016969,"1973_9_6_142":8.405428641786951,"1973_9_6_48":8.405415344204194,"1973_9_7_48":1.483286281994463,"1973_9_8_142":15.655224619327507,"1973_9_9_142":16.66944765969716,"1973_9_9_70":16.669432623355114,"1974_9_10_137":32.81727395981855,"1974_9_10_70":32.81727186598768,"1974_9_14_29":4396.563478507014,"1974_9_18_67":13.295742907017674,"1974_9_23_145":2289.6645692222655,"1974_9_25_145":5927.910700628816,"1974_9_32_145":359.8271809941756,"1974_9_3_137":1423.5695920460432,"1974_9_3_142":1423.56958941737,"1974_9_3_70":1423.5695903270855,"1974_9_4_70":2873.932639588104,"1974_9_6_137":476.815460898989,"1974_9_6_142":476.8154526468629,"1974_9_6_48":476.8154637603163,"1974_9_7_48":84.14390557137445,"1974_9_8_142":888.0747682457284,"1974_9_9_142":945.6087667104993,"1975_9_10_137":5.7174735854546785,"1975_9_10_48":5.717449855657979,"1975_9_14_29":570.5431219528729,"1975_9_18_67":1.9476708650532364,"1975_9_23_145":715.2339488732416,"1975_9_25_145":2509.09108639753,"1975_9_32_145":162.2601007729582,"1975_9_3_137":248.01652414972241,"1975_9_3_142":248.01651789977353,"1975_9_3_48":248.0165268577181,"1975_9_4_70":500.7010808909157,"1975_9_6_137":83.07153813343875,"1975_9_6_142":83.07153213611373,"1975_9_6_48":83.07154079374874,"1975_9_7_48":14.659669260546897,"1975_9_8_142":154.72178095382637,"1975_9_9_142":164.7454483936854,"1976_9_10_137":2.9609880389003402,"1976_9_10_48":2.9609635484682015,"1976_9_14_29":991.4929598364614,"1976_9_18_67":1.9463039236604558,"1976_9_23_145":352.29821131492344,"1976_9_25_145":1211.2318201187825,"1976_9_2_70":378.7972219126257,"1976_9_32_145":64.98999463656351,"1976_9_3_137":128.44383047184775,"1976_9_3_142":128.443825534,"1976_9_3_48":128.44383298103554,"1976_9_4_48":259.3051773205085,"1976_9_6_137":43.021435868810705,"1976_9_6_142":43.02143108196119,"1976_9_6_48":43.02143809032225,"1976_9_7_48":7.591998726691641,"1976_9_8_142":80.12796257583159,"1976_9_9_142":85.3190531421527,"1976_9_9_70":85.31903808476545,"1977_9_14_29":276.39917509289904,"1977_9_23_145":319.70467463627244,"1977_9_25_145":627.2780172748832,"1977_9_2_70":12.087438439998076,"1977_9_32_145":42.6199874572968,"1977_9_3_137":4.098650973697517,"1977_9_3_142":4.098647017230388,"1977_9_3_48":4.0986302215244175,"1977_9_4_48":8.27442753720554,"1977_9_6_137":1.3728149544743573,"1977_9_6_142":1.3728111167038366,"1977_9_6_48":1.3727917635819256,"1977_9_8_142":2.5568815066926565,"1977_9_8_70":2.5568693835668155,"1977_9_9_142":2.7225312915888065,"1977_9_9_70":2.7225280438844623}