{"1970_9_25_145":619.910161586357,"1970_9_32_145":47.701439766889436,"1971_9_32_145":207.37216965235544,"1972_9_25_145":3944.474073507491,"1972_9_31_145":2.906087157093557,"1972_9_32_145":211.17071229004463,"1972_9_3_137":643.6113457570954,"1972_9_6_137":215.57319394931645,"1973_9_32_145":6.871284704830577,"1974_9_32_145":359.82707155947924,"1975_9_25_145":2509.086694656567,"1975_9_32_145":162.25999116440858,"1976_9_32_145":64.989880011255,"1977_9_25_145":627.2753632968959,"1977_9_32_145":42.61987762356019}