{"1970_9_25_145":743.387280153576,"1970_9_32_145":47.70149584053822,"1971_9_25_145":283.5472179919665,"1971_9_32_145":207.3722273948769,"1972_9_25_145":3944.4744185828613,"1972_9_31_145":2.9065203432462177,"1972_9_32_145":211.17076077031933,"1972_9_3_137":643.6120898144775,"1972_9_6_137":215.57363118881761,"1973_9_25_145":132.65222833216853,"1973_9_32_145":6.87134229151645,"1974_9_25_145":5927.809286464367,"1974_9_32_145":359.82712888152173,"1975_9_25_145":2509.0900804178063,"1975_9_32_145":162.26004607518047,"1976_9_25_145":1211.2289107625131,"1976_9_32_145":64.9899366501842,"1977_9_25_145":627.2772065920224,"1977_9_32_145":42.61993183581536}