{"1970_9_25_145":743.3888666238214,"1970_9_32_145":47.70150997613448,"1970_9_3_137":61.3454489453623,"1970_9_6_137":20.547181283988895,"1971_9_25_145":3852.8770198679467,"1971_9_32_145":207.37224199334187,"1971_9_3_137":272.84278779984976,"1971_9_6_137":215.69962044542314,"1972_9_10_137":14.836885544770228,"1972_9_23_145":1000.7400092428151,"1972_9_25_145":3944.474563981662,"1972_9_31_145":2.906709061489134,"1972_9_32_145":211.1707727747055,"1972_9_3_137":643.6122701522204,"1972_9_6_137":215.57377016259485,"1973_9_25_145":132.83837890847474,"1973_9_32_145":6.871356856566407,"1973_9_3_137":25.09480327952913,"1973_9_6_137":8.40522702940034,"1974_9_25_145":5927.910513894218,"1974_9_32_145":359.827143306917,"1975_9_25_145":2509.0909094575168,"1975_9_32_145":162.2600598742859,"1976_9_25_145":1211.23158223932,"1976_9_32_145":64.98995094639277,"1976_9_3_137":128.4435551354108,"1976_9_6_137":43.02123255903057,"1977_9_25_145":627.2778126948541,"1977_9_32_145":42.61994544660839,"1977_9_3_137":4.098578429143598,"1977_9_6_137":1.3727498934034348}