{"1970_9_10_137":1.4140193897481639,"1970_9_23_145":333.88559227839806,"1970_9_25_145":743.3890235803794,"1970_9_32_145":47.70153185097765,"1970_9_3_137":61.34559546011155,"1970_9_6_137":20.547296994480494,"1971_9_25_145":3852.877182561227,"1971_9_32_145":207.3722643193404,"1971_9_3_137":643.9903844572389,"1971_9_6_137":215.70040524808883,"1972_9_10_137":14.83704289744652,"1972_9_23_145":1000.7433056265908,"1972_9_25_145":3944.474620110024,"1972_9_31_145":2.906800583852747,"1972_9_32_145":211.1707915121392,"1972_9_3_137":643.612296557797,"1972_9_6_137":215.57379485966098,"1973_9_25_145":132.8385638838832,"1973_9_32_145":6.871379311709906,"1973_9_3_137":25.095050051246197,"1973_9_6_137":8.405407021781153,"1974_9_25_145":5927.910656245814,"1974_9_32_145":359.8271649510238,"1974_9_3_137":517.1023855707544,"1974_9_6_137":476.8149402868548,"1975_9_23_145":715.2330499490379,"1975_9_25_145":2509.0910384487834,"1975_9_32_145":162.26008120132326,"1975_9_3_137":248.01646723561936,"1975_9_6_137":83.07148898314058,"1976_9_10_137":2.9606064867770057,"1976_9_23_145":352.2625251579223,"1976_9_25_145":1211.2317481779105,"1976_9_32_145":64.98997302862308,"1976_9_3_137":128.4438021472211,"1976_9_6_137":43.02140956091747,"1977_9_23_145":319.70404787514525,"1977_9_25_145":627.2779434514481,"1977_9_32_145":42.619966615622815,"1977_9_3_137":4.098633375347745,"1977_9_6_137":1.372798352940951}