{"1970_9_10_137":1.4141625285012929,"1970_9_23_145":333.8880068188927,"1970_9_25_145":743.3890196559922,"1970_9_32_145":47.70152178473651,"1970_9_3_137":61.345606662267706,"1970_9_6_137":20.547306930029485,"1971_9_10_137":14.845756356964836,"1971_9_23_145":941.1618195721892,"1971_9_25_145":3852.877192963965,"1971_9_32_145":207.37225415135438,"1971_9_3_137":643.9904045696275,"1971_9_6_137":215.70042282079052,"1972_9_10_137":14.837054471244663,"1972_9_23_145":1000.743366333345,"1972_9_25_145":3944.474619679701,"1972_9_31_145":2.9067866317494784,"1972_9_32_145":211.170782746576,"1972_9_3_137":643.6122966895695,"1972_9_3_142":450.4257200549509,"1972_9_6_137":215.57379356917477,"1972_9_6_142":215.57281144121433,"1973_9_23_145":29.371973461577532,"1973_9_25_145":132.83856111742432,"1973_9_32_145":6.871369025540333,"1973_9_3_137":25.095063797315323,"1973_9_6_137":8.405419277116192,"1974_9_10_137":32.81721239705026,"1974_9_23_145":2289.6644277878363,"1974_9_25_145":5927.9106669932635,"1974_9_32_145":359.8271552178722,"1974_9_3_137":1423.5695645275105,"1974_9_6_137":476.81543634799436,"1975_9_10_137":5.7174387797738815,"1975_9_23_145":715.233794326798,"1975_9_25_145":2509.0910410158144,"1975_9_32_145":162.2600713795216,"1975_9_3_137":248.0165057123794,"1975_9_6_137":83.07152044765746,"1976_9_10_137":2.9609631858699403,"1976_9_23_145":352.29803693034,"1976_9_25_145":1211.23174761676,"1976_9_32_145":64.98996288764938,"1976_9_3_137":128.44381589766508,"1976_9_6_137":43.02142173337779,"1977_9_23_145":319.70451836324924,"1977_9_25_145":627.2779358014566,"1977_9_32_145":42.6199568162265,"1977_9_3_137":4.098639234062196,"1977_9_6_137":1.3728035549846962}