{"1970_9_10_137":1.4141806833318764,"1970_9_23_145":333.8881200770459,"1970_9_25_145":743.3890740332864,"1970_9_32_145":47.701539106872815,"1970_9_3_137":61.3456158466008,"1970_9_3_142":61.34558570458763,"1970_9_6_137":20.547315811888947,"1970_9_6_142":20.547287838650117,"1971_9_10_137":14.845778950531994,"1971_9_23_145":941.1619436791493,"1971_9_25_145":3852.877221734891,"1971_9_32_145":207.37227167385745,"1971_9_3_137":643.9904153364696,"1971_9_3_142":643.9903707906668,"1971_9_6_137":215.70043321005429,"1971_9_6_142":215.7003926554623,"1972_9_10_137":14.837065250176767,"1972_9_23_145":1000.743441852393,"1972_9_25_145":3944.4746378586924,"1972_9_31_145":2.90683346446611,"1972_9_32_145":211.17079755333248,"1972_9_3_137":643.6123051568198,"1972_9_3_142":643.612291513445,"1972_9_6_137":215.57380305384592,"1972_9_6_142":215.57378999090747,"1973_9_23_145":29.37209655284858,"1973_9_25_145":132.83861914418264,"1973_9_32_145":6.871386781398877,"1973_9_3_137":25.09507351705557,"1973_9_3_142":25.095039132301885,"1973_9_6_137":8.405428693892109,"1973_9_6_142":8.405396777587548,"1974_9_10_137":32.81726378043086,"1974_9_23_145":2289.664541681525,"1974_9_25_145":5927.910690673686,"1974_9_32_145":359.8271718508614,"1974_9_3_137":1423.5695828216712,"1974_9_3_142":1400.9792615590766,"1974_9_6_137":476.8154537185668,"1974_9_6_142":476.8147585988133,"1975_9_10_137":5.717467228851666,"1975_9_23_145":715.2339007179725,"1975_9_25_145":2509.0910747058383,"1975_9_32_145":162.2600882203018,"1975_9_3_137":248.01651832351038,"1975_9_3_142":248.01644627928223,"1975_9_6_137":83.0715324886824,"1975_9_6_142":83.07147073947658,"1976_9_10_137":2.9609827906778357,"1976_9_23_145":352.2981540119157,"1976_9_25_145":1211.2317994237833,"1976_9_32_145":64.98998035778028,"1976_9_3_137":128.44382561822573,"1976_9_3_142":128.44379122636587,"1976_9_6_137":43.02143113224042,"1976_9_6_142":43.02139935578842,"1977_9_23_145":319.70462046210184,"1977_9_25_145":627.277987813711,"1977_9_32_145":42.61997361587439,"1977_9_3_137":4.098646902420856,"1977_9_3_142":4.098626288059775,"1977_9_6_137":1.372810981479732,"1977_9_6_142":1.372791619138432}