{"1970_9_10_137":1.4141855784374762,"1970_9_14_29":204.57342039558554,"1970_9_23_145":333.88815886595916,"1970_9_25_145":743.3890953240016,"1970_9_32_145":47.70154832779847,"1970_9_3_137":61.34562037954298,"1970_9_3_142":61.345615317533316,"1970_9_6_137":20.54732023444829,"1970_9_6_142":20.547315333468262,"1970_9_8_142":38.25019382412492,"1970_9_9_142":40.748873951822176,"1971_9_10_137":14.845784465386302,"1971_9_23_145":941.1619796008089,"1971_9_25_145":3852.8772294812643,"1971_9_32_145":207.37228034367723,"1971_9_3_137":643.9904204199161,"1971_9_3_142":643.9904145270472,"1971_9_6_137":215.70043816606656,"1971_9_6_142":215.70043246968072,"1971_9_9_142":427.77158771461654,"1972_9_10_137":14.837068807645846,"1972_9_14_29":3660.7357324491268,"1972_9_23_145":1000.7434669668526,"1972_9_25_145":3944.474643490356,"1972_9_31_145":2.9068561838719797,"1972_9_32_145":211.17080463389976,"1972_9_3_137":643.6123076997497,"1972_9_3_142":643.612302072361,"1972_9_3_70":486.7108570223966,"1972_9_6_137":215.57380518973852,"1972_9_6_142":215.5737984415752,"1972_9_6_70":215.57364428905106,"1972_9_7_70":38.042416625960975,"1972_9_8_142":401.5089101866839,"1972_9_9_142":427.5206718709902,"1973_9_23_145":29.372137237503285,"1973_9_25_145":132.83864573344775,"1973_9_32_145":6.87139624818462,"1973_9_3_137":25.095078241171358,"1973_9_3_142":25.09507289590631,"1973_9_6_137":8.405433310458577,"1973_9_6_142":8.405428125241023,"1973_9_9_142":16.669351500659417,"1974_9_10_137":32.81727174495549,"1974_9_23_145":2289.6645629977415,"1974_9_25_145":5927.910697725678,"1974_9_32_145":359.82717864094656,"1974_9_3_137":1423.5695899815769,"1974_9_3_142":1423.5695804101686,"1974_9_6_137":476.81546071705577,"1974_9_6_142":476.8154515541983,"1975_9_10_137":5.71747342149637,"1975_9_23_145":715.2339359967934,"1975_9_25_145":2509.091083131834,"1975_9_32_145":162.26009681720143,"1975_9_3_137":248.01652399774048,"1975_9_3_142":248.01651716057606,"1975_9_6_137":83.07153798562416,"1975_9_6_142":83.07153143766214,"1976_9_10_137":2.9609879002967294,"1976_9_14_29":991.3599961658114,"1976_9_23_145":352.2981933507495,"1976_9_25_145":1211.231815144903,"1976_9_32_145":64.9899896334661,"1976_9_3_137":128.44383034263635,"1976_9_3_142":128.44382499692156,"1976_9_6_137":43.02143574241671,"1976_9_6_142":43.02143056664304,"1976_9_9_142":85.31895685471989,"1977_9_14_29":276.3986500705809,"1977_9_23_145":319.704657376673,"1977_9_25_145":627.2780094477038,"1977_9_32_145":42.61998257086591,"1977_9_3_137":4.098650863602359,"1977_9_3_142":4.098646615831584,"1977_9_6_137":1.3728148468065489,"1977_9_6_142":1.3728107307607387,"1977_9_8_142":2.556802488606969,"1977_9_9_142":2.722498726592217}