{"1970_9_10_137":1.4141851388044344,"1970_9_14_29":204.5806611571631,"1970_9_23_145":333.8881520389507,"1970_9_25_145":743.3890917372375,"1970_9_32_145":47.70154613108706,"1970_9_3_137":61.345619949782865,"1970_9_3_142":61.34561504824508,"1970_9_6_137":20.54731980796926,"1970_9_6_142":20.54731503985684,"1970_9_7_70":3.6259624252807257,"1970_9_8_142":38.269590764726246,"1970_9_9_142":40.74891509686416,"1971_9_10_137":14.845784012499701,"1971_9_14_29":2642.2683865735844,"1971_9_23_145":941.1619745665951,"1971_9_25_145":3852.87722814946,"1971_9_32_145":207.37227844400212,"1971_9_3_137":643.9904199759276,"1971_9_3_142":643.990414401967,"1971_9_6_137":215.7004377250658,"1971_9_6_142":215.70043230775272,"1971_9_7_70":38.06459756675607,"1971_9_8_142":401.74468323106527,"1971_9_9_142":427.77180479353916,"1972_9_10_137":14.83706710658546,"1972_9_10_70":14.837046390916893,"1972_9_14_29":3660.7357644941394,"1972_9_18_67":8.335048729492616,"1972_9_23_145":1000.7434633246905,"1972_9_25_145":3944.4746423522793,"1972_9_31_145":2.9068512665710045,"1972_9_32_145":211.1708031363685,"1972_9_3_137":643.6123068770419,"1972_9_3_142":643.6123004515666,"1972_9_3_70":643.6122931775936,"1972_9_4_70":617.9982212449246,"1972_9_6_137":215.57380473495314,"1972_9_6_142":215.5737984951461,"1972_9_6_70":215.57379245873625,"1972_9_7_70":38.042425135312605,"1972_9_8_142":401.5089208021293,"1972_9_9_142":427.52067610565683,"1973_9_14_29":85.19914225568469,"1973_9_23_145":29.372130052826936,"1973_9_25_145":132.83864022081377,"1973_9_32_145":6.871393990576085,"1973_9_3_137":25.095077806066232,"1973_9_3_142":25.095072672290247,"1973_9_6_137":8.40543287828597,"1973_9_6_142":8.405427875293896,"1973_9_7_70":1.4832604283351936,"1973_9_8_142":15.655160569352622,"1973_9_9_142":16.66941624358077,"1974_9_10_137":32.81727126778624,"1974_9_23_145":2289.6645608459476,"1974_9_25_145":5927.910696456058,"1974_9_32_145":359.82717739051503,"1974_9_3_137":1423.5695895080808,"1974_9_3_142":1423.5695812336146,"1974_9_6_137":476.81546024514256,"1974_9_6_142":476.8154522510862,"1974_9_9_142":945.6077830168606,"1975_9_10_137":5.717472957944355,"1975_9_14_29":570.5424141179736,"1975_9_23_145":715.2339303492611,"1975_9_25_145":2509.091081718238,"1975_9_32_145":162.26009486300336,"1975_9_3_137":248.0165235420117,"1975_9_3_142":248.0165172343565,"1975_9_6_137":83.07153753307674,"1975_9_6_142":83.0715314468614,"1975_9_8_142":154.72150773327547,"1975_9_9_142":164.74537967704225,"1976_9_10_137":2.9609874556709026,"1976_9_14_29":991.4926769645652,"1976_9_23_145":352.2981864959475,"1976_9_25_145":1211.23181287924,"1976_9_32_145":64.98998742980153,"1976_9_3_137":128.4438299075278,"1976_9_3_142":128.44382477339695,"1976_9_6_137":43.021435310442904,"1976_9_6_142":43.02143031524873,"1976_9_7_70":7.591967287580322,"1976_9_8_142":80.12789848109725,"1976_9_9_142":85.31902171166476,"1977_9_14_29":276.3989893932106,"1977_9_23_145":319.70465071529827,"1977_9_25_145":627.2780055533159,"1977_9_32_145":42.61998043360899,"1977_9_3_137":4.098649006066832,"1977_9_3_142":4.098640648751933,"1977_9_3_70":4.098589436755436,"1977_9_6_137":1.3728130260615845,"1977_9_6_142":1.3728049808726752,"1977_9_6_70":1.3727697693767074,"1977_9_8_142":2.5568522620708296,"1977_9_9_142":2.722512123359251}