{"1970_9_10_137":1.4141785913982048,"1970_9_10_70":1.4138912837050315,"1970_9_14_29":204.58058451170083,"1970_9_23_145":333.88811009374905,"1970_9_25_145":743.3890636436718,"1970_9_32_145":47.701533755605666,"1970_9_3_137":61.345613748298625,"1970_9_3_142":61.34559706341054,"1970_9_3_70":61.34552899866968,"1970_9_6_137":20.54731371483083,"1970_9_6_142":20.547297603629378,"1970_9_6_70":20.547246425858106,"1970_9_7_70":3.625965827758317,"1970_9_8_142":38.269576698265155,"1970_9_9_142":40.74889906084413,"1971_9_10_137":14.845780380830904,"1971_9_14_29":2642.2683513497263,"1971_9_23_145":941.1619349961288,"1971_9_25_145":3852.877218242442,"1971_9_32_145":207.37226629546066,"1971_9_3_137":643.9904162207021,"1971_9_3_142":643.9904059661415,"1971_9_3_70":76.903681629276,"1971_9_6_137":215.70043111987624,"1971_9_6_142":215.7004121498786,"1971_9_6_70":215.69999676624388,"1971_9_7_70":38.064729793005235,"1971_9_8_142":401.74468561190054,"1971_9_9_142":427.7717891976038,"1972_9_10_137":14.83706321715151,"1972_9_10_70":14.83704443969199,"1972_9_14_29":3660.7356951387624,"1972_9_18_67":8.335048733976098,"1972_9_23_145":1000.7434316965238,"1972_9_25_145":3944.4746345601457,"1972_9_31_145":2.9068229872717097,"1972_9_32_145":211.1707929252921,"1972_9_3_137":643.6123031582397,"1972_9_3_142":643.6122922447774,"1972_9_3_70":643.6122889285426,"1972_9_4_70":1299.3383314111825,"1972_9_6_137":215.5738010667582,"1972_9_6_142":215.57379043895574,"1972_9_6_70":215.5737879235687,"1972_9_7_70":38.04242037578974,"1972_9_8_142":401.50890659215224,"1972_9_9_142":427.52066376898676,"1973_9_14_29":85.19908162807741,"1973_9_23_145":29.37208672012566,"1973_9_25_145":132.83860807119424,"1973_9_32_145":6.871381314273101,"1973_9_3_137":25.095071419955907,"1973_9_3_142":25.09505371967295,"1973_9_3_70":25.094930813919422,"1973_9_6_137":8.405426595602876,"1973_9_6_142":8.4054094700251,"1973_9_6_70":8.405323063104493,"1973_9_7_70":1.4832743896663787,"1973_9_8_142":15.65514942004788,"1973_9_9_142":16.66940006785741,"1974_9_10_137":32.81726690751987,"1974_9_14_29":4396.561995866855,"1974_9_23_145":2289.664536505142,"1974_9_25_145":5927.910688184764,"1974_9_32_145":359.8271667961272,"1974_9_3_137":1423.5695853466887,"1974_9_3_142":1423.5695716580542,"1974_9_6_137":476.81545614458713,"1974_9_6_142":476.81544286903335,"1974_9_8_142":888.0736595029695,"1974_9_9_142":945.6085930076054,"1975_9_10_137":5.717469099970491,"1975_9_14_29":570.54254474307,"1975_9_23_145":715.2338909271821,"1975_9_25_145":2509.0910695410707,"1975_9_32_145":162.2600830127409,"1975_9_3_137":248.0165198551715,"1975_9_3_142":248.0165091228244,"1975_9_6_137":83.07153390774074,"1975_9_6_142":83.07152351724052,"1975_9_7_70":14.659580577166524,"1975_9_8_142":154.72164166554916,"1975_9_9_142":164.74537009712665,"1976_9_10_137":2.960983968835647,"1976_9_14_29":991.4926023624918,"1976_9_23_145":352.2981441963565,"1976_9_25_145":1211.2317901549914,"1976_9_32_145":64.98997496766471,"1976_9_3_137":128.44382352112623,"1976_9_3_142":128.4438058192228,"1976_9_3_70":128.44368278694907,"1976_9_6_137":43.021429033917535,"1976_9_6_142":43.02141194216222,"1976_9_6_70":43.02132717806487,"1976_9_7_70":7.5919809316511735,"1976_9_8_142":80.12788734659003,"1976_9_9_142":85.31900553623224,"1977_9_14_29":276.39890356406005,"1977_9_23_145":319.7046100489581,"1977_9_25_145":627.2779773744447,"1977_9_32_145":42.61996840514159,"1977_9_3_137":4.098644826887798,"1977_9_3_142":4.098631016189782,"1977_9_3_70":4.09861298313227,"1977_9_6_137":1.3728089138230288,"1977_9_6_142":1.3727955616123975,"1977_9_6_70":1.3727809929793735,"1977_9_8_142":2.5568361348890707,"1977_9_9_142":2.722497479851954}