{"1970_9_32_145":47.701462100028216,"1971_9_32_145":207.37219261380648,"1972_9_25_145":3944.4740699465433,"1972_9_31_145":2.9060334435868387,"1972_9_32_145":211.1707317523631,"1973_9_32_145":6.871307603539159,"1974_9_32_145":359.8270943862502,"1975_9_32_145":162.26001306470627,"1976_9_32_145":64.9899025558016,"1977_9_25_145":326.8696760525363,"1977_9_32_145":42.619899257212786}