{"1970_9_10_137":1.4141781089031036,"1970_9_10_70":1.413244326581135,"1970_9_14_29":204.58054505747248,"1970_9_23_145":333.88810598917917,"1970_9_25_145":743.3890608271112,"1970_9_32_145":47.701532581690145,"1970_9_3_137":61.3456132208295,"1970_9_3_142":61.34559531360467,"1970_9_3_70":61.34549709395703,"1970_9_6_137":20.54731319470501,"1970_9_6_142":20.547295852438282,"1970_9_6_70":20.547223694704797,"1970_9_7_70":3.6259599165600287,"1970_9_8_142":38.26956896778494,"1970_9_9_142":40.74889453121273,"1971_9_10_137":14.845779979596717,"1971_9_14_29":2642.2682992493937,"1971_9_18_67":6.855526440326736,"1971_9_23_145":941.1619309874906,"1971_9_25_145":3852.8772172962936,"1971_9_32_145":207.37226512837145,"1971_9_3_137":643.9904161181099,"1971_9_3_142":643.9904059134726,"1971_9_6_137":215.70043237605287,"1971_9_6_142":215.7004183655972,"1971_9_6_70":118.71508943973345,"1971_9_7_70":38.0647204414262,"1971_9_8_142":401.7446737419005,"1971_9_9_142":427.7717830741658,"1972_9_10_137":14.837062781935888,"1972_9_10_70":14.837041253746705,"1972_9_14_29":3660.735682554508,"1972_9_18_67":8.33504968107067,"1972_9_23_145":1000.743428452076,"1972_9_25_145":3944.4746338251953,"1972_9_31_145":2.906816726683957,"1972_9_32_145":211.17079193606494,"1972_9_3_137":643.6123027444307,"1972_9_3_142":643.6122911148067,"1972_9_3_70":643.6122866845742,"1972_9_4_70":1299.3383192583517,"1972_9_6_137":215.5738006603381,"1972_9_6_142":215.5737893410689,"1972_9_6_70":215.5737858753643,"1972_9_7_70":38.04241920037244,"1972_9_8_142":401.5089037322327,"1972_9_9_142":427.5206616305727,"1973_9_14_29":85.19902302418465,"1973_9_23_145":29.372081905948114,"1973_9_25_145":132.83860496972898,"1973_9_32_145":6.871379863353238,"1973_9_3_137":25.095070872855214,"1973_9_3_142":25.09505180119664,"1973_9_3_70":25.094830543826266,"1973_9_6_137":8.40542603577828,"1973_9_6_142":8.405407236577158,"1973_9_6_70":8.40526668976901,"1973_9_7_70":1.4832661167648242,"1973_9_8_142":15.655138094144784,"1973_9_9_142":16.669394106125466,"1974_9_10_137":32.817266413744726,"1974_9_14_29":4396.5615616012,"1974_9_23_145":2289.6645338805397,"1974_9_25_145":5927.910687401075,"1974_9_32_145":359.8271657280528,"1974_9_3_137":1423.5695848743806,"1974_9_3_142":1423.569570239467,"1974_9_6_137":476.8154556814591,"1974_9_6_142":476.8154414979005,"1974_9_8_142":888.0703240144273,"1974_9_9_142":945.6085590323096,"1975_9_10_137":5.717468641945221,"1975_9_14_29":570.5424633093899,"1975_9_18_67":1.9476658530308202,"1975_9_23_145":715.2338870098489,"1975_9_25_145":2509.091068353762,"1975_9_32_145":162.2600818826289,"1975_9_3_137":248.0165194454947,"1975_9_3_142":248.0165080112743,"1975_9_6_137":83.07153350673414,"1975_9_6_142":83.07152244214545,"1975_9_7_70":14.659537750162302,"1975_9_8_142":154.72161847778509,"1975_9_9_142":164.74536097078996,"1976_9_10_137":2.9609835128015916,"1976_9_14_29":991.4925642566322,"1976_9_18_67":1.9463014977283768,"1976_9_23_145":352.2981400531831,"1976_9_25_145":1211.231787744264,"1976_9_32_145":64.98997378740995,"1976_9_3_137":128.44382297709492,"1976_9_3_142":128.44380396523079,"1976_9_3_70":128.4435936148563,"1976_9_6_137":43.02142850023863,"1976_9_6_142":43.02141014214145,"1976_9_6_70":43.02128040435077,"1976_9_7_70":7.591974393392051,"1976_9_8_142":80.12787868027644,"1976_9_9_142":85.31900059231286,"1977_9_14_29":276.39887724259864,"1977_9_23_145":319.7046060787018,"1977_9_25_145":627.2779745877274,"1977_9_32_145":42.619967263484064,"1977_9_3_137":4.098644276707843,"1977_9_3_142":4.098628791597223,"1977_9_3_70":4.098604143509226,"1977_9_6_137":1.3728080975230097,"1977_9_6_142":1.3727926675076456,"1977_9_6_70":1.3727728779799124,"1977_9_8_142":2.5568275738550086,"1977_9_9_142":2.722491565735012}