{"1970_9_10_137":1.414185907031709,"1970_9_10_70":1.4141772860365542,"1970_9_14_29":204.580885210855,"1970_9_23_145":333.88816911510054,"1970_9_25_145":743.3890997878004,"1970_9_32_145":47.701551037441725,"1970_9_3_137":61.34562068451646,"1970_9_3_142":61.34561651064295,"1970_9_3_70":61.34561434106281,"1970_9_4_70":123.84583089481865,"1970_9_6_137":20.54732053307681,"1970_9_6_142":20.54731648097922,"1970_9_6_70":20.547314758151007,"1970_9_7_70":3.6259924609489667,"1970_9_8_142":38.269634614055484,"1970_9_9_142":40.748939249950325,"1971_9_10_137":14.845784830063511,"1971_9_10_70":14.845769395242328,"1971_9_14_29":2642.268733384437,"1971_9_18_67":6.855529425553843,"1971_9_23_145":941.161986902368,"1971_9_25_145":3852.877231211378,"1971_9_32_145":207.3722825143757,"1971_9_3_137":643.9904207574368,"1971_9_3_142":643.9904159684755,"1971_9_3_70":643.9904105084325,"1971_9_4_70":50.53173800803494,"1971_9_6_137":215.70043849647772,"1971_9_6_142":215.70043385260175,"1971_9_6_70":215.7004293627235,"1971_9_7_70":38.06477418489979,"1971_9_8_142":401.7447670012893,"1971_9_9_142":427.77184064892407,"1972_9_10_137":14.837069054018848,"1972_9_10_70":14.837066314312903,"1972_9_14_29":3660.735830058567,"1972_9_18_67":8.335050474186383,"1972_9_23_145":1000.7434718679998,"1972_9_25_145":3944.474644889238,"1972_9_31_145":2.9068627575701727,"1972_9_32_145":211.17080630289453,"1972_9_3_137":643.6123087184401,"1972_9_3_142":643.612305817783,"1972_9_3_70":643.6123064869122,"1972_9_4_70":1299.3383840068695,"1972_9_6_137":215.57380654597773,"1972_9_6_142":215.57380371234396,"1972_9_6_70":215.57380445006402,"1972_9_7_48":38.04243176232714,"1972_9_8_142":401.50893594236345,"1972_9_9_142":427.5206870190074,"1973_9_14_29":85.19942328470292,"1973_9_23_145":29.3721482145309,"1973_9_25_145":132.83865329616563,"1973_9_32_145":6.8713990431843825,"1973_9_3_137":25.095078557559066,"1973_9_3_142":25.09507417228886,"1973_9_3_70":25.095071090901097,"1973_9_4_70":50.6624340369487,"1973_9_6_137":8.405433620751394,"1973_9_6_142":8.405429355554782,"1973_9_6_70":8.405426814885708,"1973_9_7_70":1.4833059204367867,"1973_9_8_142":15.655214343925312,"1973_9_9_142":16.669443829858604,"1974_9_10_137":32.81727351407847,"1974_9_14_29":4396.563362515523,"1974_9_18_67":13.295742359918721,"1974_9_23_145":2289.664566902148,"1974_9_25_145":5927.910699312837,"1974_9_32_145":359.8271800530466,"1974_9_3_137":1423.569591624519,"1974_9_3_142":1423.5695880954981,"1974_9_6_137":476.81546232324774,"1974_9_6_142":476.8154588863855,"1974_9_7_70":84.14388471407652,"1974_9_8_142":888.0747376771723,"1974_9_9_142":945.6087490668527,"1975_9_10_137":5.717473824224133,"1975_9_10_70":5.717437712867658,"1975_9_14_29":570.5430510255036,"1975_9_18_67":1.9476705461722716,"1975_9_23_145":715.2339439863727,"1975_9_25_145":2509.0910849971206,"1975_9_32_145":162.26009910446427,"1975_9_3_137":248.01652436909882,"1975_9_3_142":248.0165188986195,"1975_9_3_70":248.01650593536678,"1975_9_6_137":83.071538347315,"1975_9_6_142":83.07153308485015,"1975_9_6_70":83.07152310904652,"1975_9_7_70":14.659674812990874,"1975_9_8_142":154.7217653525484,"1975_9_9_142":164.7454377907997,"1976_9_10_137":2.960988241525168,"1976_9_10_70":2.9609778003155887,"1976_9_14_29":991.4929098256456,"1976_9_18_67":1.9463037085735058,"1976_9_23_145":352.2982036800007,"1976_9_25_145":1211.2318181667752,"1976_9_32_145":64.98999234531104,"1976_9_3_137":128.44383065904418,"1976_9_3_142":128.4438262734463,"1976_9_3_70":128.44382319050393,"1976_9_4_70":259.30512469842716,"1976_9_6_137":43.02143605233159,"1976_9_6_142":43.021431794196864,"1976_9_6_70":43.02142928342862,"1976_9_7_70":7.592012347331392,"1976_9_8_142":80.12795229705743,"1976_9_9_142":85.31904931119048,"1977_9_14_29":276.39913531784134,"1977_9_23_145":319.70466722738126,"1977_9_25_145":627.2780142566709,"1977_9_32_145":42.61998520512255,"1977_9_3_137":4.098651133684137,"1977_9_3_142":4.098647577768626,"1977_9_3_70":4.098647221944717,"1977_9_4_70":8.274435838961828,"1977_9_6_137":1.3728151111929183,"1977_9_6_142":1.3728116573688827,"1977_9_6_70":1.3728115102542493,"1977_9_8_142":2.556877857735134,"1977_9_9_142":2.7225285925924987}