{"1970_9_10_137":1.4141861360186547,"1970_9_10_70":1.4141807725549107,"1970_9_14_29":204.58089831108165,"1970_9_23_145":333.88817047124974,"1970_9_25_145":743.3891003177214,"1970_9_32_145":47.70155142691539,"1970_9_3_137":61.34562089942557,"1970_9_3_142":61.345617268031226,"1970_9_3_70":61.34561673277207,"1970_9_4_70":123.84584873317743,"1970_9_6_137":20.54732074352363,"1970_9_6_142":20.54731721150713,"1970_9_6_70":20.547316896431763,"1970_9_7_70":3.6259935766856617,"1970_9_8_142":38.269637137198195,"1970_9_9_142":40.74894098683854,"1971_9_10_137":14.845785082653816,"1971_9_10_70":14.845776776617283,"1971_9_14_29":2642.2687498006676,"1971_9_18_67":6.855529522707386,"1971_9_23_145":941.1619877301882,"1971_9_25_145":3852.8772314447583,"1971_9_32_145":207.37228279437704,"1971_9_3_137":643.9904209939334,"1971_9_3_142":643.9904168652001,"1971_9_3_70":643.9904148484492,"1971_9_4_70":1300.1015441763034,"1971_9_6_137":215.70043872801892,"1971_9_6_142":215.7004347159159,"1971_9_6_70":215.70043311221335,"1971_9_7_70":38.06477582717503,"1971_9_8_142":401.7447704522127,"1971_9_9_142":427.7718428947207,"1972_9_10_137":14.837069228334549,"1972_9_10_70":14.837067254223534,"1972_9_14_29":3660.735835567489,"1972_9_18_67":8.335050504034747,"1972_9_23_145":1000.7434724335246,"1972_9_25_145":3944.4746450855737,"1972_9_31_145":2.906863685831642,"1972_9_32_145":211.17080651379683,"1972_9_3_137":643.612308685547,"1972_9_3_142":643.6123057134339,"1972_9_3_48":80.24984318931793,"1972_9_3_70":643.6123062973033,"1972_9_4_70":1299.3383858385735,"1972_9_6_137":215.57380490313273,"1972_9_6_142":215.57379692737288,"1972_9_6_48":215.57380774791284,"1972_9_7_48":38.042433436359204,"1972_9_8_142":401.5089371678977,"1972_9_9_142":427.52068795459456,"1973_9_14_29":85.1994380926809,"1973_9_23_145":29.372149702663762,"1973_9_25_145":132.83865434972947,"1973_9_32_145":6.871399446394777,"1973_9_3_137":25.095078780061623,"1973_9_3_142":25.095074976879047,"1973_9_3_70":25.09507400728377,"1973_9_4_70":50.66246813969829,"1973_9_6_137":8.405433838963432,"1973_9_6_142":8.405430133242433,"1973_9_6_70":8.405429418826435,"1973_9_7_70":1.48330720025283,"1973_9_8_142":15.655217157955262,"1973_9_9_142":16.66944573106977,"1974_9_10_137":32.81727257756077,"1974_9_10_70":32.81700997186705,"1974_9_14_29":4396.563402437555,"1974_9_18_67":13.295742610661309,"1974_9_23_145":2289.664567337718,"1974_9_25_145":5927.91069953492,"1974_9_32_145":359.82718022811343,"1974_9_3_137":1423.5695907488948,"1974_9_3_142":1423.5695846244362,"1974_9_3_70":1423.569551811551,"1974_9_6_137":476.8154614662584,"1974_9_6_142":476.8154555503193,"1974_9_6_70":476.8154317450222,"1974_9_7_70":84.14389400805175,"1974_9_8_142":888.0747494819458,"1974_9_9_142":945.6087547291982,"1975_9_10_137":5.717474101476282,"1975_9_10_70":5.7174602557227585,"1975_9_14_29":570.5430719419453,"1975_9_18_67":1.9476706729069186,"1975_9_23_145":715.233944934108,"1975_9_25_145":2509.0910852407656,"1975_9_32_145":162.26009940914952,"1975_9_3_137":248.0165246278447,"1975_9_3_142":248.01651995665222,"1975_9_3_70":248.01651525971783,"1975_9_4_70":500.700873298983,"1975_9_6_137":83.07153859944182,"1975_9_6_142":83.07153409289377,"1975_9_6_70":83.07153036733973,"1975_9_7_70":14.659677300563482,"1975_9_8_142":154.7217701714111,"1975_9_9_142":164.74544071870613,"1976_9_10_137":2.960988478800619,"1976_9_10_70":2.960982244581745,"1976_9_14_29":991.4929232131808,"1976_9_18_67":1.9463037873319793,"1976_9_23_145":352.29820504029016,"1976_9_25_145":1211.2318185290496,"1976_9_32_145":64.9899927333866,"1976_9_3_137":128.44383088155865,"1976_9_3_142":128.44382707811124,"1976_9_3_70":128.44382610779383,"1976_9_4_70":259.30515895307934,"1976_9_6_137":43.02143627029022,"1976_9_6_142":43.021432570312555,"1976_9_6_70":43.021431870213355,"1976_9_7_70":7.592013623648809,"1976_9_8_142":80.12795511218629,"1976_9_9_142":85.319051213005,"1977_9_14_29":276.3991453741339,"1977_9_23_145":319.704668538114,"1977_9_25_145":627.2780148363737,"1977_9_32_145":42.61998558415623,"1977_9_3_137":4.098651325238421,"1977_9_3_142":4.098648201409301,"1977_9_3_70":4.098648591939131,"1977_9_4_70":8.274440781073233,"1977_9_6_137":1.3728152987046915,"1977_9_6_142":1.3728122595141916,"1977_9_6_70":1.3728127619543917,"1977_9_8_142":2.5568796642656593,"1977_9_9_142":2.722529902625025}