{"1970_9_10_137":1.4141855239427437,"1970_9_10_48":1.41415903584733,"1970_9_14_29":204.5809320316847,"1970_9_23_145":333.88817616502337,"1970_9_25_145":743.3891023517818,"1970_9_2_70":180.91595572375846,"1970_9_32_145":47.70155315664803,"1970_9_3_137":61.345620326352126,"1970_9_3_142":61.34561509628377,"1970_9_3_48":61.345622852458426,"1970_9_4_48":123.84586343059907,"1970_9_6_137":20.54732018280627,"1970_9_6_142":20.547315122901505,"1970_9_6_48":20.54731329537016,"1970_9_7_48":3.6259739556325523,"1970_9_8_142":38.26964359411825,"1970_9_9_142":40.74894192902891,"1970_9_9_70":40.74891774734876,"1971_9_10_137":14.845784404645165,"1971_9_10_48":14.845769812912458,"1971_9_14_29":2642.2687895002655,"1971_9_18_67":6.855529724881312,"1971_9_23_145":941.1619908261226,"1971_9_25_145":3852.8772324651363,"1971_9_32_145":207.37228390459225,"1971_9_3_137":643.9904203608769,"1971_9_3_142":643.9904142562181,"1971_9_3_48":643.9904230539921,"1971_9_4_70":1300.1015711831974,"1971_9_6_137":215.70043810876317,"1971_9_6_142":215.70043221267997,"1971_9_6_48":215.7004407720467,"1971_9_7_48":38.064780406361166,"1971_9_8_142":401.7447785361507,"1971_9_9_142":427.7718488021522,"1971_9_9_70":3.0392273365556393,"1972_9_10_137":14.837068767053454,"1972_9_10_48":14.837058811384415,"1972_9_14_29":3660.7358528864384,"1972_9_18_67":8.33505058771795,"1972_9_23_145":1000.7434745962241,"1972_9_25_145":3944.4746459521843,"1972_9_2_70":1898.0949798187733,"1972_9_31_145":2.9068677850439664,"1972_9_32_145":211.17080734167587,"1972_9_3_137":643.6123084482165,"1972_9_3_142":643.612304948026,"1972_9_3_48":643.6123106273568,"1972_9_4_48":1299.3383912208267,"1972_9_6_137":215.57380628073827,"1972_9_6_142":215.57380286854624,"1972_9_6_48":215.5738084330027,"1972_9_7_48":38.04243366227081,"1972_9_7_70":38.042414060942136,"1972_9_8_142":401.508937852791,"1972_9_8_70":401.5089330564585,"1972_9_9_142":427.5206884877712,"1972_9_9_70":427.52068731081187,"1973_9_14_29":85.1994749592447,"1973_9_23_145":29.372156159473672,"1973_9_25_145":132.83865895552827,"1973_9_32_145":6.871401245639221,"1973_9_3_137":25.095078185929935,"1973_9_3_142":25.0950726581301,"1973_9_3_48":25.095074617378817,"1973_9_4_70":50.66248364462256,"1973_9_6_137":8.405433256744846,"1973_9_6_142":8.405427898457903,"1973_9_6_48":8.405414272840508,"1973_9_7_48":1.4832853145163285,"1973_9_8_142":15.65522414763014,"1973_9_9_142":16.669446753548222,"1973_9_9_70":16.66940317471239,"1974_9_10_137":32.817273839833625,"1974_9_10_70":32.81727120716321,"1974_9_14_29":4396.563474644157,"1974_9_18_67":13.295742972218452,"1974_9_23_145":2289.664569048252,"1974_9_25_145":5927.910700518954,"1974_9_32_145":359.8271809241639,"1974_9_3_137":1423.5695919313603,"1974_9_3_142":1423.569589074513,"1974_9_3_70":1423.5695897840417,"1974_9_4_70":2873.9326383016005,"1974_9_6_137":476.8154626242574,"1974_9_6_142":476.8154598353379,"1974_9_6_70":476.81546061095077,"1974_9_7_48":84.1439054344437,"1974_9_8_142":888.0747673908635,"1974_9_9_142":945.608766057312,"1975_9_10_137":5.717473354213244,"1975_9_10_48":5.717448591839377,"1975_9_14_29":570.5431190099227,"1975_9_18_67":1.9476709171914166,"1975_9_23_145":715.233948532506,"1975_9_25_145":2509.0910862840324,"1975_9_32_145":162.26010064871858,"1975_9_3_137":248.01652393259124,"1975_9_3_142":248.01651682925572,"1975_9_3_48":248.01652672388192,"1975_9_4_70":500.70108023966253,"1975_9_6_137":83.07153792272788,"1975_9_6_142":83.07153112751641,"1975_9_6_48":83.07154066619977,"1975_9_7_48":14.659668213758112,"1975_9_8_142":154.72178034559118,"1975_9_9_142":164.74544791094243,"1976_9_10_137":2.960987843604196,"1976_9_10_48":2.9609624263387504,"1976_9_14_29":991.4929574737608,"1976_9_18_67":1.9463039648113303,"1976_9_23_145":352.2982107251182,"1976_9_25_145":1211.231819972325,"1976_9_32_145":64.98999444723725,"1976_9_3_137":128.44383028739475,"1976_9_3_142":128.4438247591321,"1976_9_3_48":128.44383289453253,"1976_9_4_70":259.30517448105013,"1976_9_6_137":43.021435688764704,"1976_9_6_142":43.02143034037855,"1976_9_6_48":43.021437972524815,"1976_9_7_48":7.591997760608846,"1976_9_8_142":80.12796210383712,"1976_9_9_142":85.31905223575468,"1976_9_9_70":85.31900855031516,"1977_9_14_29":276.399173068952,"1977_9_23_145":319.70467405828805,"1977_9_25_145":627.2780170603772,"1977_9_2_70":12.087430757640218,"1977_9_32_145":42.61998726935899,"1977_9_3_137":4.098650816666937,"1977_9_3_142":4.098646439875936,"1977_9_3_48":4.098629231415837,"1977_9_4_48":8.274426405663448,"1977_9_6_137":1.3728148012878274,"1977_9_6_142":1.3728105630171503,"1977_9_6_48":1.3727907880404016,"1977_9_8_142":2.556880640773165,"1977_9_8_70":2.5568458055382832,"1977_9_9_142":2.722530630943594,"1977_9_9_70":2.722524220570944}