{"1970_9_10_137":1.4141864380688463,"1970_9_10_70":1.4141834440818946,"1970_9_14_29":204.58091226592816,"1970_9_23_145":333.88817231742655,"1970_9_25_145":743.3891010081285,"1970_9_32_145":47.70155196855087,"1970_9_3_137":61.34562118366901,"1970_9_3_142":61.34561819457605,"1970_9_3_70":61.345618758432344,"1970_9_4_70":123.8458560496307,"1970_9_6_137":20.547321022105564,"1970_9_6_142":20.547318107952922,"1970_9_6_70":20.547318757191608,"1970_9_7_48":3.625967927094805,"1970_9_8_142":38.269639815988,"1970_9_9_142":40.748942931064654,"1971_9_10_137":14.845785414385277,"1971_9_10_70":14.845781201635003,"1971_9_14_29":2642.268766666494,"1971_9_18_67":6.855529614103428,"1971_9_23_145":941.1619887969314,"1971_9_25_145":3852.8772317664175,"1971_9_32_145":207.37228316594715,"1971_9_3_137":643.9904213054506,"1971_9_3_142":643.9904179456282,"1971_9_3_70":643.9904179644609,"1971_9_4_70":1300.1015635521346,"1971_9_6_137":215.70043903329199,"1971_9_6_142":215.70043575977695,"1971_9_6_70":215.70043592532267,"1971_9_7_70":38.064777343619276,"1971_9_8_142":401.744773931475,"1971_9_9_142":427.77184532107725,"1972_9_10_137":14.837067785717196,"1972_9_10_48":14.837053024908744,"1972_9_14_29":3660.7358421106687,"1972_9_18_67":8.335050537548712,"1972_9_23_145":1000.7434731687694,"1972_9_25_145":3944.4746453575135,"1972_9_31_145":2.9068649732660377,"1972_9_32_145":211.17080679178832,"1972_9_3_137":643.6123075305815,"1972_9_3_142":643.6123013027267,"1972_9_3_48":643.6123102385926,"1972_9_4_70":1299.338387490197,"1972_9_6_137":215.57380538197947,"1972_9_6_142":215.57379936073414,"1972_9_6_48":215.5738080614817,"1972_9_7_48":38.04243388154475,"1972_9_8_142":401.50893859822895,"1972_9_9_142":427.5206890773043,"1973_9_14_29":85.19945356669139,"1973_9_23_145":29.37215175097238,"1973_9_25_145":132.838655805556,"1973_9_32_145":6.8714000080041275,"1973_9_3_137":25.09507907391992,"1973_9_3_142":25.095075955967236,"1973_9_3_70":25.095076354623146,"1973_9_4_70":50.662477994735085,"1973_9_6_137":8.405434127391631,"1973_9_6_142":8.405431082436554,"1973_9_6_70":8.405431577611784,"1973_9_7_48":1.4832791256349815,"1973_9_8_142":15.655220094593687,"1973_9_9_142":16.669447833863966,"1974_9_10_137":32.81727301343891,"1974_9_10_70":32.81725760141022,"1974_9_14_29":4396.563436655782,"1974_9_18_67":13.29574279618074,"1974_9_23_145":2289.664567908624,"1974_9_25_145":5927.910699843039,"1974_9_32_145":359.82718045975275,"1974_9_3_137":1423.5695911553082,"1974_9_3_142":1423.569586373001,"1974_9_3_70":1423.5695809200067,"1974_9_4_70":1324.8394893443237,"1974_9_6_137":476.81546186367916,"1974_9_6_142":476.8154572255104,"1974_9_6_70":476.81545273680445,"1974_9_7_70":84.1438991052006,"1974_9_8_142":888.0747584626533,"1974_9_9_142":945.6087599096401,"1975_9_10_137":5.7174744639992765,"1975_9_10_70":5.717468463200405,"1975_9_14_29":570.5430925270267,"1975_9_18_67":1.9476707861565703,"1975_9_23_145":715.2339461673157,"1975_9_25_145":2509.0910855733046,"1975_9_32_145":162.26009981889985,"1975_9_3_137":248.01652496728124,"1975_9_3_142":248.01652121090046,"1975_9_3_70":248.01652036683214,"1975_9_4_70":500.70106695743914,"1975_9_6_137":83.07153893059227,"1975_9_6_142":83.07153529374293,"1975_9_6_70":83.07153474576981,"1975_9_7_70":14.659679386888524,"1975_9_8_142":154.72177473192474,"1975_9_9_142":164.74544375449193,"1976_9_10_137":2.9609887912987705,"1976_9_10_70":2.960985412050154,"1976_9_14_29":991.4929374267532,"1976_9_18_67":1.9463038649299131,"1976_9_23_145":352.2982068889679,"1976_9_25_145":1211.2318190084711,"1976_9_32_145":64.98999327208486,"1976_9_3_137":128.44383117543205,"1976_9_3_142":128.44382805728245,"1976_9_3_70":128.44382845566895,"1976_9_4_70":259.3051688260727,"1976_9_6_137":43.02143655839776,"1976_9_6_142":43.02143351775626,"1976_9_6_70":43.02143401839668,"1976_9_7_48":7.591991576799623,"1976_9_8_142":80.12795804978656,"1976_9_9_142":85.31905331637665,"1977_9_14_29":276.3991565015009,"1977_9_23_145":319.70467032471976,"1977_9_25_145":627.2780155922693,"1977_9_32_145":42.619986111466474,"1977_9_3_137":4.098651579716213,"1977_9_3_142":4.098648976456185,"1977_9_3_70":4.098649904759198,"1977_9_4_70":8.274444186592307,"1977_9_6_137":1.3728137312807516,"1977_9_6_142":1.3728056687337102,"1977_9_6_48":1.372784625430696,"1977_9_8_142":2.5568816760705637,"1977_9_9_142":2.7225314202205264}