{"1970_9_10_137":1.414186581326636,"1970_9_10_70":1.4141843008674824,"1970_9_14_29":204.58091781864997,"1970_9_23_145":333.8881732210676,"1970_9_25_145":743.3891013348892,"1970_9_32_145":47.701552239720144,"1970_9_3_137":61.345621318826986,"1970_9_3_142":61.3456186056584,"1970_9_3_70":61.3456194483677,"1970_9_4_70":123.84585780662496,"1970_9_6_137":20.547321154678343,"1970_9_6_142":20.547318506711328,"1970_9_6_70":20.547319401832926,"1970_9_7_48":3.62596934913275,"1970_9_8_142":38.26964087927025,"1970_9_9_142":40.748943734196985,"1971_9_10_137":14.845785571079727,"1971_9_10_70":14.845782448009992,"1971_9_14_29":2642.2687732027844,"1971_9_18_67":6.85552964732894,"1971_9_23_145":941.1619892963148,"1971_9_25_145":3852.8772319265377,"1971_9_32_145":207.37228334406203,"1971_9_3_137":643.9904214530062,"1971_9_3_142":643.9904184189363,"1971_9_3_70":643.9904189278453,"1971_9_4_70":1300.1015666335609,"1971_9_6_137":215.70043917801615,"1971_9_6_142":215.7004362184094,"1971_9_6_70":215.70043681676646,"1971_9_7_48":38.06477924435764,"1971_9_8_142":401.74477526184575,"1971_9_9_142":427.7718462967469,"1972_9_10_137":14.837068029494885,"1972_9_10_48":14.837054384546892,"1972_9_14_29":3660.7358449435824,"1972_9_18_67":8.33505055136721,"1972_9_23_145":1000.7434735160259,"1972_9_25_145":3944.474645493372,"1972_9_2_70":520.5823765259664,"1972_9_31_145":2.9068656161701636,"1972_9_32_145":211.1708069245953,"1972_9_3_137":643.6123077575844,"1972_9_3_142":643.6123023240181,"1972_9_3_48":643.6123103567189,"1972_9_4_48":1299.3383907017776,"1972_9_6_137":215.57380560403556,"1972_9_6_142":215.57380033885892,"1972_9_6_48":215.57380817357918,"1972_9_7_48":38.042434042308926,"1972_9_8_142":401.50893920879184,"1972_9_9_142":427.52068544303575,"1972_9_9_70":427.5206499057191,"1973_9_14_29":85.1994596377129,"1973_9_23_145":29.372152766402785,"1973_9_25_145":132.8386565296418,"1973_9_32_145":6.871400289685975,"1973_9_3_137":25.095079213457335,"1973_9_3_142":25.095076388435785,"1973_9_3_70":25.095077129637758,"1973_9_4_70":50.6624801135373,"1973_9_6_137":8.405434264455932,"1973_9_6_142":8.405431502752949,"1973_9_6_70":8.405432303254216,"1973_9_7_48":1.4832805947769614,"1973_9_8_142":15.655221245614333,"1973_9_9_142":16.66944869454201,"1974_9_10_137":32.817273216606736,"1974_9_10_70":32.81726402684991,"1974_9_14_29":4396.56344839773,"1974_9_18_67":13.295742854040704,"1974_9_23_145":2289.6645681807518,"1974_9_25_145":5927.910699997202,"1974_9_32_145":359.82718057090443,"1974_9_3_137":1423.5695913454244,"1974_9_3_142":1423.5695871039586,"1974_9_3_70":1423.5695846415001,"1974_9_4_70":2873.932607145688,"1974_9_6_137":476.81546204979827,"1974_9_6_142":476.81545792905115,"1974_9_6_70":476.8154559420784,"1974_9_7_70":84.14390048238461,"1974_9_8_142":888.0747613312769,"1974_9_9_142":945.6087617633947,"1975_9_10_137":5.717474634537437,"1975_9_10_70":5.717470354667544,"1975_9_14_29":570.5431002659187,"1975_9_18_67":1.9476708260552822,"1975_9_23_145":715.2339467479233,"1975_9_25_145":2509.0910857374984,"1975_9_32_145":162.26010001719422,"1975_9_3_137":248.01652512744852,"1975_9_3_142":248.01652175308314,"1975_9_3_70":248.01652174589236,"1975_9_4_70":500.70107318757607,"1975_9_6_137":83.07153908702466,"1975_9_6_142":83.07153581491774,"1975_9_6_70":83.07153598274975,"1975_9_7_70":14.659680093185576,"1975_9_8_142":154.72177640108046,"1975_9_9_142":164.74544493880296,"1976_9_10_137":2.9609889392977533,"1976_9_10_70":2.9609863873780147,"1976_9_14_29":991.4929430685507,"1976_9_18_67":1.9463038941187951,"1976_9_23_145":352.29820779218477,"1976_9_25_145":1211.2318192384757,"1976_9_32_145":64.98999354119948,"1976_9_3_137":128.44383131497662,"1976_9_3_142":128.4438284897854,"1976_9_3_70":128.44382923082304,"1976_9_4_70":259.3051709472169,"1976_9_6_137":43.02143669531701,"1976_9_6_142":43.021433937362794,"1976_9_6_70":43.021434741226315,"1976_9_7_48":7.591993045508096,"1976_9_8_142":80.12795920113143,"1976_9_9_142":85.3190541772631,"1977_9_14_29":276.39916105746306,"1977_9_23_145":319.70467120030384,"1977_9_25_145":627.2780159499961,"1977_9_32_145":42.619986375576396,"1977_9_3_137":4.098649993746168,"1977_9_3_142":4.098642788186732,"1977_9_3_48":4.098624455426999,"1977_9_4_70":8.274445216250205,"1977_9_6_137":1.3728139985865264,"1977_9_6_142":1.3728070851169736,"1977_9_6_48":1.3727860866525126,"1977_9_8_142":2.5568825038183425,"1977_9_9_142":2.7225320641735387}