{"1970_9_10_137":1.4141849494972303,"1970_9_10_48":1.414155846913943,"1970_9_14_29":204.58092434315873,"1970_9_23_145":333.8881744443815,"1970_9_25_145":743.3891017659518,"1970_9_32_145":47.701552613981946,"1970_9_3_137":61.34561979217545,"1970_9_3_142":61.34561259896157,"1970_9_3_48":61.345622527743195,"1970_9_4_70":123.84585942368524,"1970_9_6_137":20.547319661275083,"1970_9_6_142":20.547312742757725,"1970_9_6_48":20.547310390010082,"1970_9_7_48":3.6259712559002715,"1970_9_8_142":38.26964212673471,"1970_9_9_142":40.748944700461244,"1971_9_10_137":14.845785777947244,"1971_9_10_70":14.845783671217319,"1971_9_14_29":2642.268780760269,"1971_9_18_67":6.855529684245355,"1971_9_23_145":941.161989949422,"1971_9_25_145":3852.8772321467923,"1971_9_32_145":207.37228358078937,"1971_9_3_137":643.9904216482132,"1971_9_3_142":643.9904190110504,"1971_9_3_70":643.9904199143958,"1971_9_4_70":1300.101569133602,"1971_9_6_137":215.70043871538533,"1971_9_6_142":215.70043467029905,"1971_9_6_48":75.01592144606794,"1971_9_6_70":215.70043295441965,"1971_9_7_48":38.0647798583051,"1971_9_8_142":401.7447767877493,"1971_9_9_142":427.7718474506996,"1972_9_10_137":14.837068345686182,"1972_9_10_48":14.837056215276256,"1972_9_14_29":3660.7358484593287,"1972_9_18_67":8.335050567908622,"1972_9_23_145":1000.743473973813,"1972_9_25_145":3944.474645680689,"1972_9_2_70":1898.094963208914,"1972_9_31_145":2.9068665021363227,"1972_9_32_145":211.17080710080933,"1972_9_3_137":643.6123080529516,"1972_9_3_142":643.6123035268075,"1972_9_3_48":643.6123104862419,"1972_9_4_48":1299.3383909673971,"1972_9_6_137":215.5738058932414,"1972_9_6_142":215.5738014954478,"1972_9_6_48":215.57380829728274,"1972_9_7_48":38.042434219084875,"1972_9_8_142":401.508935720917,"1972_9_8_70":401.50888874875545,"1972_9_9_142":427.5206868540094,"1972_9_9_70":427.52067883363435,"1973_9_14_29":85.19946670969908,"1973_9_23_145":29.372154158240434,"1973_9_25_145":132.83865752395633,"1973_9_32_145":6.8714006791479205,"1973_9_3_137":25.09507763009906,"1973_9_3_142":25.095069949659322,"1973_9_3_48":25.095071728391606,"1973_9_4_70":50.66248198904831,"1973_9_6_137":8.405432713172603,"1973_9_6_142":8.405425311174433,"1973_9_6_48":8.405411206838334,"1973_9_7_48":1.4832825533617362,"1973_9_8_142":15.655222585607524,"1973_9_9_142":16.669449723951065,"1974_9_10_137":32.817273482200385,"1974_9_10_70":32.817268248122595,"1974_9_14_29":4396.563461070908,"1974_9_18_67":13.295742913125913,"1974_9_23_145":2289.664568543675,"1974_9_25_145":5927.910700210008,"1974_9_32_145":359.82718071920885,"1974_9_3_137":1423.5695915946183,"1974_9_3_142":1423.5695879902,"1974_9_3_70":1423.5695875168371,"1974_9_4_70":2873.9326305527857,"1974_9_6_137":476.81546229395576,"1974_9_6_142":476.8154587846427,"1974_9_6_70":476.81545851693727,"1974_9_7_70":84.14390181019715,"1974_9_8_142":888.074764315802,"1974_9_9_142":945.608763810205,"1975_9_10_137":5.7174748589965585,"1975_9_10_70":5.7174720695637555,"1975_9_14_29":570.5431090541401,"1975_9_18_67":1.94767086972451,"1975_9_23_145":715.2339475093197,"1975_9_25_145":2509.0910859620185,"1975_9_32_145":162.26010028258642,"1975_9_3_137":248.0165253387378,"1975_9_3_142":248.01652242523616,"1975_9_3_70":248.0165230751855,"1975_9_4_70":500.70107732183914,"1975_9_6_137":83.07153929355894,"1975_9_6_142":83.07153646277547,"1975_9_6_70":83.07153719833784,"1975_9_7_48":14.659665180333208,"1975_9_8_142":154.72177826754046,"1975_9_9_142":164.74544631362542,"1976_9_10_137":2.9609891350550783,"1976_9_10_70":2.9609873841622933,"1976_9_14_29":991.4929496876657,"1976_9_18_67":1.9463039272686182,"1976_9_23_145":352.29820901288633,"1976_9_25_145":1211.2318195457945,"1976_9_32_145":64.98999391184076,"1976_9_3_137":128.44382973153003,"1976_9_3_142":128.44382205032358,"1976_9_3_48":128.44383255340094,"1976_9_4_70":259.30517282435335,"1976_9_6_137":43.02143514591219,"1976_9_6_142":43.02142776008468,"1976_9_6_48":43.02143749270886,"1976_9_7_48":7.591995002663601,"1976_9_8_142":80.12796054146543,"1976_9_9_142":85.31905520690152,"1977_9_14_29":276.3991665077549,"1977_9_23_145":319.7046723868439,"1977_9_25_145":627.2780164214407,"1977_9_32_145":42.61998674024138,"1977_9_3_137":4.098650348010592,"1977_9_3_142":4.09864450495884,"1977_9_3_48":4.098626440337507,"1977_9_4_70":8.274446259591244,"1977_9_6_137":1.3728143438123381,"1977_9_6_142":1.3728087137590677,"1977_9_6_48":1.3727880367555607,"1977_9_8_142":2.55688349715214,"1977_9_9_142":2.7225283547606667,"1977_9_9_70":2.7224141545988148}