{"1970_9_10_137":1.4141859716853182,"1970_9_10_70":1.414178434027446,"1970_9_14_29":204.58088907589672,"1970_9_23_145":333.88816950575995,"1970_9_25_145":743.3890999452653,"1970_9_32_145":47.70155114851382,"1970_9_3_137":61.34562074519076,"1970_9_3_142":61.345616726544606,"1970_9_3_70":61.34561510086677,"1970_9_4_70":123.84583840282336,"1970_9_6_137":20.54732059249023,"1970_9_6_142":20.547316689101898,"1970_9_6_70":20.547315431101588,"1970_9_7_70":3.6259927967995687,"1970_9_8_142":38.2696353591916,"1970_9_9_142":40.74893975541365,"1971_9_10_137":14.84578490139388,"1971_9_10_70":14.845772062666416,"1971_9_14_29":2642.26873827978,"1971_9_18_67":6.855529455332656,"1971_9_23_145":941.1619871484716,"1971_9_25_145":3852.877231278256,"1971_9_32_145":207.37228259822143,"1971_9_3_137":643.990420824214,"1971_9_3_142":643.9904162248785,"1971_9_3_70":643.9904119721051,"1971_9_4_70":1300.1014521091445,"1971_9_6_137":215.70043856185347,"1971_9_6_142":215.70043409927072,"1971_9_6_70":215.7004306067945,"1971_9_7_70":38.064774691503,"1971_9_8_142":401.7447680362836,"1971_9_9_142":427.7718413088522,"1972_9_10_137":14.837069103230712,"1972_9_10_70":14.837066594645538,"1972_9_14_29":3660.7358316386235,"1972_9_18_67":8.335050482878762,"1972_9_23_145":1000.7434720352495,"1972_9_25_145":3944.474644945387,"1972_9_31_145":2.906863021405458,"1972_9_32_145":211.1708063660406,"1972_9_3_137":643.6123087649262,"1972_9_3_142":643.6123059563981,"1972_9_3_70":643.6123067135205,"1972_9_4_70":1299.3383845764104,"1972_9_6_137":215.57380659164807,"1972_9_6_142":215.57380384714426,"1972_9_6_70":215.5738046629229,"1972_9_7_48":38.04243180705617,"1972_9_8_142":401.5089362952888,"1972_9_9_142":427.52068728675044,"1973_9_14_29":85.19942767813872,"1973_9_23_145":29.3721486372114,"1973_9_25_145":132.83865359639643,"1973_9_32_145":6.871399157896275,"1973_9_3_137":25.09507862037944,"1973_9_3_142":25.095074401883025,"1973_9_3_70":25.09507203420399,"1973_9_4_70":50.66245057359578,"1973_9_6_137":8.405433682359092,"1973_9_6_142":8.405429577341405,"1973_9_6_70":8.405427648332385,"1973_9_7_70":1.4833063088055376,"1973_9_8_142":15.655215179163607,"1973_9_9_142":16.66944438492087,"1974_9_10_137":32.81727357120651,"1974_9_14_29":4396.563375145496,"1974_9_18_67":13.29574244341691,"1974_9_23_145":2289.664567029223,"1974_9_25_145":5927.910699376277,"1974_9_32_145":359.82718010484933,"1974_9_3_137":1423.569591446314,"1974_9_3_142":1423.569587472086,"1974_9_3_70":378.2477975578016,"1974_9_6_137":476.8154612471337,"1974_9_6_142":476.8154545092712,"1974_9_6_70":476.81530721813994,"1974_9_7_70":84.14388819274839,"1974_9_8_142":888.0747415740466,"1974_9_9_142":945.6087508189212,"1975_9_10_137":5.717473902537049,"1975_9_10_70":5.717447672487443,"1975_9_14_29":570.543057346074,"1975_9_18_67":1.9476705856979672,"1975_9_23_145":715.2339442692326,"1975_9_25_145":2509.091085067315,"1975_9_32_145":162.26009919498253,"1975_9_3_137":248.01652444217157,"1975_9_3_142":248.01651920221298,"1975_9_3_70":248.01650942722662,"1975_9_6_137":83.07153841851424,"1975_9_6_142":83.07153337378541,"1975_9_6_70":83.07152572560595,"1975_9_7_70":14.659675605958174,"1975_9_8_142":154.72176682708948,"1975_9_9_142":164.74543866150898,"1976_9_10_137":2.960988308522554,"1976_9_10_70":2.960979303280334,"1976_9_14_29":991.4929137792453,"1976_9_18_67":1.946303732364648,"1976_9_23_145":352.29820407248104,"1976_9_25_145":1211.2318182730876,"1976_9_32_145":64.98999245628215,"1976_9_3_137":128.44383072186793,"1976_9_3_142":128.44382650306218,"1976_9_3_70":128.44382413412828,"1976_9_4_70":259.30514132607385,"1976_9_6_137":43.021436113867665,"1976_9_6_142":43.02143201552756,"1976_9_6_70":43.02143011089222,"1976_9_7_70":7.592012734568316,"1976_9_8_142":80.12795313263761,"1976_9_9_142":85.31904986643545,"1977_9_14_29":276.39913825345093,"1977_9_23_145":319.70466760483447,"1977_9_25_145":627.2780144296486,"1977_9_32_145":42.61998531317121,"1977_9_3_137":4.098651187761719,"1977_9_3_142":4.098647755030626,"1977_9_3_70":4.098647639446113,"1977_9_4_70":8.274437531613284,"1977_9_6_137":1.3728151641295936,"1977_9_6_142":1.3728118284461301,"1977_9_6_70":1.3728118895788004,"1977_9_8_142":2.556878384189237,"1977_9_9_142":2.7225289705281734}