{"1970_9_10_137":1.414185654774119,"1970_9_14_29":204.58070185055388,"1970_9_23_145":333.88815798376925,"1970_9_25_145":743.3890950810824,"1970_9_32_145":47.70154786987741,"1970_9_3_137":61.345620440082506,"1970_9_3_142":61.34561618910545,"1970_9_6_137":20.547320291194797,"1970_9_6_142":20.547316156767312,"1970_9_7_70":3.625967225501634,"1970_9_8_142":38.269598642933225,"1970_9_9_142":40.7489199186958,"1971_9_10_137":14.845784566153384,"1971_9_14_29":2642.2684452904123,"1971_9_18_67":6.855524815042376,"1971_9_23_145":941.1619794981751,"1971_9_25_145":3852.8772292848303,"1971_9_32_145":207.37228003545349,"1971_9_3_137":643.990420501395,"1971_9_3_142":643.9904156668492,"1971_9_6_137":215.70043824298912,"1971_9_6_142":215.70043354532106,"1971_9_7_70":38.0646221928843,"1971_9_8_142":401.74469682003786,"1971_9_9_142":427.7718114357465,"1972_9_10_137":14.837067703393124,"1972_9_10_70":14.837049750078366,"1972_9_14_29":3660.7357794795557,"1972_9_18_67":8.335050153900871,"1972_9_23_145":1000.7434668982365,"1972_9_25_145":3944.474643282615,"1972_9_31_145":2.906855275707076,"1972_9_32_145":211.17080442173375,"1972_9_3_137":643.6123074426828,"1972_9_3_142":643.6123018690266,"1972_9_3_70":643.6122955094937,"1972_9_4_70":475.29075611273163,"1972_9_6_137":215.57380529259478,"1972_9_6_142":215.57379988124399,"1972_9_6_70":215.57379461091563,"1972_9_7_70":38.0424264654331,"1972_9_8_142":401.50892412294473,"1972_9_9_142":427.5206786501677,"1973_9_14_29":85.19919141356274,"1973_9_23_145":29.37213626593203,"1973_9_25_145":132.83864477855766,"1973_9_32_145":6.871395775561582,"1973_9_3_137":25.095078308892948,"1973_9_3_142":25.095073856368053,"1973_9_6_137":8.40543337444013,"1973_9_6_142":8.40542903622796,"1973_9_7_70":1.483267363201681,"1973_9_8_142":15.655169904163795,"1973_9_9_142":16.66942161170518,"1974_9_10_137":32.81727194496841,"1974_9_23_145":2289.6645631745514,"1974_9_25_145":5927.910697493679,"1974_9_32_145":359.8271785358766,"1974_9_3_137":1423.5695901480426,"1974_9_3_142":1423.569582969064,"1974_9_6_137":476.81546087524976,"1974_9_6_142":476.81545394141597,"1974_9_9_142":945.6078944666817,"1975_9_10_137":5.717473549436384,"1975_9_14_29":570.542513627443,"1975_9_23_145":715.233935564632,"1975_9_25_145":2509.0910829703903,"1975_9_32_145":162.26009646186156,"1975_9_3_137":248.0165241023542,"1975_9_3_142":248.01651863098053,"1975_9_6_137":83.07153808362814,"1975_9_6_142":83.07153280557463,"1975_9_8_142":154.72154452113543,"1975_9_9_142":164.74538956772642,"1976_9_10_137":2.9609879850439293,"1976_9_14_29":991.4927189809831,"1976_9_18_67":1.946301717663163,"1976_9_23_145":352.29819248599046,"1976_9_25_145":1211.231815082877,"1976_9_32_145":64.98998917717321,"1976_9_3_137":128.44383041037568,"1976_9_3_142":128.44382595754905,"1976_9_6_137":43.02143580617856,"1976_9_6_142":43.02143147474166,"1976_9_7_70":7.591974165499243,"1976_9_8_142":80.1279078222522,"1976_9_9_142":85.31902708198018,"1977_9_14_29":276.39901801163865,"1977_9_23_145":319.70465647348215,"1977_9_25_145":627.2780090766298,"1977_9_32_145":42.61998212407071,"1977_9_3_137":4.09864964900776,"1977_9_3_142":4.098642398037222,"1977_9_3_70":4.098597208795065,"1977_9_6_137":1.3728136580394932,"1977_9_6_142":1.3728066797094847,"1977_9_6_70":1.3727757872471327,"1977_9_8_142":2.5568573342104086,"1977_9_9_142":2.722515666711616}