{"1970_9_10_137":1.4141857116800984,"1970_9_10_48":1.4141601300227344,"1970_9_14_29":204.58093436771512,"1970_9_23_145":333.88817675925213,"1970_9_25_145":743.389102549112,"1970_9_2_70":180.91606001982944,"1970_9_32_145":47.70155334926784,"1970_9_3_137":61.3456205016864,"1970_9_3_142":61.34561580924416,"1970_9_3_48":61.3456229341569,"1970_9_4_48":123.84586359113196,"1970_9_6_137":20.547320354227196,"1970_9_6_142":20.547315806631996,"1970_9_6_48":20.5473142902757,"1970_9_7_48":3.6259749034360147,"1970_9_8_142":38.26963959339685,"1970_9_8_70":38.269548564202985,"1970_9_9_142":40.74894276524139,"1970_9_9_70":40.74893247210297,"1971_9_10_137":14.845784613405547,"1971_9_10_48":14.845770979532535,"1971_9_14_29":2642.2687921210063,"1971_9_18_67":6.855529736611345,"1971_9_23_145":941.1619911184642,"1971_9_25_145":3852.8772325779805,"1971_9_2_70":385.1289494690135,"1971_9_32_145":207.37228401386216,"1971_9_3_137":643.990420555278,"1971_9_3_142":643.9904151248281,"1971_9_3_48":643.9904231539235,"1971_9_4_48":1300.1015743038906,"1971_9_6_137":215.7004382987678,"1971_9_6_142":215.70043304335746,"1971_9_6_48":215.7004408666978,"1971_9_7_48":38.06478054191592,"1971_9_8_142":401.74477905705714,"1971_9_9_142":427.771845117721,"1971_9_9_70":427.77180977948615,"1972_9_10_137":14.837068907145266,"1972_9_10_48":14.837059721756761,"1972_9_14_29":3660.735854297347,"1972_9_18_67":8.335050593774357,"1972_9_23_145":1000.7434748061745,"1972_9_25_145":3944.474646048605,"1972_9_2_70":1898.094981808419,"1972_9_31_145":2.906868240266287,"1972_9_32_145":211.1708074230315,"1972_9_3_137":643.6123074856315,"1972_9_3_142":643.6123010893596,"1972_9_3_48":643.6123102128915,"1972_9_3_70":643.6122468023501,"1972_9_4_48":1299.3383912878032,"1972_9_6_137":215.57380533803104,"1972_9_6_142":215.57379915684095,"1972_9_6_48":215.57380803718308,"1972_9_6_70":215.57376306876878,"1972_9_7_48":38.04243384671658,"1972_9_7_70":38.04242106306773,"1972_9_8_142":401.50893847362903,"1972_9_8_70":401.50893606572765,"1972_9_9_142":427.52068897808624,"1972_9_9_70":427.52068867160995,"1973_9_14_29":85.19947744791331,"1973_9_23_145":29.37215686585395,"1973_9_25_145":132.83865946081832,"1973_9_2_70":74.00854598979328,"1973_9_32_145":6.871401447348894,"1973_9_3_137":25.09507836794547,"1973_9_3_142":25.095073423065724,"1973_9_3_48":25.095075564416998,"1973_9_4_48":50.66248632392027,"1973_9_6_137":8.405433434981097,"1973_9_6_142":8.40542863366876,"1973_9_6_48":8.405415331917625,"1973_9_7_48":1.4832862819756807,"1973_9_8_142":15.655224618377206,"1973_9_9_142":16.669447655591078,"1973_9_9_70":16.669432557205244,"1974_9_10_137":32.817273959691825,"1974_9_10_70":32.81727186535057,"1974_9_14_29":4396.563478507013,"1974_9_18_67":13.295742988148081,"1974_9_23_145":2289.6645692222655,"1974_9_25_145":5927.910700628816,"1974_9_32_145":359.8271809941756,"1974_9_3_137":1423.5695920445244,"1974_9_3_142":1423.5695894129105,"1974_9_3_70":1423.5695903204282,"1974_9_4_70":2873.9326395881035,"1974_9_6_137":476.81546089607724,"1974_9_6_142":476.81545263007126,"1974_9_6_48":476.81546375792044,"1974_9_7_48":84.14390557137439,"1974_9_8_142":888.0747682440425,"1974_9_9_142":945.6087667075082,"1975_9_10_137":5.717473585212682,"1975_9_10_48":5.717449854322496,"1975_9_14_29":570.5431219528717,"1975_9_18_67":1.9476709308289268,"1975_9_23_145":715.2339488732414,"1975_9_25_145":2509.09108639753,"1975_9_32_145":162.26010077295814,"1975_9_3_137":248.01652414687535,"1975_9_3_142":248.01651788634132,"1975_9_3_48":248.0165268560987,"1975_9_4_70":500.7010808909155,"1975_9_6_137":83.07153813107301,"1975_9_6_142":83.07153212525748,"1975_9_6_48":83.07154079242463,"1975_9_7_48":14.65966926054648,"1975_9_8_142":154.72178095261393,"1975_9_9_142":164.74544839145534,"1976_9_10_137":2.9609880386954566,"1976_9_10_48":2.9609635472735794,"1976_9_14_29":991.4929598364604,"1976_9_18_67":1.9463039759021175,"1976_9_23_145":352.2982113149232,"1976_9_25_145":1211.2318201187825,"1976_9_2_70":378.79722191259935,"1976_9_32_145":64.98999463656344,"1976_9_3_137":128.4438304694207,"1976_9_3_142":128.4438255241502,"1976_9_3_48":128.4438329799634,"1976_9_4_48":259.30517732050845,"1976_9_6_137":43.02143586677886,"1976_9_6_142":43.02143107386746,"1976_9_6_48":43.021438089078586,"1976_9_7_48":7.591998726691259,"1976_9_8_142":80.12796257488651,"1976_9_9_142":85.31905313804883,"1976_9_9_70":85.31903801854871,"1977_9_14_29":276.39917509289825,"1977_9_23_145":319.7046746362722,"1977_9_25_145":627.2780172748832,"1977_9_2_70":12.087438439995966,"1977_9_32_145":42.61998745729673,"1977_9_3_137":4.098650971626994,"1977_9_3_142":4.098647009824118,"1977_9_3_48":4.098630208264588,"1977_9_4_48":8.274427537205085,"1977_9_6_137":1.3728149527389246,"1977_9_6_142":1.3728111106483987,"1977_9_6_48":1.372791752357102,"1977_9_8_142":2.5568815049875253,"1977_9_8_70":2.556869387045804,"1977_9_9_142":2.7225312885636765,"1977_9_9_70":2.7225280298342884}