{"1970_9_25_145":743.3872807324269,"1970_9_32_145":47.70149586040076,"1971_9_25_145":325.36033347915316,"1971_9_32_145":207.37222741528805,"1972_9_25_145":3944.4744186734197,"1972_9_31_145":2.906520456411279,"1972_9_32_145":211.17076078749022,"1972_9_3_137":643.6120871507292,"1972_9_6_137":215.57362972749485,"1973_9_25_145":132.6523018236277,"1973_9_32_145":6.871342311906696,"1974_9_25_145":5927.809322787464,"1974_9_32_145":359.8271289017069,"1975_9_25_145":2509.0900807502835,"1975_9_32_145":162.26004609461927,"1976_9_25_145":1211.2289116871216,"1976_9_32_145":64.98993667024199,"1977_9_25_145":627.2772068520302,"1977_9_32_145":42.61993185502988}