{"1970_9_25_145":647.7768076623901,"1970_9_32_145":47.70146391881703,"1971_9_32_145":207.372194526772,"1972_9_25_145":3944.4742057582835,"1972_9_31_145":2.906247699784594,"1972_9_32_145":211.17073321066675,"1972_9_3_137":643.611518499569,"1972_9_6_137":215.5733105320338,"1973_9_32_145":6.871309501584509,"1974_9_32_145":359.8270962838797,"1975_9_25_145":2509.087593720645,"1975_9_32_145":162.26001482665302,"1976_9_32_145":64.98990440472285,"1977_9_25_145":627.2759035103734,"1977_9_32_145":42.61990098085608}