{"1970_9_10_137":1.414182827378214,"1970_9_23_145":333.8881354358785,"1970_9_25_145":743.3890828501432,"1970_9_32_145":47.70154239237404,"1970_9_3_137":61.345617806482394,"1970_9_3_142":61.345603701609335,"1970_9_6_137":20.547317718447488,"1970_9_6_142":20.547304293578115,"1971_9_10_137":14.845781407513753,"1971_9_23_145":941.1619591723592,"1971_9_25_145":3852.8772251137516,"1971_9_32_145":207.37227491682978,"1971_9_3_137":643.9904175694813,"1971_9_3_142":643.990399647697,"1971_9_6_137":215.70043538013653,"1971_9_6_142":215.70041842037833,"1972_9_10_137":14.837066744936326,"1972_9_23_145":1000.7434528192646,"1972_9_25_145":3944.4746401979237,"1972_9_31_145":2.906841802496363,"1972_9_32_145":211.17080026418446,"1972_9_3_137":643.6123065422887,"1972_9_3_142":643.6122985437275,"1972_9_6_137":215.57380440944027,"1972_9_6_142":215.57379667806217,"1972_9_9_142":33.017503161854634,"1973_9_23_145":29.37211264522934,"1973_9_25_145":132.83862905558303,"1973_9_32_145":6.871390150630412,"1973_9_3_137":25.095075571110495,"1973_9_3_142":25.095060229242826,"1973_9_6_137":8.40543069562856,"1973_9_6_142":8.405416065394766,"1974_9_10_137":32.817267538879264,"1974_9_23_145":2289.664552368004,"1974_9_25_145":5927.910693718359,"1974_9_32_145":359.8271746929744,"1974_9_3_137":1423.5695861088254,"1974_9_3_142":1423.5695411098538,"1974_9_6_137":476.8154569457388,"1974_9_6_142":476.8154161746109,"1975_9_10_137":5.717470036023154,"1975_9_23_145":715.2339152282557,"1975_9_25_145":2509.0910784642424,"1975_9_32_145":162.26009137079262,"1975_9_3_137":248.01652085602328,"1975_9_3_142":248.01649781361425,"1975_9_6_137":83.07153493157927,"1975_9_6_142":83.07151356615861,"1976_9_10_137":2.9609850422259165,"1976_9_23_145":352.29816964631175,"1976_9_25_145":1211.2318067007898,"1976_9_32_145":64.98998366807139,"1976_9_3_137":128.44382767243042,"1976_9_3_142":128.44381232859604,"1976_9_6_137":43.02143313083663,"1976_9_6_142":43.02141854171265,"1977_9_23_145":319.7046349458671,"1977_9_25_145":627.2779964937854,"1977_9_32_145":42.619976804518856,"1977_9_3_137":4.0986485850884415,"1977_9_3_142":4.098637706655175,"1977_9_6_137":1.372812618964783,"1977_9_6_142":1.3728022231920571}