{"1970_9_10_137":1.414021806026831,"1970_9_23_145":333.8857178576404,"1970_9_25_145":743.3890237501449,"1970_9_32_145":47.701531865174964,"1970_9_3_137":61.34559546012878,"1970_9_6_137":20.54729700546264,"1971_9_25_145":3852.877182861198,"1971_9_32_145":207.3722643402132,"1971_9_3_137":643.9903844572605,"1971_9_6_137":215.70040526799016,"1972_9_10_137":14.83704297864073,"1972_9_23_145":1000.7433062820713,"1972_9_25_145":3944.4746202369056,"1972_9_31_145":2.906800620364099,"1972_9_32_145":211.17079153264595,"1972_9_3_137":643.6122965577963,"1972_9_6_137":215.57379486320264,"1973_9_25_145":132.83856404575107,"1973_9_32_145":6.871379325891795,"1973_9_3_137":25.095050051164385,"1973_9_6_137":8.405407034502085,"1974_9_25_145":5927.910656459473,"1974_9_32_145":359.8271649904387,"1974_9_3_137":537.5093580195451,"1974_9_6_137":476.8149439375684,"1975_9_23_145":715.2330658324944,"1975_9_25_145":2509.0910387524004,"1975_9_32_145":162.26008121878064,"1975_9_3_137":248.01646723597543,"1975_9_6_137":83.07148902392301,"1976_9_10_137":2.960618651664457,"1976_9_23_145":352.2773157986372,"1976_9_25_145":1211.231748406252,"1976_9_32_145":64.9899730431915,"1976_9_3_137":128.4438021472307,"1976_9_6_137":43.02140957434183,"1977_9_23_145":319.70405555038946,"1977_9_25_145":627.2779435902875,"1977_9_32_145":42.619966629280476,"1977_9_3_137":4.098633373781963,"1977_9_6_137":1.3727983518123748}