{"1970_9_25_145":743.3888671354323,"1970_9_32_145":47.70150997450877,"1970_9_3_137":61.3454488483724,"1970_9_6_137":20.547181384218707,"1971_9_25_145":3852.8770205846954,"1971_9_32_145":207.37224199189777,"1971_9_3_137":286.92527128630104,"1971_9_6_137":215.69962566847582,"1972_9_10_137":14.836887356212312,"1972_9_23_145":1000.7401523402754,"1972_9_25_145":3944.474564111274,"1972_9_31_145":2.906709213558393,"1972_9_32_145":211.17077277275058,"1972_9_3_137":643.6122701293657,"1972_9_6_137":215.57377015615074,"1973_9_25_145":132.83837961320094,"1973_9_32_145":6.871356855042821,"1973_9_3_137":25.094803122584377,"1973_9_6_137":8.40522729319129,"1974_9_25_145":5927.910514569958,"1974_9_32_145":359.8271433055512,"1975_9_25_145":2509.0909098734096,"1975_9_32_145":162.26005987261803,"1976_9_25_145":1211.2315828219964,"1976_9_32_145":64.9899509448108,"1976_9_3_137":128.44355498019684,"1976_9_6_137":43.02123281523989,"1977_9_25_145":627.2778130449851,"1977_9_32_145":42.6199454448623,"1977_9_3_137":4.098578387229525,"1977_9_6_137":1.3727498991040983}