{"1970_9_10_137":1.4141682208882789,"1970_9_23_145":333.8880475593158,"1970_9_25_145":743.3890426792777,"1970_9_32_145":47.70152979451385,"1970_9_3_137":61.34561028962037,"1970_9_6_137":20.547310460351685,"1971_9_10_137":14.845763200946541,"1971_9_23_145":941.1618628200907,"1971_9_25_145":3852.8772056608677,"1971_9_32_145":207.37226230020954,"1971_9_3_137":643.990408706457,"1971_9_6_137":215.70042684058527,"1972_9_10_137":14.837058142300968,"1972_9_23_145":1000.7433961278944,"1972_9_25_145":3944.4746280033223,"1972_9_31_145":2.906806899813037,"1972_9_32_145":211.1707896832083,"1972_9_3_137":643.612299615355,"1972_9_3_142":482.9275950310647,"1972_9_6_137":215.57379685268907,"1972_9_6_142":215.5730303188857,"1973_9_23_145":29.372017072903372,"1973_9_25_145":132.83858538865647,"1973_9_32_145":6.871377228626462,"1973_9_3_137":25.095067598986905,"1973_9_6_137":8.405422983015612,"1974_9_10_137":32.81722623317082,"1974_9_23_145":2289.6644683779377,"1974_9_25_145":5927.9106765803945,"1974_9_32_145":359.8271631149226,"1974_9_3_137":1423.5695708952671,"1974_9_6_137":476.8154424736791,"1975_9_10_137":5.717447098234062,"1975_9_23_145":715.2338329696469,"1975_9_25_145":2509.091056950039,"1975_9_32_145":162.26007920045186,"1975_9_3_137":248.01651042336243,"1975_9_6_137":83.07152498687203,"1976_9_10_137":2.9609692584101466,"1976_9_23_145":352.2980786882992,"1976_9_25_145":1211.2317700177582,"1976_9_32_145":64.98997096586491,"1976_9_3_137":128.44381969960605,"1976_9_6_137":43.021425433432356,"1977_9_23_145":319.7045560480648,"1977_9_25_145":627.2779579726656,"1977_9_32_145":42.61996458998914,"1977_9_3_137":4.098642355376632,"1977_9_6_137":1.3728065956084536}