{"1970_9_10_137":1.4141855808736752,"1970_9_14_29":204.5742935483943,"1970_9_23_145":333.8881588866988,"1970_9_25_145":743.3890953340451,"1970_9_32_145":47.701548332905546,"1970_9_3_137":61.34562037954791,"1970_9_3_142":61.3456153175537,"1970_9_6_137":20.54732023479266,"1970_9_6_142":20.54731533486051,"1970_9_8_142":38.26187757988189,"1970_9_9_142":40.74887432789708,"1971_9_10_137":14.845784468090427,"1971_9_23_145":941.1619796177562,"1971_9_25_145":3852.8772294848573,"1971_9_32_145":207.3722803481565,"1971_9_3_137":643.9904204199165,"1971_9_3_142":643.9904145270492,"1971_9_6_137":215.70043816645358,"1971_9_6_142":215.70043247139694,"1971_9_9_142":427.77159194111397,"1972_9_10_137":14.837068809452557,"1972_9_14_29":3660.735732872246,"1972_9_18_67":8.335049587558741,"1972_9_23_145":1000.7434669781215,"1972_9_25_145":3944.474643493091,"1972_9_31_145":2.9068561988461252,"1972_9_32_145":211.17080463744327,"1972_9_3_137":643.612307919896,"1972_9_3_142":643.612303001349,"1972_9_3_70":374.89965656890706,"1972_9_6_137":215.57380519017198,"1972_9_6_142":215.57379844372966,"1972_9_6_70":215.57364547407528,"1972_9_7_70":38.04241673664417,"1972_9_8_142":401.5089102977417,"1972_9_9_142":427.5206719099808,"1973_9_23_145":29.372137259497876,"1973_9_25_145":132.83864574811824,"1973_9_32_145":6.87139625346906,"1973_9_3_137":25.095078241166547,"1973_9_3_142":25.09507289588712,"1973_9_6_137":8.40543331080807,"1973_9_6_142":8.405428126717299,"1973_9_9_142":16.669352190491367,"1974_9_10_137":32.81727174867211,"1974_9_23_145":2289.6645630068992,"1974_9_25_145":5927.910697728855,"1974_9_32_145":359.8271786439979,"1974_9_3_137":1423.5695899815769,"1974_9_3_142":1423.5695804101692,"1974_9_6_137":476.81546071757964,"1974_9_6_142":476.81545155747625,"1975_9_10_137":5.71747342448051,"1975_9_23_145":715.2339360144626,"1975_9_25_145":2509.091083135757,"1975_9_32_145":162.26009682175726,"1975_9_3_137":248.01652399774386,"1975_9_3_142":248.01651716059297,"1975_9_6_137":83.07153798605671,"1975_9_6_142":83.07153143976755,"1976_9_10_137":2.9609879028048054,"1976_9_14_29":991.4526412756093,"1976_9_23_145":352.29819337172285,"1976_9_25_145":1211.2318151516008,"1976_9_32_145":64.98998963859037,"1976_9_3_137":128.44383034263603,"1976_9_3_142":128.44382499692026,"1976_9_6_137":43.02143574277711,"1976_9_6_142":43.02143056814771,"1976_9_9_142":85.31895753665432,"1977_9_14_29":276.3986555578452,"1977_9_23_145":319.7046573965024,"1977_9_25_145":627.2780094583388,"1977_9_32_145":42.61998257582749,"1977_9_3_137":4.0986508635837104,"1977_9_3_142":4.09864661581582,"1977_9_6_137":1.3728148471006818,"1977_9_6_142":1.3728107323385166,"1977_9_8_142":2.5568031282443844,"1977_9_9_142":2.7224988395447127}