{"1970_9_10_137":1.414186569281983,"1970_9_10_70":1.4141842357666252,"1970_9_14_29":204.58091737430718,"1970_9_23_145":333.8881731444216,"1970_9_25_145":743.3891013074551,"1970_9_32_145":47.70155221656328,"1970_9_3_137":61.34562130746128,"1970_9_3_142":61.34561857177389,"1970_9_3_70":61.34561939524573,"1970_9_4_70":123.8458576807574,"1970_9_6_137":20.54732114352723,"1970_9_6_142":20.547318473818148,"1970_9_6_70":20.547319351998077,"1970_9_7_48":3.6259692292623957,"1970_9_8_142":38.269640794236686,"1970_9_9_142":40.74894366928532,"1971_9_10_137":14.845785557928041,"1971_9_10_70":14.845782355946408,"1971_9_14_29":2642.2687726833033,"1971_9_18_67":6.855529644732252,"1971_9_23_145":941.1619892545128,"1971_9_25_145":3852.8772319128834,"1971_9_32_145":207.37228332903513,"1971_9_3_137":643.9904214406123,"1971_9_3_142":643.990418380062,"1971_9_3_70":643.990418855278,"1971_9_4_70":1300.101566426279,"1971_9_6_137":215.70043916585695,"1971_9_6_142":215.70043618070974,"1971_9_6_70":215.7004367492524,"1971_9_7_48":38.064779194253056,"1971_9_8_142":401.7447751564759,"1971_9_9_142":427.7718462184555,"1972_9_10_137":14.837068009179285,"1972_9_10_48":14.837054269715258,"1972_9_14_29":3660.7358447116676,"1972_9_18_67":8.335050550252069,"1972_9_23_145":1000.7434734868903,"1972_9_25_145":3944.4746454817755,"1972_9_31_145":2.9068655612882335,"1972_9_32_145":211.17080691340948,"1972_9_3_137":643.6123077386424,"1972_9_3_142":643.6123022422123,"1972_9_3_48":643.6123103475442,"1972_9_4_48":132.3869717053781,"1972_9_4_70":1299.3383872820825,"1972_9_6_137":215.5738055854991,"1972_9_6_142":215.57380026037757,"1972_9_6_48":215.57380816484806,"1972_9_7_48":38.0424340073994,"1972_9_8_142":401.5089391590035,"1972_9_9_142":427.5206853461088,"1972_9_9_70":427.5206447128115,"1973_9_14_29":85.19945915367238,"1973_9_23_145":29.372152679928202,"1973_9_25_145":132.8386564679286,"1973_9_32_145":6.871400265615592,"1973_9_3_137":25.095079201727795,"1973_9_3_142":25.09507635283198,"1973_9_3_70":25.09507707039209,"1973_9_4_70":50.662479964608785,"1973_9_6_137":8.405434252930778,"1973_9_6_142":8.405431468122213,"1973_9_6_70":8.405432247548484,"1973_9_7_48":1.483280471253776,"1973_9_8_142":15.65522115386214,"1973_9_9_142":16.6694486251479,"1974_9_10_137":32.81727319962159,"1974_9_10_70":32.81726364126426,"1974_9_14_29":4396.563447492078,"1974_9_18_67":13.295742849683016,"1974_9_23_145":2289.664568157833,"1974_9_25_145":5927.910699984037,"1974_9_32_145":359.82718056153595,"1974_9_3_137":1423.569591329514,"1974_9_3_142":1423.5695870446916,"1974_9_3_70":1423.5695843974563,"1974_9_4_70":2873.9326033769044,"1974_9_6_137":476.81546203421726,"1974_9_6_142":476.81545787193556,"1974_9_6_70":476.8154557275669,"1974_9_7_70":84.14390038151028,"1974_9_8_142":888.0747611136336,"1974_9_9_142":945.6087616189737,"1975_9_10_137":5.717474620239828,"1975_9_10_70":5.717470220126115,"1975_9_14_29":570.543099655595,"1975_9_18_67":1.9476708229587252,"1975_9_23_145":715.233946699207,"1975_9_25_145":2509.09108572353,"1975_9_32_145":162.26010000041296,"1975_9_3_137":248.01652511401042,"1975_9_3_142":248.01652170871702,"1975_9_3_70":248.0165216448928,"1975_9_4_70":500.7010728115906,"1975_9_6_137":83.07153907389554,"1975_9_6_142":83.07153577222324,"1975_9_6_70":83.07153589133038,"1975_9_7_70":14.65968003887746,"1975_9_8_142":154.72177627032104,"1975_9_9_142":164.74544484451786,"1976_9_10_137":2.960988926863219,"1976_9_10_70":2.96098631395161,"1976_9_14_29":991.4929426173705,"1976_9_18_67":1.9463038918166478,"1976_9_23_145":352.2982077156136,"1976_9_25_145":1211.2318192190835,"1976_9_32_145":64.98999351823451,"1976_9_3_137":128.443831303247,"1976_9_3_142":128.44382845418053,"1976_9_3_70":128.44382917157026,"1976_9_4_70":259.3051707981443,"1976_9_6_137":43.021436683804964,"1976_9_6_142":43.021433902792644,"1976_9_6_70":43.02143468572869,"1976_9_7_48":7.591992922090714,"1976_9_8_142":80.12795910936042,"1976_9_9_142":85.3190541078572,"1977_9_14_29":276.3991606901189,"1977_9_23_145":319.70467112601074,"1977_9_25_145":627.2780159199542,"1977_9_32_145":42.61998635301918,"1977_9_3_137":4.098649970909861,"1977_9_3_142":4.098642668660527,"1977_9_3_48":4.0986243300472545,"1977_9_4_70":8.274445139055056,"1977_9_6_137":1.3728139763485243,"1977_9_6_142":1.3728069721872673,"1977_9_6_48":1.3727859637292315,"1977_9_8_142":2.5568824369629115,"1977_9_9_142":2.722532011729953}