{"1970_9_10_137":1.414185692710108,"1970_9_10_48":1.4141600179538083,"1970_9_14_29":204.58093413535502,"1970_9_23_145":333.88817669849954,"1970_9_25_145":743.3891025290435,"1970_9_2_70":180.91605707806994,"1970_9_32_145":47.701553329436734,"1970_9_3_137":61.34562048395291,"1970_9_3_142":61.345615739227206,"1970_9_3_48":61.34562292633254,"1970_9_4_48":123.84586357624141,"1970_9_6_137":20.54732033688417,"1970_9_6_142":20.54731573940202,"1970_9_6_48":20.54731418862064,"1970_9_7_48":3.625974806021335,"1970_9_8_142":38.26963948331791,"1970_9_8_70":38.26951756073602,"1970_9_9_142":40.74894268352973,"1970_9_9_70":40.74893155031251,"1971_9_10_137":14.84578459234454,"1971_9_10_48":14.845770860499847,"1971_9_14_29":2642.268791861043,"1971_9_18_67":6.855529735457688,"1971_9_23_145":941.1619910888032,"1971_9_25_145":3852.8772325663635,"1971_9_32_145":207.37228400275063,"1971_9_3_137":643.9904205356448,"1971_9_3_142":643.9904150400572,"1971_9_3_48":643.9904231444178,"1971_9_4_48":219.9932001364001,"1971_9_4_70":1300.1015702072648,"1971_9_6_137":215.70043827957224,"1971_9_6_142":215.70043296216915,"1971_9_6_48":215.70044085767225,"1971_9_7_48":38.06478052899708,"1971_9_8_142":401.744779005455,"1971_9_9_142":427.7718450172741,"1971_9_9_70":427.7718044237682,"1972_9_10_137":14.837068892939605,"1972_9_10_48":14.837059628269952,"1972_9_14_29":3660.7358541555677,"1972_9_18_67":8.335050593171669,"1972_9_23_145":1000.743474784812,"1972_9_25_145":3944.4746460386755,"1972_9_2_70":1898.0949816360287,"1972_9_31_145":2.906868193395464,"1972_9_32_145":211.1708074147548,"1972_9_3_137":643.6123074637133,"1972_9_3_142":643.6123009839038,"1972_9_3_48":643.6123102000525,"1972_9_3_70":643.6122354513725,"1972_9_4_48":1299.3383912813235,"1972_9_6_137":215.5738053166037,"1972_9_6_142":215.57379905612513,"1972_9_6_48":215.57380802505668,"1972_9_6_70":215.57375752184416,"1972_9_7_48":38.04243382940788,"1972_9_7_70":38.042420549021024,"1972_9_8_142":401.5089384124142,"1972_9_8_70":401.5089358160687,"1972_9_9_142":427.52068892944095,"1972_9_9_70":427.52068854979984,"1973_9_14_29":85.1994772007399,"1973_9_23_145":29.372156793210312,"1973_9_25_145":132.83865940886503,"1973_9_2_70":74.00853844950612,"1973_9_32_145":6.871401426564206,"1973_9_3_137":25.095078349545783,"1973_9_3_142":25.095073348106123,"1973_9_3_48":25.095075468952817,"1973_9_4_48":50.66248630384825,"1973_9_6_137":8.40543341695818,"1973_9_6_142":8.405428561533784,"1973_9_6_48":8.405415223342688,"1973_9_7_48":1.483286182566196,"1973_9_8_142":15.655224571794806,"1973_9_9_142":16.669447567668605,"1973_9_9_70":16.669431064113322,"1974_9_10_137":32.8172739475126,"1974_9_10_70":32.81727180358588,"1974_9_14_29":4396.563478127896,"1974_9_18_67":13.295742986603713,"1974_9_23_145":2289.6645692044576,"1974_9_25_145":5927.910700617499,"1974_9_32_145":359.82718098703157,"1974_9_3_137":1423.5695920330181,"1974_9_3_142":1423.5695893790592,"1974_9_3_70":1423.5695902695659,"1974_9_4_70":2873.9326394724467,"1974_9_6_137":476.8154627240535,"1974_9_6_142":476.81546013121266,"1974_9_6_70":476.81546106694236,"1974_9_7_48":84.14390555855817,"1974_9_8_142":888.074768160728,"1974_9_9_142":945.6087666434821,"1975_9_10_137":5.717473561945018,"1975_9_10_48":5.717449726064138,"1975_9_14_29":570.543121661808,"1975_9_18_67":1.9476709294880328,"1975_9_23_145":715.2339488386934,"1975_9_25_145":2509.0910863858608,"1975_9_32_145":162.2601007603113,"1975_9_3_137":248.01652412526573,"1975_9_3_142":248.0165177838856,"1975_9_3_48":248.016526843698,"1975_9_4_70":500.70108082976685,"1975_9_6_137":83.07153811005325,"1975_9_6_142":83.07153202834995,"1975_9_6_48":83.07154078055879,"1975_9_7_48":14.659669153271425,"1975_9_8_142":154.7217808927239,"1975_9_9_142":164.74544834375988,"1976_9_10_137":2.9609880189935396,"1976_9_10_48":2.960963432577532,"1976_9_14_29":991.4929596015097,"1976_9_18_67":1.946303974805443,"1976_9_23_145":352.2982112546627,"1976_9_25_145":1211.2318201038158,"1976_9_2_70":378.7972142137112,"1976_9_32_145":64.98999461709133,"1976_9_3_137":128.44383045101998,"1976_9_3_142":128.44382544918278,"1976_9_3_48":128.44383297178055,"1976_9_4_48":259.30517730386606,"1976_9_6_137":43.02143584877809,"1976_9_6_142":43.02143100189636,"1976_9_6_48":43.02143807798007,"1976_9_7_48":7.591998627434565,"1976_9_8_142":80.12796252813058,"1976_9_9_142":85.31905305010325,"1976_9_9_70":85.31903652266499,"1977_9_14_29":276.3991748909358,"1977_9_23_145":319.70467457716177,"1977_9_25_145":627.2780172530884,"1977_9_2_70":12.087437885428278,"1977_9_32_145":42.619987437944154,"1977_9_3_137":4.09865095592864,"1977_9_3_142":4.098646953495967,"1977_9_3_48":4.098630107913795,"1977_9_4_48":8.274427421488882,"1977_9_6_137":1.3728149373911014,"1977_9_6_142":1.372811056476398,"1977_9_6_48":1.37279165326526,"1977_9_8_142":2.556881420626307,"1977_9_8_70":2.55686824938625,"1977_9_9_142":2.722531223826915,"1977_9_9_70":2.7225277228774862}