{"1970_9_10_137":1.4141840006892081,"1970_9_10_70":1.4141565405623227,"1970_9_13_13":20.229452827132178,"1970_9_13_9":7.94585710475575,"1970_9_14_29":187.8300493122617,"1970_9_14_7":16.79120093166637,"1970_9_23_145":333.8881566767705,"1970_9_25_145":743.3890941277973,"1970_9_2_9":16.645569336390174,"1970_9_32_145":47.701547252607284,"1970_9_3_137":61.34561887524448,"1970_9_3_142":61.34561154961942,"1970_9_3_70":61.34560147108022,"1970_9_6_137":20.547318757281328,"1970_9_6_142":20.547311671926042,"1970_9_6_70":20.5473035090462,"1970_9_7_70":3.6259866762039565,"1970_9_8_142":38.26962108314812,"1970_9_9_142":40.74892946068592,"1971_9_10_137":14.845782568487664,"1971_9_10_70":14.84474127089972,"1971_9_13_13":124.50647915658972,"1971_9_13_9":266.45673842009643,"1971_9_14_29":2642.2686455758535,"1971_9_18_67":6.855529221275208,"1971_9_23_145":941.16197850543,"1971_9_25_145":3852.8772288919386,"1971_9_2_13":199.02827203900688,"1971_9_2_9":100.68733056552817,"1971_9_32_145":207.37227947271074,"1971_9_3_137":643.9904186180572,"1971_9_3_142":643.9904094486058,"1971_9_3_70":643.9903542282638,"1971_9_6_137":215.70043639881806,"1971_9_6_142":215.70042755999742,"1971_9_6_70":215.7003890187313,"1971_9_7_70":38.06476257901547,"1971_9_8_142":401.74474396605456,"1971_9_9_142":427.7718257224409,"1972_9_10_137":14.837067276780989,"1972_9_10_70":14.83705864191071,"1972_9_13_13":248.36159750646792,"1972_9_13_9":370.2712398209849,"1972_9_14_29":3433.814402078141,"1972_9_14_7":227.63680914498426,"1972_9_18_67":8.335050372778062,"1972_9_23_145":1000.7434659995596,"1972_9_25_145":3944.4746429373254,"1972_9_2_13":201.19001089522013,"1972_9_2_9":167.04846942049718,"1972_9_31_145":2.906854068853063,"1972_9_32_145":211.1708039620802,"1972_9_3_137":643.6123070276356,"1972_9_3_142":643.6123015149406,"1972_9_3_70":643.6123003752015,"1972_9_4_70":1299.3383656905621,"1972_9_6_137":215.57380488427484,"1972_9_6_142":215.57379952245287,"1972_9_6_70":215.57379874940278,"1972_9_7_70":38.04242781760569,"1972_9_8_142":401.50892616984,"1972_9_9_142":427.5206793961812,"1973_9_13_13":3.1885705380785283,"1973_9_13_9":6.668652872026869,"1973_9_14_29":73.78204763352842,"1973_9_14_7":11.43383168327999,"1973_9_23_145":29.37213492567596,"1973_9_25_145":132.83864349163204,"1973_9_2_9":6.7710896981744835,"1973_9_32_145":6.871395143435439,"1973_9_3_137":25.095076702230198,"1973_9_3_142":25.095068990201828,"1973_9_3_70":25.09505497427628,"1973_9_6_137":8.405431797008097,"1973_9_6_142":8.405424322212575,"1973_9_6_70":8.405412865574561,"1973_9_7_70":1.4832993784196933,"1973_9_8_142":15.655199540647516,"1973_9_9_142":16.66943332872916,"1974_9_10_137":32.817271552567526,"1974_9_13_13":337.7782639972452,"1974_9_13_9":371.51184797317444,"1974_9_14_29":4325.912704059568,"1974_9_14_7":71.50079134562982,"1974_9_18_67":13.295742010489477,"1974_9_23_145":2289.6645627610405,"1974_9_25_145":5927.910697113829,"1974_9_2_13":309.2792899483391,"1974_9_2_9":468.65960552121925,"1974_9_32_145":359.827178126145,"1974_9_3_137":1423.5695897626078,"1974_9_3_142":1423.5695830395027,"1974_9_6_137":476.81546049568806,"1974_9_6_142":476.8154539809961,"1974_9_8_142":888.07456186897,"1974_9_9_142":945.6087007731649,"1975_9_10_137":5.7174732974089295,"1975_9_13_13":40.734203015742814,"1975_9_13_9":29.340305750777972,"1975_9_14_29":501.6323065996561,"1975_9_14_7":69.026718837714,"1975_9_18_67":1.9476703082718654,"1975_9_23_145":715.2339344182748,"1975_9_25_145":2509.091082554153,"1975_9_2_13":45.88514828703759,"1975_9_2_9":71.96780620716517,"1975_9_32_145":162.26009589389872,"1975_9_3_137":248.016523822954,"1975_9_3_142":248.01651871837953,"1975_9_3_70":5.932865899720454,"1975_9_6_137":83.07153617592083,"1975_9_6_142":83.07152630146727,"1975_9_6_70":83.07135443149758,"1975_9_7_70":14.659657757233099,"1975_9_8_142":154.72173566369648,"1975_9_9_142":164.74542006189333,"1976_9_10_137":2.9609859319146468,"1976_9_10_70":2.9608149079151804,"1976_9_13_13":89.39224766164713,"1976_9_13_9":89.05548270404948,"1976_9_14_29":913.0320674942196,"1976_9_14_7":78.65657311885424,"1976_9_18_67":1.9463035275794904,"1976_9_23_145":352.29819118761765,"1976_9_25_145":1211.2318144289347,"1976_9_2_13":46.734685010943345,"1976_9_2_9":20.169811496668,"1976_9_32_145":64.98998855726518,"1976_9_3_137":128.44382847440494,"1976_9_3_142":128.4438196492278,"1976_9_3_70":128.44378163585594,"1976_9_6_137":43.021433911077935,"1976_9_6_142":43.02142540153557,"1976_9_6_70":43.021397332964696,"1976_9_7_70":7.592001428154412,"1976_9_8_142":80.12792980357811,"1976_9_9_142":85.31903443667441,"1977_9_13_13":14.941886176794549,"1977_9_13_9":9.351433034229535,"1977_9_14_29":251.15330396704735,"1977_9_14_7":25.300817749767234,"1977_9_23_145":319.7046551538979,"1977_9_25_145":627.2780080574049,"1977_9_2_13":1.3491424316805771,"1977_9_32_145":42.61998152247052,"1977_9_3_137":4.098649552835131,"1977_9_3_142":4.098643568711239,"1977_9_3_70":4.098641022277694,"1977_9_4_70":8.274409812865569,"1977_9_6_137":1.3728135596140065,"1977_9_6_142":1.3728077635060516,"1977_9_6_70":1.3728058296632826,"1977_9_8_142":2.5568685821637533,"1977_9_9_142":2.722521427390903}