{"1970_9_10_137":1.414186011988019,"1970_9_10_70":1.4141790958359313,"1970_9_13_13":20.229452827132178,"1970_9_13_9":7.94585710475575,"1970_9_14_29":187.83011815141452,"1970_9_14_7":16.79120093166637,"1970_9_23_145":333.8881713652268,"1970_9_25_145":743.3891007177272,"1970_9_2_9":16.645569336390174,"1970_9_32_145":47.70155167617336,"1970_9_3_137":61.3456207835204,"1970_9_3_142":61.34561686383392,"1970_9_3_70":61.34561555626738,"1970_9_4_70":123.84584189068121,"1970_9_6_137":20.547320631579193,"1970_9_6_142":20.547316826926078,"1970_9_6_70":20.547315853293902,"1970_9_7_70":3.6259930092671935,"1970_9_8_142":38.26963582302594,"1970_9_9_142":40.748940072446786,"1971_9_10_137":14.845784834543997,"1971_9_10_70":14.845769412851576,"1971_9_13_13":124.50647915658972,"1971_9_13_9":266.45673842009643,"1971_9_14_29":2642.2687407897374,"1971_9_18_67":6.8555295695476755,"1971_9_23_145":941.1619883467913,"1971_9_25_145":3852.8772315969254,"1971_9_2_13":199.02827203900688,"1971_9_2_9":100.68733056552817,"1971_9_32_145":207.3722830079585,"1971_9_3_137":643.9904207624287,"1971_9_3_142":643.9904159818146,"1971_9_3_70":643.990410541022,"1971_9_4_70":1191.0455062741883,"1971_9_6_137":215.70043850374233,"1971_9_6_142":215.70043387477688,"1971_9_6_70":215.70042944284165,"1971_9_7_70":38.064774209947366,"1971_9_8_142":401.7447670300204,"1971_9_9_142":427.77184067083084,"1972_9_10_137":14.83706898748813,"1972_9_10_70":14.837065862922401,"1972_9_13_13":248.36159750646792,"1972_9_13_9":370.2712398209849,"1972_9_14_29":3433.814441268883,"1972_9_14_7":227.63680914498426,"1972_9_18_67":8.335050520571466,"1972_9_23_145":1000.7434728522422,"1972_9_25_145":3944.4746452128993,"1972_9_2_13":201.19001089522013,"1972_9_2_9":167.04846942049718,"1972_9_31_145":2.9068642735056573,"1972_9_32_145":211.1708066767316,"1972_9_3_137":643.6123086563165,"1972_9_3_142":643.6123056223747,"1972_9_3_70":643.6123061314444,"1972_9_4_70":1299.3383830290193,"1972_9_6_137":215.57380648694922,"1972_9_6_142":215.57380352865985,"1972_9_6_70":215.57380412853064,"1972_9_7_48":38.04243347284772,"1972_9_8_142":401.5089354144937,"1972_9_9_142":427.520686625424,"1973_9_13_13":3.1885705380785283,"1973_9_13_9":6.668652872026869,"1973_9_14_29":73.782123563102,"1973_9_14_7":11.43383168327999,"1973_9_23_145":29.37215064039802,"1973_9_25_145":132.83865502218245,"1973_9_2_9":6.7710896981744835,"1973_9_32_145":6.871399702371341,"1973_9_3_137":25.095078663457272,"1973_9_3_142":25.095074560196792,"1973_9_3_70":25.095072637627965,"1973_9_4_70":50.66245754314534,"1973_9_6_137":8.405433725967347,"1973_9_6_142":8.405429735205518,"1973_9_6_70":8.405428202205558,"1973_9_7_70":1.4833065721885224,"1973_9_8_142":15.655215741388195,"1973_9_9_142":16.6694447620052,"1974_9_10_137":32.81727347026999,"1974_9_13_13":337.7782639972452,"1974_9_13_9":371.51184797317444,"1974_9_14_29":4325.912980204371,"1974_9_14_7":71.50079134562982,"1974_9_18_67":13.295742710974626,"1974_9_23_145":2289.6645676342223,"1974_9_25_145":5927.910699677998,"1974_9_2_13":309.2792899483391,"1974_9_2_9":468.65960552121925,"1974_9_32_145":359.82718036017786,"1974_9_3_137":1423.569591584049,"1974_9_3_142":1423.5695879541452,"1974_9_6_137":476.8154622857825,"1974_9_6_142":476.81545875714886,"1974_9_7_70":84.14388069615146,"1974_9_8_142":888.0747336880435,"1974_9_9_142":945.6087474083021,"1975_9_10_137":5.717473878810773,"1975_9_10_70":5.717445016572352,"1975_9_13_13":40.734203015742814,"1975_9_13_9":29.340305750777972,"1975_9_14_29":501.6324190093325,"1975_9_14_7":69.026718837714,"1975_9_18_67":1.9476707315442077,"1975_9_23_145":715.2339456423334,"1975_9_25_145":2509.091085403185,"1975_9_2_13":45.88514828703759,"1975_9_2_9":71.96780620716517,"1975_9_32_145":162.26009963333598,"1975_9_3_137":248.01652442091336,"1975_9_3_142":248.01651911242968,"1975_9_3_70":248.01650846000402,"1975_9_6_137":83.07153840074925,"1975_9_6_142":83.07153330053738,"1975_9_6_70":83.07152509793885,"1975_9_7_70":14.659675391544054,"1975_9_8_142":154.72176638311078,"1975_9_9_142":164.74543839857165,"1976_9_10_137":2.9609881536248035,"1976_9_10_70":2.9609749881139993,"1976_9_13_13":89.39224766164713,"1976_9_13_9":89.05548270404948,"1976_9_14_29":913.0321553442838,"1976_9_14_7":78.65657311885424,"1976_9_18_67":1.946303826581776,"1976_9_23_145":352.2982059414273,"1976_9_25_145":1211.2318187899627,"1976_9_2_13":46.734685010943345,"1976_9_2_9":20.169811496668,"1976_9_32_145":64.98999298398114,"1976_9_3_137":128.4438305776764,"1976_9_3_142":128.443825954993,"1976_9_3_70":128.44382156149928,"1976_9_4_70":259.3050346763775,"1976_9_6_137":43.02143597554674,"1976_9_6_142":43.02143149876462,"1976_9_6_70":43.021427932126315,"1976_9_7_70":7.592011752315803,"1976_9_8_142":80.12795102760589,"1976_9_9_142":85.31904849290663,"1977_9_13_13":14.941886176794549,"1977_9_13_9":9.351433034229535,"1977_9_14_29":251.1533569439675,"1977_9_14_7":25.300817749767234,"1977_9_23_145":319.70466940165613,"1977_9_25_145":627.2780152774735,"1977_9_2_13":1.3491424316805771,"1977_9_32_145":42.61998582638213,"1977_9_3_137":4.098651259792521,"1977_9_3_142":4.0986479914604965,"1977_9_3_70":4.098648165391702,"1977_9_4_70":8.274439417213602,"1977_9_6_137":1.3728152358824253,"1977_9_6_142":1.3728120606757825,"1977_9_6_70":1.3728123779725578,"1977_9_8_142":2.5568790718120717,"1977_9_9_142":2.72252946817377}