{"1970_9_10_137":1.4141861592453924,"1970_9_10_70":1.4141810381651598,"1970_9_13_13":20.229452827132178,"1970_9_13_9":7.94585710475575,"1970_9_14_29":187.8301253064773,"1970_9_14_7":16.79120093166637,"1970_9_23_145":333.8881721375849,"1970_9_25_145":743.38910095509,"1970_9_2_9":16.645569336390174,"1970_9_32_145":47.70155191089421,"1970_9_3_137":61.34562092174427,"1970_9_3_142":61.34561734403028,"1970_9_3_70":61.345616930357515,"1970_9_4_70":123.84584962703904,"1970_9_6_137":20.547320766848774,"1970_9_6_142":20.547317289806042,"1970_9_6_70":20.547317087619632,"1970_9_7_70":3.6259936808048248,"1970_9_8_142":38.26963737032461,"1970_9_9_142":40.7489411518208,"1971_9_10_137":14.845785004665617,"1971_9_10_70":14.84577507392371,"1971_9_13_13":124.50647915658972,"1971_9_13_9":266.45673842009643,"1971_9_14_29":2642.268750873956,"1971_9_18_67":6.855529606061746,"1971_9_23_145":941.1619887153748,"1971_9_25_145":3852.877231732941,"1971_9_2_13":199.02827203900688,"1971_9_2_9":100.68733056552817,"1971_9_32_145":207.37228313875113,"1971_9_3_137":643.9904209215387,"1971_9_3_142":643.9904165968334,"1971_9_3_70":643.9904137725969,"1971_9_4_70":1300.101528690607,"1971_9_6_137":215.70043865932027,"1971_9_6_142":215.70043446538975,"1971_9_6_70":215.7004321967932,"1971_9_7_70":38.0647753842619,"1971_9_8_142":401.7447694709373,"1971_9_9_142":427.77184224142786,"1972_9_10_137":14.83706910872811,"1972_9_10_70":14.837066626233938,"1972_9_13_13":248.36159750646792,"1972_9_13_9":370.2712398209849,"1972_9_14_29":3433.8144450417826,"1972_9_14_7":227.63680914498426,"1972_9_18_67":8.33505053438831,"1972_9_23_145":1000.7434731100802,"1972_9_25_145":3944.4746453289076,"1972_9_2_13":201.19001089522013,"1972_9_2_9":167.04846942049718,"1972_9_31_145":2.906864834398829,"1972_9_32_145":211.1708067715346,"1972_9_3_137":643.612308770648,"1972_9_3_142":643.6123059736723,"1972_9_3_70":643.6123067417451,"1972_9_4_70":1299.3383846413253,"1972_9_6_137":215.57380659910834,"1972_9_6_142":215.57380386943095,"1972_9_6_70":215.57380469809533,"1972_9_7_48":38.042432483606184,"1972_9_8_142":401.5089363373718,"1972_9_9_142":427.5206873187513,"1973_9_13_13":3.1885705380785283,"1973_9_13_9":6.668652872026869,"1973_9_14_29":73.78213151763626,"1973_9_14_7":11.43383168327999,"1973_9_23_145":29.37215153108681,"1973_9_25_145":132.8386556515459,"1973_9_2_9":6.7710896981744835,"1973_9_32_145":6.87139994728185,"1973_9_3_137":25.095078806311168,"1973_9_3_142":25.095075068371738,"1973_9_3_70":25.095074272232566,"1973_9_4_70":50.662469612696995,"1973_9_6_137":8.405433865995265,"1973_9_6_142":8.405430226181924,"1973_9_6_70":8.405429671260642,"1973_9_7_70":1.4833073326844683,"1973_9_8_142":15.655217451017245,"1973_9_9_142":16.6694459352709,"1974_9_10_137":32.81727360931449,"1974_9_13_13":337.7782639972452,"1974_9_13_9":371.51184797317444,"1974_9_14_29":4325.913006492598,"1974_9_14_7":71.50079134562982,"1974_9_18_67":13.295742781485758,"1974_9_23_145":2289.6645678561113,"1974_9_25_145":5927.910699810354,"1974_9_2_13":309.2792899483391,"1974_9_2_9":468.65960552121925,"1974_9_32_145":359.82718044125534,"1974_9_3_137":1423.5695905847022,"1974_9_3_142":1423.569583834856,"1974_9_3_70":1423.569428507172,"1974_9_6_137":476.81546130923084,"1974_9_6_142":476.81545481372103,"1974_9_6_70":476.8153867417522,"1974_9_7_70":84.1438901972645,"1974_9_8_142":888.0747439861278,"1974_9_9_142":945.608751955556,"1975_9_10_137":5.717474062118364,"1975_9_10_70":5.717458606923798,"1975_9_13_13":40.734203015742814,"1975_9_13_9":29.340305750777972,"1975_9_14_29":501.6324309277367,"1975_9_14_7":69.026718837714,"1975_9_18_67":1.9476707763733698,"1975_9_23_145":715.2339460755801,"1975_9_25_145":2509.091085539893,"1975_9_2_13":45.88514828703759,"1975_9_2_9":71.96780620716517,"1975_9_32_145":162.26009978678528,"1975_9_3_137":248.01652459187528,"1975_9_3_142":248.01651981453585,"1975_9_3_70":248.0165143972807,"1975_9_4_70":93.63953444177741,"1975_9_6_137":83.07153856711459,"1975_9_6_142":83.0715339678909,"1975_9_6_70":83.07152971577844,"1975_9_7_70":14.65967702416018,"1975_9_8_142":154.72176957414766,"1975_9_9_142":164.74544034157458,"1976_9_10_137":2.960988319713536,"1976_9_10_70":2.960979540722268,"1976_9_13_13":89.39224766164713,"1976_9_13_9":89.05548270404948,"1976_9_14_29":913.032164623764,"1976_9_14_7":78.65657311885424,"1976_9_18_67":1.946303857927626,"1976_9_23_145":352.2982067110143,"1976_9_25_145":1211.2318189670953,"1976_9_2_13":46.734685010943345,"1976_9_2_9":20.169811496668,"1976_9_32_145":64.98999321576892,"1976_9_3_137":128.4438307331067,"1976_9_3_142":128.44382654460077,"1976_9_3_70":128.44382429756575,"1976_9_4_70":259.3051433466683,"1976_9_6_137":43.02143612751942,"1976_9_6_142":43.021432065164376,"1976_9_6_70":43.0214302891247,"1976_9_7_70":7.59201281223918,"1976_9_8_142":80.12795327786468,"1976_9_9_142":85.31904996355391,"1977_9_13_13":14.941886176794549,"1977_9_13_9":9.351433034229535,"1977_9_14_29":251.15336229002156,"1977_9_14_7":25.300817749767234,"1977_9_23_145":319.704670150103,"1977_9_25_145":627.2780155359675,"1977_9_2_13":1.3491424316805771,"1977_9_32_145":42.61998605516648,"1977_9_3_137":4.0986513807131075,"1977_9_3_142":4.098648375856214,"1977_9_3_70":4.09864892076591,"1977_9_4_70":8.274441727991611,"1977_9_6_137":1.3728153542048778,"1977_9_6_142":1.3728124318173485,"1977_9_6_70":1.3728130720127887,"1977_9_8_142":2.556880137190996,"1977_9_9_142":2.722530253560149}