{"1970_9_10_137":1.4141865555683089,"1970_9_10_70":1.4141841602251526,"1970_9_13_13":20.229452827132178,"1970_9_13_9":7.94585710475575,"1970_9_14_29":187.83014101376398,"1970_9_14_7":16.79120093166637,"1970_9_23_145":333.8881743622683,"1970_9_25_145":743.3891017374119,"1970_9_2_9":16.645569336390174,"1970_9_32_145":47.70155258858245,"1970_9_3_137":61.345621294915766,"1970_9_3_142":61.34561853422875,"1970_9_3_70":61.34561933564547,"1970_9_4_70":123.84585753414824,"1970_9_6_137":20.547321132421924,"1970_9_6_142":20.54731844094405,"1970_9_6_70":20.547319301626437,"1970_9_7_48":3.6259691032491013,"1970_9_8_142":38.269640697732854,"1970_9_9_142":40.748943595838995,"1971_9_10_137":14.845785459095739,"1971_9_10_70":14.845781593544023,"1971_9_13_13":124.50647915658972,"1971_9_13_9":266.45673842009643,"1971_9_14_29":2642.268771855115,"1971_9_18_67":6.855529682007916,"1971_9_23_145":941.1619899063865,"1971_9_25_145":3852.877232131867,"1971_9_2_13":199.02827203900688,"1971_9_2_9":100.68733056552817,"1971_9_32_145":207.37228356506478,"1971_9_3_137":643.9904213480715,"1971_9_3_142":643.9904180847309,"1971_9_3_70":643.9904182667252,"1971_9_4_70":1300.1015645922241,"1971_9_6_137":215.7004390768711,"1971_9_6_142":215.70043590019105,"1971_9_6_70":215.7004362153692,"1971_9_7_70":38.06477751397551,"1971_9_8_142":401.74477433080125,"1971_9_9_142":427.7718456111429,"1972_9_10_137":14.83706773524611,"1972_9_10_48":14.837052747723869,"1972_9_13_13":248.36159750646792,"1972_9_13_9":370.2712398209849,"1972_9_14_29":3433.814454028832,"1972_9_14_7":227.63680914498426,"1972_9_18_67":8.335050566868185,"1972_9_23_145":1000.7434739435067,"1972_9_25_145":3944.474645667981,"1972_9_2_13":201.19001089522013,"1972_9_2_9":167.04846942049718,"1972_9_31_145":2.9068664420517876,"1972_9_32_145":211.17080708911124,"1972_9_3_137":643.6123074846287,"1972_9_3_142":643.6123010845548,"1972_9_3_48":643.6123102123086,"1972_9_4_70":1299.3383873580228,"1972_9_6_137":215.57380534037466,"1972_9_6_142":215.57379916780437,"1972_9_6_48":215.57380803849813,"1972_9_7_48":38.042433847313326,"1972_9_8_142":401.5089384694728,"1972_9_9_142":427.5206889748379,"1973_9_13_13":3.1885705380785283,"1973_9_13_9":6.668652872026869,"1973_9_14_29":73.78214870673456,"1973_9_14_7":11.43383168327999,"1973_9_23_145":29.372154064109168,"1973_9_25_145":132.83865745665915,"1973_9_2_9":6.7710896981744835,"1973_9_32_145":6.8714006526885525,"1973_9_3_137":25.09507919136431,"1973_9_3_142":25.09507632126246,"1973_9_3_70":25.095077017220653,"1973_9_4_70":50.66247982525619,"1973_9_6_137":8.405434243799357,"1973_9_6_142":8.405431440593631,"1973_9_6_70":8.40543220277704,"1973_9_7_48":1.4832803673337773,"1973_9_8_142":15.655221070275033,"1973_9_9_142":16.669448562126462,"1974_9_10_137":32.81727301321909,"1974_9_10_70":32.81725759147155,"1974_9_13_13":337.7782639972452,"1974_9_13_9":371.51184797317444,"1974_9_14_29":4325.913051569147,"1974_9_14_7":71.50079134562982,"1974_9_18_67":13.295742909693976,"1974_9_23_145":2289.6645685194667,"1974_9_25_145":5927.910700195563,"1974_9_2_13":309.2792899483391,"1974_9_2_9":468.65960552121925,"1974_9_32_145":359.8271807093275,"1974_9_3_137":1423.5695911558835,"1974_9_3_142":1423.5695863752903,"1974_9_3_70":1423.5695809346505,"1974_9_4_70":217.01247772081283,"1974_9_6_137":476.8154618669074,"1974_9_6_142":476.81545723812116,"1974_9_6_70":476.8154528072871,"1974_9_7_70":84.14389912176011,"1974_9_8_142":888.0747584656407,"1974_9_9_142":945.608759911737,"1975_9_10_137":5.71747454975514,"1975_9_10_70":5.717469498312444,"1975_9_13_13":40.734203015742814,"1975_9_13_9":29.340305750777972,"1975_9_14_29":501.6324550184953,"1975_9_14_7":69.026718837714,"1975_9_18_67":1.947670867095081,"1975_9_23_145":715.2339474591009,"1975_9_25_145":2509.091085946851,"1975_9_2_13":45.88514828703759,"1975_9_2_9":71.96780620716517,"1975_9_32_145":162.2601002648946,"1975_9_3_137":248.01652504842684,"1975_9_3_142":248.01652148928045,"1975_9_3_70":248.01652111620484,"1975_9_4_70":500.70107064168724,"1975_9_6_137":83.07153901204511,"1975_9_6_142":83.07153556854752,"1975_9_6_70":83.071535432287,"1975_9_7_70":14.65967976663078,"1975_9_8_142":154.72177560530972,"1975_9_9_142":164.74544436913447,"1976_9_10_137":2.960988763947367,"1976_9_10_70":2.960985204100934,"1976_9_13_13":89.39224766164713,"1976_9_13_9":89.05548270404948,"1976_9_14_29":913.0321841967582,"1976_9_14_7":78.65657311885424,"1976_9_18_67":1.9463039252357506,"1976_9_23_145":352.2982089310288,"1976_9_25_145":1211.231819525293,"1976_9_2_13":46.734685010943345,"1976_9_2_9":20.169811496668,"1976_9_32_145":64.98999388671912,"1976_9_3_137":128.4438311502818,"1976_9_3_142":128.4438279772082,"1976_9_3_70":128.44382829766698,"1976_9_4_70":259.30516833440805,"1976_9_6_137":43.02143653588509,"1976_9_6_142":43.02143344695521,"1976_9_6_70":43.021433884929635,"1976_9_7_70":7.5920147771847,"1976_9_8_142":80.12795782481106,"1976_9_9_142":85.31905315073199,"1977_9_13_13":14.941886176794549,"1977_9_13_9":9.351433034229535,"1977_9_14_29":251.15337450464904,"1977_9_14_7":25.300817749767234,"1977_9_23_145":319.7046723071541,"1977_9_25_145":627.2780163902527,"1977_9_2_13":1.3491424316805771,"1977_9_32_145":42.61998671548727,"1977_9_3_137":4.0986500113132305,"1977_9_3_142":4.0986428793468175,"1977_9_3_48":4.0986245520161235,"1977_9_4_70":8.274445272730032,"1977_9_6_137":1.3728140178442096,"1977_9_6_142":1.3728071821054724,"1977_9_6_48":1.3727861932727075,"1977_9_8_142":2.5568825536939284,"1977_9_9_142":2.722532103408789}