{"1970_9_10_137":1.414186555568342,"1970_9_10_70":1.4141841602253362,"1970_9_13_13":20.229452827132178,"1970_9_13_9":7.94585710475575,"1970_9_14_29":187.83014101376511,"1970_9_14_7":16.79120093166637,"1970_9_23_145":333.8881743622684,"1970_9_25_145":743.3891017374119,"1970_9_2_9":16.645569336390174,"1970_9_32_145":47.7015525885825,"1970_9_3_137":61.345621294915794,"1970_9_3_142":61.345618534228834,"1970_9_3_70":61.34561933564562,"1970_9_4_70":123.8458575341486,"1970_9_6_137":20.547321132421956,"1970_9_6_142":20.54731844094414,"1970_9_6_70":20.547319301626576,"1970_9_7_48":3.6259691032494317,"1970_9_8_142":38.26964069773309,"1970_9_9_142":40.74894359583917,"1971_9_10_137":14.845785459095774,"1971_9_10_70":14.845781593544338,"1971_9_13_13":124.50647915658972,"1971_9_13_9":266.45673842009643,"1971_9_14_29":2642.2687718551165,"1971_9_18_67":6.855529682007921,"1971_9_23_145":941.1619899063865,"1971_9_25_145":3852.877232131867,"1971_9_2_13":199.02827203900688,"1971_9_2_9":100.68733056552817,"1971_9_32_145":207.3722835650648,"1971_9_3_137":643.9904213480715,"1971_9_3_142":643.990418084731,"1971_9_3_70":643.9904182667254,"1971_9_4_70":1300.1015645922248,"1971_9_6_137":215.70043907687113,"1971_9_6_142":215.70043590019117,"1971_9_6_70":215.70043621536942,"1971_9_7_70":38.06477751397564,"1971_9_8_142":401.74477433080153,"1971_9_9_142":427.77184561114314,"1972_9_10_137":14.83706773524617,"1972_9_10_48":14.837052747724218,"1972_9_13_13":248.36159750646792,"1972_9_13_9":370.2712398209849,"1972_9_14_29":3433.814454028833,"1972_9_14_7":227.63680914498426,"1972_9_18_67":8.335050566868187,"1972_9_23_145":1000.7434739435067,"1972_9_25_145":3944.474645667981,"1972_9_2_13":201.19001089522013,"1972_9_2_9":167.04846942049718,"1972_9_31_145":2.9068664420519275,"1972_9_32_145":211.1708070891113,"1972_9_3_137":643.6123074846287,"1972_9_3_142":643.612301084555,"1972_9_3_48":643.6123102123086,"1972_9_4_70":1299.338387358023,"1972_9_6_137":215.57380534037472,"1972_9_6_142":215.57379916780462,"1972_9_6_48":215.57380803849813,"1972_9_7_48":38.042433847313376,"1972_9_8_142":401.508938469473,"1972_9_9_142":427.52068897483804,"1973_9_13_13":3.1885705380785283,"1973_9_13_9":6.668652872026869,"1973_9_14_29":73.78214870673578,"1973_9_14_7":11.43383168327999,"1973_9_23_145":29.372154064109385,"1973_9_25_145":132.8386574566593,"1973_9_2_9":6.7710896981744835,"1973_9_32_145":6.871400652688614,"1973_9_3_137":25.095079191364338,"1973_9_3_142":25.095076321262557,"1973_9_3_70":25.09507701722082,"1973_9_4_70":50.66247982525662,"1973_9_6_137":8.405434243799387,"1973_9_6_142":8.405431440593727,"1973_9_6_70":8.405432202777195,"1973_9_7_48":1.4832803673341122,"1973_9_8_142":15.655221070275287,"1973_9_9_142":16.669448562126654,"1974_9_10_137":32.81727301321914,"1974_9_10_70":32.81725759147381,"1974_9_13_13":337.7782639972452,"1974_9_13_9":371.51184797317444,"1974_9_14_29":4325.9130515691495,"1974_9_14_7":71.50079134562982,"1974_9_18_67":13.295742909693983,"1974_9_23_145":2289.6645685194667,"1974_9_25_145":5927.910700195563,"1974_9_2_13":309.2792899483391,"1974_9_2_9":468.65960552121925,"1974_9_32_145":359.8271807093275,"1974_9_3_137":1423.5695911558837,"1974_9_3_142":1423.5695863752908,"1974_9_3_70":1423.5695809346514,"1974_9_4_70":2567.979191166272,"1974_9_6_137":476.8154618669074,"1974_9_6_142":476.8154572381213,"1974_9_6_70":476.8154528072881,"1974_9_7_70":84.14389912176051,"1974_9_8_142":888.0747584656415,"1974_9_9_142":945.6087599117376,"1975_9_10_137":5.71747454975518,"1975_9_10_70":5.717469498312886,"1975_9_13_13":40.734203015742814,"1975_9_13_9":29.340305750777972,"1975_9_14_29":501.63245501849696,"1975_9_14_7":69.026718837714,"1975_9_18_67":1.947670867095087,"1975_9_23_145":715.233947459101,"1975_9_25_145":2509.091085946851,"1975_9_2_13":45.88514828703759,"1975_9_2_9":71.96780620716517,"1975_9_32_145":162.26010026489462,"1975_9_3_137":248.0165250484269,"1975_9_3_142":248.01652148928056,"1975_9_3_70":248.01652111620515,"1975_9_4_70":500.7010706416886,"1975_9_6_137":83.07153901204515,"1975_9_6_142":83.07153556854765,"1975_9_6_70":83.07153543228729,"1975_9_7_70":14.659679766630946,"1975_9_8_142":154.7217756053101,"1975_9_9_142":164.74544436913476,"1976_9_10_137":2.960988763947404,"1976_9_10_70":2.96098520410122,"1976_9_13_13":89.39224766164713,"1976_9_13_9":89.05548270404948,"1976_9_14_29":913.0321841967597,"1976_9_14_7":78.65657311885424,"1976_9_18_67":1.9463039252357552,"1976_9_23_145":352.2982089310289,"1976_9_25_145":1211.231819525293,"1976_9_2_13":46.734685010943345,"1976_9_2_9":20.169811496668,"1976_9_32_145":64.98999388671918,"1976_9_3_137":128.44383115028182,"1976_9_3_142":128.44382797720831,"1976_9_3_70":128.44382829766718,"1976_9_4_70":259.30516833440873,"1976_9_6_137":43.021436535885115,"1976_9_6_142":43.02143344695531,"1976_9_6_70":43.02143388492984,"1976_9_7_70":7.59201477718488,"1976_9_8_142":80.12795782481138,"1976_9_9_142":85.31905315073222,"1977_9_13_13":14.941886176794549,"1977_9_13_9":9.351433034229535,"1977_9_14_29":251.15337450464992,"1977_9_14_7":25.300817749767234,"1977_9_23_145":319.7046723071543,"1977_9_25_145":627.2780163902528,"1977_9_2_13":1.3491424316805771,"1977_9_32_145":42.619986715487336,"1977_9_3_137":4.098650011313293,"1977_9_3_142":4.098642879347134,"1977_9_3_48":4.0986245520164575,"1977_9_4_70":8.274445272730235,"1977_9_6_137":1.3728140178442694,"1977_9_6_142":1.3728071821080565,"1977_9_6_48":1.372786193273037,"1977_9_8_142":2.5568825536941064,"1977_9_9_142":2.722532103408929}