{"1970_9_10_137":1.4141867041208296,"1970_9_10_70":1.414184904852548,"1970_9_13_13":20.229452827132178,"1970_9_13_9":7.94585710475575,"1970_9_14_29":187.8301458662674,"1970_9_14_7":16.79120093166637,"1970_9_23_145":333.8881752338734,"1970_9_25_145":743.3891020375727,"1970_9_2_9":16.645569336390174,"1970_9_32_145":47.701552860403766,"1970_9_3_137":61.345619651021174,"1970_9_3_142":61.34561184212598,"1970_9_3_48":61.345622415880555,"1970_9_4_70":123.8458589225287,"1970_9_6_137":20.547319526131613,"1970_9_6_142":20.547312039275795,"1970_9_6_48":20.54730965990253,"1970_9_7_48":3.6259705885947526,"1970_9_8_142":38.269641706893196,"1970_9_9_142":40.74894437236911,"1971_9_10_137":14.845785628175209,"1971_9_10_70":14.845782825524516,"1971_9_13_13":124.50647915658972,"1971_9_13_9":266.45673842009643,"1971_9_14_29":2642.268778035741,"1971_9_18_67":6.855529704269978,"1971_9_23_145":941.1619903575099,"1971_9_25_145":3852.8772322914606,"1971_9_2_13":199.02827203900688,"1971_9_2_9":100.68733056552817,"1971_9_32_145":207.37228373072261,"1971_9_3_137":643.9904215073377,"1971_9_3_142":643.990418587505,"1971_9_3_70":643.9904192305373,"1971_9_4_70":1300.101567455609,"1971_9_6_137":215.70043923296555,"1971_9_6_142":215.70043638693608,"1971_9_6_70":215.70043710737372,"1971_9_7_48":38.064779442226545,"1971_9_8_142":401.7447757089754,"1971_9_9_142":427.7718466310374,"1972_9_10_137":14.837068008929784,"1972_9_10_48":14.837054268320342,"1972_9_13_13":248.36159750646792,"1972_9_13_9":370.2712398209849,"1972_9_14_29":3433.8144570215145,"1972_9_14_7":227.63680914498426,"1972_9_18_67":8.335050577449602,"1972_9_23_145":1000.743474262288,"1972_9_25_145":3944.4746458039663,"1972_9_2_13":201.19001089522013,"1972_9_2_9":167.04846942049718,"1972_9_31_145":2.906867084855266,"1972_9_32_145":211.17080721232958,"1972_9_3_137":643.6123077392834,"1972_9_3_142":643.6123022449908,"1972_9_3_48":643.6123103478566,"1972_9_4_48":578.0089709818242,"1972_9_4_70":1299.338378680027,"1972_9_6_137":215.5738055891304,"1972_9_6_142":215.57380027579575,"1972_9_6_48":215.5738081665668,"1972_9_7_48":38.042434031276855,"1972_9_8_142":401.5089391595298,"1972_9_9_142":427.5206853472551,"1972_9_9_70":427.520644780515,"1973_9_13_13":3.1885705380785283,"1973_9_13_9":6.668652872026869,"1973_9_14_29":73.78215394254207,"1973_9_14_7":11.43383168327999,"1973_9_23_145":29.37215506923032,"1973_9_25_145":132.83865817549952,"1973_9_2_9":6.7710896981744835,"1973_9_32_145":6.871400936094122,"1973_9_3_137":25.095079335903527,"1973_9_3_142":25.095076752232544,"1973_9_3_70":25.095077694394558,"1973_9_4_70":50.66248143779243,"1973_9_6_137":8.405432576904413,"1973_9_6_142":8.405424565735169,"1973_9_6_48":8.405410464782832,"1973_9_7_48":1.4832818931087612,"1973_9_8_142":15.655222152795586,"1973_9_9_142":16.66944938822304,"1974_9_10_137":32.817273237216234,"1974_9_10_70":32.8172644694878,"1974_9_13_13":337.7782639972452,"1974_9_13_9":371.51184797317444,"1974_9_14_29":4325.9130628750845,"1974_9_14_7":71.50079134562982,"1974_9_18_67":13.295742943007482,"1974_9_23_145":2289.664568775656,"1974_9_25_145":5927.910700350218,"1974_9_2_13":309.2792899483391,"1974_9_2_9":468.65960552121925,"1974_9_32_145":359.82718081372053,"1974_9_3_137":1423.569591365445,"1974_9_3_142":1423.5695871780588,"1974_9_3_70":1423.5695849354634,"1974_9_4_70":2873.9326109838976,"1974_9_6_137":476.8154620718322,"1974_9_6_142":476.81545800928586,"1974_9_6_70":476.81545623257824,"1974_9_7_70":84.14390061392149,"1974_9_8_142":888.074761595163,"1974_9_9_142":945.6087619395284,"1975_9_10_137":5.717474730443115,"1975_9_10_70":5.717471169960271,"1975_9_13_13":40.734203015742814,"1975_9_13_9":29.340305750777972,"1975_9_14_29":501.6324619393356,"1975_9_14_7":69.026718837714,"1975_9_18_67":1.9476708931749984,"1975_9_23_145":715.2339479856563,"1975_9_25_145":2509.0910861087027,"1975_9_2_13":45.88514828703759,"1975_9_2_9":71.96780620716517,"1975_9_32_145":162.26010045170486,"1975_9_3_137":248.0165252182504,"1975_9_3_142":248.01652204769812,"1975_9_3_70":248.0165223718368,"1975_9_4_70":500.7010752970787,"1975_9_6_137":83.07153917778946,"1975_9_6_142":83.07153610504044,"1975_9_6_70":83.07153656439286,"1975_9_7_70":14.659680443239907,"1975_9_8_142":154.7217772422383,"1975_9_9_142":164.74544555171656,"1976_9_10_137":2.960988929445952,"1976_9_10_70":2.9609863293186436,"1976_9_13_13":89.39224766164713,"1976_9_13_9":89.05548270404948,"1976_9_14_29":913.0321900322588,"1976_9_14_7":78.65657311885424,"1976_9_18_67":1.9463039456137223,"1976_9_23_145":352.298209799273,"1976_9_25_145":1211.2318197421382,"1976_9_2_13":46.734685010943345,"1976_9_2_9":20.169811496668,"1976_9_32_145":64.98999415529404,"1976_9_3_137":128.4438313062434,"1976_9_3_142":128.44382846328875,"1976_9_3_70":128.44382918680012,"1976_9_4_70":259.3051708313897,"1976_9_6_137":43.02143668872939,"1976_9_6_142":43.0214339175961,"1976_9_6_70":43.021434709576454,"1976_9_7_48":7.591992964755018,"1976_9_8_142":80.12795913069138,"1976_9_9_142":85.31905412406385,"1977_9_13_13":14.941886176794549,"1977_9_13_9":9.351433034229535,"1977_9_14_29":251.15337841774917,"1977_9_14_7":25.300817749767234,"1977_9_23_145":319.7046731533792,"1977_9_25_145":627.2780167180152,"1977_9_2_13":1.3491424316805771,"1977_9_32_145":42.61998698045125,"1977_9_3_137":4.098650284107669,"1977_9_3_142":4.09864421317343,"1977_9_3_48":4.098626075741045,"1977_9_4_70":8.274446088991617,"1977_9_6_137":1.3728142834403696,"1977_9_6_142":1.3728084448971405,"1977_9_6_48":1.3727876891280215,"1977_9_8_142":2.5568833226858687,"1977_9_9_142":2.7225320562504445}