{"1970_9_10_137":1.4141867158585613,"1970_9_10_70":1.4141849574426553,"1970_9_13_13":20.229452827132178,"1970_9_13_9":7.94585710475575,"1970_9_14_29":187.8301462301297,"1970_9_14_7":16.79120093166637,"1970_9_23_145":333.8881753034624,"1970_9_25_145":743.3891020612789,"1970_9_2_9":16.645569336390174,"1970_9_32_145":47.70155288232496,"1970_9_3_137":61.34561967608555,"1970_9_3_142":61.34561197988995,"1970_9_3_48":61.34562243676781,"1970_9_4_70":123.84585901532098,"1970_9_6_137":20.54731955054258,"1970_9_6_142":20.547312169342877,"1970_9_6_48":20.547309791320128,"1970_9_7_48":3.625970707001158,"1970_9_8_142":38.26964178221376,"1970_9_9_142":40.74894443101749,"1971_9_10_137":14.845785641513306,"1971_9_10_70":14.845782908864205,"1971_9_13_13":124.50647915658972,"1971_9_13_9":266.45673842009643,"1971_9_14_29":2642.2687784937334,"1971_9_18_67":6.855529705915288,"1971_9_23_145":941.1619903929962,"1971_9_25_145":3852.87723230432,"1971_9_2_13":199.02827203900688,"1971_9_2_9":100.68733056552817,"1971_9_32_145":207.3722837438283,"1971_9_3_137":643.9904215199149,"1971_9_3_142":643.9904186261039,"1971_9_3_70":643.990419297231,"1971_9_4_70":1300.1015676304303,"1971_9_6_137":215.7004392452964,"1971_9_6_142":215.70043642434447,"1971_9_6_70":215.70043716950684,"1971_9_7_48":38.06477948437015,"1971_9_8_142":401.7447758101686,"1971_9_9_142":427.7718467071201,"1972_9_10_137":14.837068030306176,"1972_9_10_48":14.837054389138434,"1972_9_13_13":248.36159750646792,"1972_9_13_9":370.2712398209849,"1972_9_14_29":3433.8144572503597,"1972_9_14_7":227.63680914498426,"1972_9_18_67":8.335050578252268,"1972_9_23_145":1000.7434742874714,"1972_9_25_145":3944.474645814933,"1972_9_2_13":201.19001089522013,"1972_9_2_70":1573.8754221644595,"1972_9_2_9":167.04846942049718,"1972_9_31_145":2.9068671366762135,"1972_9_32_145":211.17080722207712,"1972_9_3_137":643.6123077592068,"1972_9_3_142":643.6123023309972,"1972_9_3_48":643.6123103574995,"1972_9_4_48":1299.3383907028172,"1972_9_6_137":215.57380560860264,"1972_9_6_142":215.57380035811062,"1972_9_6_48":215.5738081757142,"1972_9_7_48":38.04243404440825,"1972_9_8_142":401.50893921189936,"1972_9_9_142":427.52068544918865,"1972_9_9_70":427.5206502026238,"1973_9_13_13":3.1885705380785283,"1973_9_13_9":6.668652872026869,"1973_9_14_29":73.78215433374955,"1973_9_14_7":11.43383168327999,"1973_9_23_145":29.3721551500809,"1973_9_25_145":132.8386582333403,"1973_9_2_9":6.7710896981744835,"1973_9_32_145":6.871400958973964,"1973_9_3_137":25.095077514434767,"1973_9_3_142":25.095069302144747,"1973_9_3_48":25.095071128421576,"1973_9_4_70":50.6624815438378,"1973_9_6_137":8.405432602370173,"1973_9_6_142":8.405424708413543,"1973_9_6_48":8.40541060297789,"1973_9_7_48":1.4832820144796235,"1973_9_8_142":15.65522223331264,"1973_9_9_142":16.669449450449722,"1974_9_10_137":32.81727325479046,"1974_9_10_70":32.81726482677653,"1974_9_13_13":337.7782639972452,"1974_9_13_9":371.51184797317444,"1974_9_14_29":4325.913063682526,"1974_9_14_7":71.50079134562982,"1974_9_18_67":13.295742945396567,"1974_9_23_145":2289.6645687960513,"1974_9_25_145":5927.910700362696,"1974_9_2_13":309.2792899483391,"1974_9_2_9":468.65960552121925,"1974_9_32_145":359.82718082201046,"1974_9_3_137":1423.569591381909,"1974_9_3_142":1423.5695872386032,"1974_9_3_70":1423.5695851669238,"1974_9_4_70":2873.932613710145,"1974_9_6_137":476.81546208793947,"1974_9_6_142":476.8154580675461,"1974_9_6_70":476.8154564359798,"1974_9_7_70":84.14390071289115,"1974_9_8_142":888.0747618120386,"1974_9_9_142":945.6087620848509,"1975_9_10_137":5.717474744679801,"1975_9_10_70":5.717471279446437,"1975_9_13_13":40.734203015742814,"1975_9_13_9":29.340305750777972,"1975_9_14_29":501.63246244907464,"1975_9_14_7":69.026718837714,"1975_9_18_67":1.9476708950959283,"1975_9_23_145":715.2339480270805,"1975_9_25_145":2509.091086121712,"1975_9_2_13":45.88514828703759,"1975_9_2_9":71.96780620716517,"1975_9_32_145":162.260100466523,"1975_9_3_137":248.01652523164614,"1975_9_3_142":248.0165220904145,"1975_9_3_70":248.01652245661748,"1975_9_4_70":500.7010755591329,"1975_9_6_137":83.07153919086907,"1975_9_6_142":83.0715361461372,"1975_9_6_70":83.07153664160087,"1975_9_7_48":14.659664068961765,"1975_9_8_142":154.7217773612082,"1975_9_9_142":164.7454456392778,"1976_9_10_137":2.96098894250643,"1976_9_10_70":2.960986406100467,"1976_9_13_13":89.39224766164713,"1976_9_13_9":89.05548270404948,"1976_9_14_29":913.0321904659544,"1976_9_14_7":78.65657311885424,"1976_9_18_67":1.9463039471337968,"1976_9_23_145":352.29820986852957,"1976_9_25_145":1211.2318197593852,"1976_9_2_13":46.734685010943345,"1976_9_2_9":20.169811496668,"1976_9_32_145":64.98999417692582,"1976_9_3_137":128.44383131856392,"1976_9_3_142":128.44382850064773,"1976_9_3_70":128.4438292487499,"1976_9_4_70":259.3051709868661,"1976_9_6_137":43.021436700807705,"1976_9_6_142":43.02143395380624,"1976_9_6_70":43.02143476738802,"1976_9_7_48":7.5919930943089415,"1976_9_8_142":80.12795922686645,"1976_9_9_142":85.31905419683626,"1977_9_13_13":14.941886176794549,"1977_9_13_9":9.351433034229535,"1977_9_14_29":251.15337871392666,"1977_9_14_7":25.300817749767234,"1977_9_23_145":319.70467322097517,"1977_9_25_145":627.2780167438749,"1977_9_2_13":1.3491424316805771,"1977_9_32_145":42.61998700182441,"1977_9_3_137":4.098650305416252,"1977_9_3_142":4.098644311291152,"1977_9_3_48":4.098626196955182,"1977_9_4_70":8.27444614626118,"1977_9_6_137":1.3728143041997165,"1977_9_6_142":1.3728085381050923,"1977_9_6_48":1.3727878083132876,"1977_9_8_142":2.556883380787954,"1977_9_9_142":2.722528380268092,"1977_9_9_70":2.6346116400292763}