{"1970_9_10_137":1.4141853687475583,"1970_9_10_48":1.414158154027523,"1970_9_13_13":20.229452827132178,"1970_9_13_9":7.94585710475575,"1970_9_14_29":187.83015319484872,"1970_9_14_7":16.79120093166637,"1970_9_23_145":333.888176765413,"1970_9_25_145":743.3891025511457,"1970_9_2_9":16.645569336390174,"1970_9_32_145":47.70155335128071,"1970_9_3_137":61.345620182386135,"1970_9_3_142":61.34561447443359,"1970_9_3_48":61.34562277742993,"1970_9_4_70":123.84586055462881,"1970_9_6_137":20.547320044174228,"1970_9_6_142":20.547314536909237,"1970_9_6_48":20.547312506400203,"1970_9_7_48":3.625973206834651,"1970_9_8_142":38.269643214598524,"1970_9_9_142":40.74894119010323,"1970_9_9_70":40.748870923495666,"1971_9_10_137":14.845784740728009,"1971_9_10_48":7.887697943034853,"1971_9_10_70":14.845764119922904,"1971_9_13_13":124.50647915658972,"1971_9_13_9":266.45673842009643,"1971_9_14_29":2642.2687871173807,"1971_9_18_67":6.855529736727782,"1971_9_23_145":941.1619911214693,"1971_9_25_145":3852.8772325791597,"1971_9_2_13":199.02827203900688,"1971_9_2_9":100.68733056552817,"1971_9_32_145":207.3722840149882,"1971_9_3_137":643.9904200633064,"1971_9_3_142":643.9904127880374,"1971_9_3_48":643.9904228713322,"1971_9_4_70":1300.1015702769007,"1971_9_6_137":215.70043782130523,"1971_9_6_142":215.7004308306216,"1971_9_6_48":215.70044060239866,"1971_9_7_48":38.06478016271871,"1971_9_8_142":401.74477769207175,"1971_9_9_142":427.7718481529678,"1972_9_10_137":14.837068464813996,"1972_9_10_48":14.837056929302673,"1972_9_13_13":248.36159750646792,"1972_9_13_9":370.2712398209849,"1972_9_14_29":3433.8144617558287,"1972_9_14_7":227.63680914498426,"1972_9_18_67":8.335050593835271,"1972_9_23_145":1000.7434748083398,"1972_9_25_145":3944.474646049613,"1972_9_2_13":201.19001089522013,"1972_9_2_70":1592.7369358521842,"1972_9_2_9":167.04846942049718,"1972_9_31_145":2.9068682450237624,"1972_9_32_145":211.17080742387031,"1972_9_3_137":643.612308165233,"1972_9_3_142":643.6123039508623,"1972_9_3_48":643.6123105296323,"1972_9_4_48":1299.3383910486166,"1972_9_6_137":215.5738060057595,"1972_9_6_142":215.5738019135135,"1972_9_6_48":215.57380833982387,"1972_9_7_48":38.04243314492356,"1972_9_7_70":38.042177441577564,"1972_9_8_142":401.50893637029816,"1972_9_8_70":401.5089157039615,"1972_9_9_142":427.52068734374404,"1972_9_9_70":427.5206823661212,"1973_9_13_13":3.1885705380785283,"1973_9_13_9":6.668652872026869,"1973_9_14_29":73.78216178463573,"1973_9_14_7":11.43383168327999,"1973_9_23_145":29.37215687322635,"1973_9_25_145":132.83865946609072,"1973_9_2_9":6.7710896981744835,"1973_9_32_145":6.8714014494587925,"1973_9_3_137":25.095078040742532,"1973_9_3_142":25.09507200833221,"1973_9_3_48":25.095073860737976,"1973_9_4_70":50.66248327242265,"1973_9_6_137":8.405433116442916,"1973_9_6_142":8.405427283526654,"1973_9_6_48":8.405413460367688,"1973_9_7_48":1.4832845710430724,"1973_9_8_142":15.655223757205242,"1973_9_9_142":16.66944597695201,"1973_9_9_70":16.66899134602973,"1974_9_10_137":32.81727361451148,"1974_9_10_70":32.81726957239456,"1974_9_13_13":337.7782639972452,"1974_9_13_9":371.51184797317444,"1974_9_14_29":4325.913078166562,"1974_9_14_7":71.50079134562982,"1974_9_18_67":13.29574298830368,"1974_9_23_145":2289.664569224072,"1974_9_25_145":5927.9107006299655,"1974_9_2_13":309.2792899483391,"1974_9_2_9":468.65960552121925,"1974_9_32_145":359.82718099489995,"1974_9_3_137":1423.569591719638,"1974_9_3_142":1423.5695884070117,"1974_9_3_70":1423.569588507685,"1974_9_4_70":2873.9326344980964,"1974_9_6_137":476.8154624185786,"1974_9_6_142":476.81545919461,"1974_9_6_70":476.81545943862875,"1974_9_7_70":84.14390234101859,"1974_9_8_142":888.0747655617783,"1974_9_9_142":945.6087647031527,"1975_9_10_137":5.71747503803485,"1975_9_10_70":5.717473056402554,"1975_9_13_13":40.734203015742814,"1975_9_13_9":29.340305750777972,"1975_9_14_29":501.6324719682282,"1975_9_14_7":69.026718837714,"1975_9_18_67":1.9476709309642593,"1975_9_23_145":715.2339488767414,"1975_9_25_145":2509.0910863987137,"1975_9_2_13":45.88514828703759,"1975_9_2_9":71.96780620716517,"1975_9_32_145":162.26010077423993,"1975_9_3_137":248.01652536659512,"1975_9_3_142":248.01652251043447,"1975_9_3_48":22.68229352645957,"1975_9_3_70":248.0165232206597,"1975_9_4_70":500.7010792570158,"1975_9_6_137":83.07153766720603,"1975_9_6_142":83.07152977993387,"1975_9_6_48":83.07154048022964,"1975_9_7_48":14.659666966715031,"1975_9_8_142":154.7217795439252,"1975_9_9_142":164.7454472862,"1976_9_10_137":2.9609874214280896,"1976_9_10_48":2.960960090262025,"1976_9_13_13":89.39224766164713,"1976_9_13_9":89.05548270404948,"1976_9_14_29":913.0321986652533,"1976_9_14_7":78.65657311885424,"1976_9_18_67":1.9463039760128773,"1976_9_23_145":352.29821132103365,"1976_9_25_145":1211.2318201203004,"1976_9_2_13":46.734685010943345,"1976_9_2_9":20.169811496668,"1976_9_32_145":64.98999463853961,"1976_9_3_137":128.44382989593478,"1976_9_3_142":128.4438229169573,"1976_9_3_48":128.44383266970084,"1976_9_4_70":259.3051733846249,"1976_9_6_137":43.02143531008999,"1976_9_6_142":43.02142860128724,"1976_9_6_48":43.02143766226144,"1976_9_7_48":7.591995801074999,"1976_9_8_142":80.12796102272682,"1976_9_9_142":85.31905558410642,"1977_9_13_13":14.941886176794549,"1977_9_13_9":9.351433034229535,"1977_9_14_29":251.15338445883987,"1977_9_14_7":25.300817749767234,"1977_9_23_145":319.7046746422668,"1977_9_25_145":627.2780172770916,"1977_9_2_13":1.3491424316805771,"1977_9_2_70":11.140590726878564,"1977_9_32_145":42.619987459261075,"1977_9_3_137":4.098650738597106,"1977_9_3_142":4.098646140521171,"1977_9_3_48":4.098628750342162,"1977_9_4_48":8.27442584034558,"1977_9_6_137":1.3728147266241484,"1977_9_6_142":1.372810282162881,"1977_9_6_48":1.3727903232484044,"1977_9_8_142":2.556880175213119,"1977_9_8_70":2.556819309323411,"1977_9_9_142":2.722530281805926,"1977_9_9_70":2.7225213233797003}