{"1970_9_10_137":1.4141857936815962,"1970_9_10_48":1.4141606186531925,"1970_9_13_13":20.229452827132178,"1970_9_13_9":7.94585710475575,"1970_9_14_29":187.83015818267106,"1970_9_14_7":16.79120093166637,"1970_9_23_145":333.88817798487776,"1970_9_25_145":743.3891029494226,"1970_9_2_70":164.3074413806583,"1970_9_2_9":16.645569336390174,"1970_9_32_145":47.70155375685731,"1970_9_3_137":61.345620578971676,"1970_9_3_142":61.345616109141616,"1970_9_3_48":61.34562296718747,"1970_9_4_48":123.84586365259192,"1970_9_6_137":20.547320431542598,"1970_9_6_142":20.547316101255813,"1970_9_6_48":20.547314746198577,"1970_9_7_48":3.6259753367325915,"1970_9_8_142":38.26964005869049,"1970_9_8_70":38.26960042011263,"1970_9_9_142":40.748943112842966,"1970_9_9_70":40.748935727711576,"1971_9_10_137":14.845784580982924,"1971_9_10_48":14.845770796420325,"1971_9_13_13":124.50647915658972,"1971_9_13_9":266.45673842009643,"1971_9_14_29":2642.268793130958,"1971_9_18_67":6.855529757932791,"1971_9_23_145":941.1619917067114,"1971_9_25_145":3852.8772328167606,"1971_9_2_13":199.02827203900688,"1971_9_2_9":100.68733056552817,"1971_9_32_145":207.37228423519215,"1971_9_3_137":643.9904205258522,"1971_9_3_142":643.9904149975351,"1971_9_3_48":643.9904231396299,"1971_9_4_70":1300.1015716062898,"1971_9_6_137":215.70043827259906,"1971_9_6_142":215.7004329325284,"1971_9_6_48":215.70044085436524,"1971_9_7_48":38.06478052338648,"1971_9_8_142":401.74477897852597,"1971_9_9_142":427.7718449647894,"1971_9_9_70":427.77180114064265,"1972_9_10_137":14.837068808801911,"1972_9_10_48":14.837059080022554,"1972_9_13_13":248.36159750646792,"1972_9_13_9":370.2712398209849,"1972_9_14_29":3433.8144651357247,"1972_9_14_7":227.63680914498426,"1972_9_18_67":8.335050605198397,"1972_9_23_145":1000.7434752329686,"1972_9_25_145":3944.474646252911,"1972_9_2_13":201.19001089522013,"1972_9_2_70":1592.7369451976354,"1972_9_2_9":167.04846942049718,"1972_9_31_145":2.9068692040928794,"1972_9_32_145":211.1708075881593,"1972_9_3_137":643.6123082969328,"1972_9_3_142":643.61230442715,"1972_9_3_48":643.6123105770432,"1972_9_3_70":142.95750972930907,"1972_9_4_48":1299.338391241614,"1972_9_6_137":215.5738051936914,"1972_9_6_142":215.57379846120847,"1972_9_6_48":215.57380795170673,"1972_9_6_70":215.57365453537903,"1972_9_7_48":38.04243372295165,"1972_9_7_70":38.04241680352149,"1972_9_8_142":401.50893804336704,"1972_9_8_70":401.5089341059889,"1972_9_9_142":427.5206886376279,"1972_9_9_70":427.5206877602217,"1973_9_13_13":3.1885705380785283,"1973_9_13_9":6.668652872026869,"1973_9_14_29":73.78216707748483,"1973_9_14_7":11.43383168327999,"1973_9_23_145":29.372158355438806,"1973_9_25_145":132.83866052511053,"1973_9_2_70":67.25242372117495,"1973_9_2_9":6.7710896981744835,"1973_9_32_145":6.871401875569508,"1973_9_3_137":25.095078451829963,"1973_9_3_142":25.095073758391994,"1973_9_3_48":25.095075998166724,"1973_9_4_48":50.662486409564266,"1973_9_6_137":8.405433518669629,"1973_9_6_142":8.405428962424534,"1973_9_6_48":8.405415840736337,"1973_9_7_48":1.4832867436340622,"1973_9_8_142":15.655220381204765,"1973_9_8_70":15.65512878055407,"1973_9_9_142":16.669448046245506,"1973_9_9_70":16.66943773448049,"1974_9_10_137":32.81727390271247,"1974_9_10_70":32.81727156689148,"1974_9_13_13":337.7782639972452,"1974_9_13_9":371.51184797317444,"1974_9_14_29":4325.913087519856,"1974_9_14_7":71.50079134562982,"1974_9_18_67":13.295743015810684,"1974_9_23_145":2289.664569583417,"1974_9_25_145":5927.910700861831,"1974_9_2_13":309.2792899483391,"1974_9_2_9":468.65960552121925,"1974_9_32_145":359.827181137867,"1974_9_3_137":1423.5695919912237,"1974_9_3_142":1423.56958925505,"1974_9_3_70":1423.5695900781006,"1974_9_4_70":2873.9326390212823,"1974_9_6_137":476.81546268478627,"1974_9_6_142":476.8154600159142,"1974_9_6_70":476.8154608947575,"1974_9_7_48":84.1439055111142,"1974_9_8_142":888.074767849741,"1974_9_9_142":945.608766405597,"1975_9_10_137":5.717473604832431,"1975_9_10_48":5.717449962700999,"1975_9_13_13":40.734203015742814,"1975_9_13_9":29.340305750777972,"1975_9_14_29":501.63247851885643,"1975_9_14_7":69.026718837714,"1975_9_18_67":1.947670955631617,"1975_9_23_145":715.2339495568183,"1975_9_25_145":2509.0910866366794,"1975_9_2_13":45.88514828703759,"1975_9_2_9":71.96780620716517,"1975_9_32_145":162.26010102534383,"1975_9_3_137":248.01652416605333,"1975_9_3_142":248.0165179765255,"1975_9_3_48":248.0165268669434,"1975_9_4_70":500.7010809424681,"1975_9_6_137":83.07153815298736,"1975_9_6_142":83.0715322254332,"1975_9_6_48":83.07154080460475,"1975_9_7_48":14.659669364769288,"1975_9_8_142":154.72178100420308,"1975_9_9_142":164.74544843264405,"1976_9_10_137":2.9609879063196667,"1976_9_10_48":2.9609627832200993,"1976_9_13_13":89.39224766164713,"1976_9_13_9":89.05548270404948,"1976_9_14_29":913.032204420411,"1976_9_14_7":78.65657311885424,"1976_9_18_67":1.946303996434693,"1976_9_23_145":352.2982125285045,"1976_9_25_145":1211.2318204210605,"1976_9_2_13":46.734685010943345,"1976_9_2_70":324.52729038643304,"1976_9_2_9":20.169811496668,"1976_9_32_145":64.98999503562153,"1976_9_3_137":128.4438303467593,"1976_9_3_142":128.44382501446808,"1976_9_3_48":128.4438329235284,"1976_9_4_48":259.30517720223025,"1976_9_6_137":43.021435749940096,"1976_9_6_142":43.021430598004606,"1976_9_6_48":43.021438014348306,"1976_9_7_48":7.591998080727744,"1976_9_8_142":80.12796225836692,"1976_9_9_142":85.319052535991,"1976_9_9_70":85.31902333633525,"1977_9_13_13":14.941886176794549,"1977_9_13_9":9.351433034229535,"1977_9_14_29":251.15338866357956,"1977_9_14_7":25.300817749767234,"1977_9_23_145":319.7046758297346,"1977_9_25_145":627.278017708489,"1977_9_2_13":1.3491424316805771,"1977_9_2_70":11.140608839285719,"1977_9_32_145":42.61998785525313,"1977_9_3_137":4.098651081599061,"1977_9_3_142":4.098647395906344,"1977_9_3_48":4.098630920508716,"1977_9_4_48":8.274428352811107,"1977_9_6_137":1.3728150616038552,"1977_9_6_142":1.3728114867665746,"1977_9_6_48":1.3727924645448542,"1977_9_8_142":2.556882075728266,"1977_9_8_70":2.556875062123944,"1977_9_9_142":2.72253172974623,"1977_9_9_70":2.7225298413654286}