{"1970_9_10_137":1.4141858143642785,"1970_9_10_48":1.414160743007124,"1970_9_13_13":20.229452827132178,"1970_9_13_9":7.94585710475575,"1970_9_14_29":187.83015841647253,"1970_9_14_7":16.79120093166637,"1970_9_23_145":333.8881780459919,"1970_9_25_145":743.3891029691828,"1970_9_2_70":164.30744297949238,"1970_9_2_9":16.645569336390174,"1970_9_32_145":47.70155377759046,"1970_9_3_137":61.345620598324224,"1970_9_3_142":61.34561618292845,"1970_9_3_48":61.34562297519476,"1970_9_4_48":123.84586366733592,"1970_9_6_137":20.547320450461267,"1970_9_6_142":20.547316172108662,"1970_9_6_48":20.54731485843916,"1970_9_7_48":3.625975445030265,"1970_9_8_142":38.26964017264532,"1970_9_8_70":38.26960621981932,"1970_9_9_142":40.748943198483126,"1970_9_9_70":40.7489363968993,"1971_9_10_137":14.845784605066164,"1971_9_10_48":14.84577093236102,"1971_9_13_13":124.50647915658972,"1971_9_13_9":266.45673842009643,"1971_9_14_29":2642.268793409606,"1971_9_18_67":6.855529758907248,"1971_9_23_145":941.1619917355777,"1971_9_25_145":3852.877232828913,"1971_9_2_13":199.02827203900688,"1971_9_2_9":100.68733056552817,"1971_9_32_145":207.37228424609188,"1971_9_3_137":643.9904205482928,"1971_9_3_142":643.9904150947413,"1971_9_3_48":643.9904231505558,"1971_9_4_48":1300.101574295876,"1971_9_6_137":215.70043829451495,"1971_9_6_142":215.7004330254209,"1971_9_6_48":215.70044086470796,"1971_9_7_48":38.06478053821223,"1971_9_8_142":401.744779037631,"1971_9_9_142":427.771845080076,"1971_9_9_70":427.77180789857584,"1972_9_10_137":14.837068825670183,"1972_9_10_48":14.837059189197472,"1972_9_13_13":248.36159750646792,"1972_9_13_9":370.2712398209849,"1972_9_14_29":3433.814465297447,"1972_9_14_7":227.63680914498426,"1972_9_18_67":8.335050605733773,"1972_9_23_145":1000.7434752540753,"1972_9_25_145":3944.474646263318,"1972_9_2_13":201.19001089522013,"1972_9_2_70":1592.7369454479963,"1972_9_2_9":167.04846942049718,"1972_9_31_145":2.906869253160984,"1972_9_32_145":211.17080759630787,"1972_9_3_137":643.6123073605632,"1972_9_3_142":643.6123004747211,"1972_9_3_48":643.6123101367554,"1972_9_3_70":643.6119271821118,"1972_9_4_48":1299.3383912497923,"1972_9_6_137":215.57380521927163,"1972_9_6_142":215.57379858749198,"1972_9_6_48":215.57380796752767,"1972_9_6_70":215.5736991192273,"1972_9_7_48":38.042433745580475,"1972_9_7_70":38.042417699269166,"1972_9_8_142":401.5089381187469,"1972_9_8_70":401.50893448698935,"1972_9_9_142":427.5206886970506,"1972_9_9_70":427.520687929724,"1973_9_13_13":3.1885705380785283,"1973_9_13_9":6.668652872026869,"1973_9_14_29":73.78216732470818,"1973_9_14_7":11.43383168327999,"1973_9_23_145":29.37215843106212,"1973_9_25_145":132.83866057906883,"1973_9_2_70":67.25242654000502,"1973_9_2_9":6.7710896981744835,"1973_9_32_145":6.871401897410465,"1973_9_3_137":25.09507847186395,"1973_9_3_142":25.095073836955464,"1973_9_3_48":25.095076101301363,"1973_9_4_48":50.66248642890055,"1973_9_6_137":8.405433538287413,"1973_9_6_142":8.405429038046192,"1973_9_6_48":8.405415961150366,"1973_9_7_48":1.4832868540772182,"1973_9_8_142":15.655220504284559,"1973_9_8_70":15.655150405247149,"1973_9_9_142":16.669448137833065,"1973_9_9_70":16.669438690529226,"1974_9_10_137":32.81727391692401,"1974_9_10_70":32.81727164364377,"1974_9_13_13":337.7782639972452,"1974_9_13_9":371.51184797317444,"1974_9_14_29":4325.913087939496,"1974_9_14_7":71.50079134562982,"1974_9_18_67":13.295743017034901,"1974_9_23_145":2289.664569601563,"1974_9_25_145":5927.910700873709,"1974_9_2_13":309.2792899483391,"1974_9_2_9":468.65960552121925,"1974_9_32_145":359.8271811450206,"1974_9_3_137":1423.569592004639,"1974_9_3_142":1423.5695892950355,"1974_9_3_70":1423.5695901407366,"1974_9_4_70":2873.9326391696877,"1974_9_6_137":476.8154626979436,"1974_9_6_142":476.8154600547073,"1974_9_6_70":476.8154609534464,"1974_9_7_48":84.1439055270225,"1974_9_8_142":888.074767950074,"1974_9_9_142":945.6087664821937,"1975_9_10_137":5.717473630895451,"1975_9_10_48":5.717450107009286,"1975_9_13_13":40.734203015742814,"1975_9_13_9":29.340305750777972,"1975_9_14_29":501.63247882067236,"1975_9_14_7":69.026718837714,"1975_9_18_67":1.9476709567675288,"1975_9_23_145":715.2339495902637,"1975_9_25_145":2509.0910866488152,"1975_9_2_13":45.88514828703759,"1975_9_2_9":71.96780620716517,"1975_9_32_145":162.26010103779015,"1975_9_3_137":248.01652419026226,"1975_9_3_142":248.01651808938334,"1975_9_3_48":248.01652688042233,"1975_9_4_70":500.7010810090133,"1975_9_6_137":83.07153817650915,"1975_9_6_142":83.07153233199713,"1975_9_6_48":83.07154081746701,"1975_9_7_48":14.659669485780906,"1975_9_8_142":154.72178107068711,"1975_9_9_142":164.74544603132904,"1975_9_9_70":108.26623870151602,"1976_9_10_137":2.9609879298002344,"1976_9_10_48":2.9609629176499594,"1976_9_13_13":89.39224766164713,"1976_9_13_9":89.05548270404948,"1976_9_14_29":913.0322046878372,"1976_9_14_7":78.65657311885424,"1976_9_18_67":1.9463039973864058,"1976_9_23_145":352.2982125889056,"1976_9_25_145":1211.2318204361784,"1976_9_2_13":46.734685010943345,"1976_9_2_70":324.52742286010414,"1976_9_2_9":20.169811496668,"1976_9_32_145":64.98999505585583,"1976_9_3_137":128.44383036865332,"1976_9_3_142":128.44382510718367,"1976_9_3_48":128.44383293393597,"1976_9_4_48":259.30517722444955,"1976_9_6_137":43.02143577132145,"1976_9_6_142":43.02143068664974,"1976_9_6_48":43.02143802851352,"1976_9_7_48":7.5919981963964736,"1976_9_8_142":80.12796231529428,"1976_9_9_142":85.31905264552026,"1976_9_9_70":85.3190270234102,"1977_9_13_13":14.941886176794549,"1977_9_13_9":9.351433034229535,"1977_9_14_29":251.15338886256902,"1977_9_14_7":25.300817749767234,"1977_9_23_145":319.7046758892953,"1977_9_25_145":627.2780177298297,"1977_9_2_13":1.3491424316805771,"1977_9_2_70":11.14060921688761,"1977_9_32_145":42.61998787550762,"1977_9_3_137":4.098651098416044,"1977_9_3_142":4.09864745366494,"1977_9_3_48":4.098631030892229,"1977_9_4_48":8.274428479287932,"1977_9_6_137":1.3728150780267718,"1977_9_6_142":1.372811542302117,"1977_9_6_48":1.372792573438268,"1977_9_8_142":2.5568821604705634,"1977_9_8_70":2.5568756977147373,"1977_9_9_142":2.7225317957117934,"1977_9_9_70":2.722530076461221}