{"1970_9_13_13":20.229452827132178,"1970_9_13_9":7.94585710475575,"1970_9_14_7":16.79120093166637,"1970_9_25_145":743.3889964661397,"1970_9_2_9":16.645569336390174,"1970_9_32_145":47.70152820904929,"1970_9_3_137":61.34552727265777,"1970_9_6_137":20.547242825264355,"1971_9_13_13":124.50647915658972,"1971_9_13_9":266.45673842009643,"1971_9_25_145":3852.8771586432745,"1971_9_2_13":199.02827203900688,"1971_9_2_9":100.68733056552817,"1971_9_32_145":207.37226063686418,"1972_9_10_137":14.836665227447156,"1972_9_13_13":248.36159750646792,"1972_9_13_9":370.2712398209849,"1972_9_14_7":227.63680914498426,"1972_9_23_145":1000.7431717008133,"1972_9_25_145":3944.4746116328784,"1972_9_2_13":201.19001089522013,"1972_9_2_9":167.04846942049718,"1972_9_31_145":2.9067843847013912,"1972_9_32_145":211.1707884526925,"1972_9_3_137":643.6122772980241,"1972_9_6_137":215.57377735897975,"1973_9_13_13":3.1885705380785283,"1973_9_13_9":6.668652872026869,"1973_9_14_7":11.43383168327999,"1973_9_25_145":132.838532699786,"1973_9_2_9":6.7710896981744835,"1973_9_32_145":6.871375569259172,"1973_9_3_137":25.094945659818336,"1973_9_6_137":8.40532765041033,"1974_9_13_13":337.7782639972452,"1974_9_13_9":371.51184797317444,"1974_9_14_7":71.50079134562982,"1974_9_25_145":5927.910635841225,"1974_9_2_13":309.2792899483391,"1974_9_2_9":468.65960552121925,"1974_9_32_145":359.82716149753463,"1975_9_13_13":40.734203015742814,"1975_9_13_9":29.340305750777972,"1975_9_14_7":69.026718837714,"1975_9_25_145":2509.091018013349,"1975_9_2_13":45.88514828703759,"1975_9_2_9":71.96780620716517,"1975_9_32_145":162.26007767392508,"1976_9_13_13":89.39224766164713,"1976_9_13_9":89.05548270404948,"1976_9_14_7":78.65657311885424,"1976_9_25_145":1211.2317199538243,"1976_9_2_13":46.734685010943345,"1976_9_2_9":20.169811496668,"1976_9_32_145":64.98996935257591,"1976_9_3_137":32.91070327588421,"1976_9_6_137":43.020915467017026,"1977_9_13_13":14.941886176794549,"1977_9_13_9":9.351433034229535,"1977_9_14_7":25.300817749767234,"1977_9_25_145":627.2779205097887,"1977_9_2_13":1.3491424316805771,"1977_9_32_145":42.619963093766,"1977_9_3_137":4.098611394781927,"1977_9_6_137":1.3727790843610148}