{"1970_9_13_13":20.229452827132178,"1970_9_13_9":7.94585710475575,"1970_9_14_7":16.79120093166637,"1970_9_23_145":333.88710716391876,"1970_9_25_145":743.3890273196159,"1970_9_2_9":16.645569336390174,"1970_9_32_145":47.701532233369434,"1970_9_3_137":61.34558328243634,"1970_9_6_137":20.54728653111601,"1971_9_13_13":124.50647915658972,"1971_9_13_9":266.45673842009643,"1971_9_25_145":3852.877185938698,"1971_9_2_13":199.02827203900688,"1971_9_2_9":100.68733056552817,"1971_9_32_145":207.37226470786757,"1971_9_3_137":643.9903305952921,"1971_9_6_137":215.70036377651627,"1972_9_10_137":14.837008067147742,"1972_9_13_13":248.36159750646792,"1972_9_13_9":370.2712398209849,"1972_9_14_7":227.63680914498426,"1972_9_23_145":1000.7433215340598,"1972_9_25_145":3944.474621339126,"1972_9_2_13":201.19001089522013,"1972_9_2_9":167.04846942049718,"1972_9_31_145":2.906802640795372,"1972_9_32_145":211.1707918314822,"1972_9_3_137":643.6122897027202,"1972_9_6_137":215.57378855448903,"1973_9_13_13":3.1885705380785283,"1973_9_13_9":6.668652872026869,"1973_9_14_7":11.43383168327999,"1973_9_25_145":132.83856814204617,"1973_9_2_9":6.7710896981744835,"1973_9_32_145":6.8713797051509005,"1973_9_3_137":25.09503471275645,"1973_9_6_137":8.405393893338372,"1974_9_13_13":337.7782639972452,"1974_9_13_9":371.51184797317444,"1974_9_14_7":71.50079134562982,"1974_9_23_145":1177.1216940513216,"1974_9_25_145":5927.910659151927,"1974_9_2_13":309.2792899483391,"1974_9_2_9":468.65960552121925,"1974_9_32_145":359.8271653178776,"1975_9_13_13":40.734203015742814,"1975_9_13_9":29.340305750777972,"1975_9_14_7":69.026718837714,"1975_9_23_145":715.2333487059,"1975_9_25_145":2509.0910413369033,"1975_9_2_13":45.88514828703759,"1975_9_2_9":71.96780620716517,"1975_9_32_145":162.2600815717323,"1975_9_3_137":248.01628715359303,"1975_9_6_137":83.07139009658259,"1976_9_13_13":89.39224766164713,"1976_9_13_9":89.05548270404948,"1976_9_14_7":78.65657311885424,"1976_9_23_145":352.29647601353713,"1976_9_25_145":1211.2317521086727,"1976_9_2_13":46.734685010943345,"1976_9_2_9":20.169811496668,"1976_9_32_145":64.98997341493231,"1976_9_3_137":128.44375639609774,"1976_9_6_137":43.021372887364336,"1977_9_13_13":14.941886176794549,"1977_9_13_9":9.351433034229535,"1977_9_14_7":25.300817749767234,"1977_9_23_145":319.70420767084426,"1977_9_25_145":627.2779465810787,"1977_9_2_13":1.3491424316805771,"1977_9_32_145":42.619966984514,"1977_9_3_137":4.098628730305962,"1977_9_6_137":1.3727942086776495}