{"1970_9_10_137":1.4139841999007763,"1970_9_13_13":20.229452827132178,"1970_9_13_9":7.94585710475575,"1970_9_14_7":16.79120093166637,"1970_9_23_145":333.88755274774144,"1970_9_25_145":743.3889185690083,"1970_9_2_9":16.645569336390174,"1970_9_32_145":47.70149597221659,"1970_9_3_137":61.34556415078271,"1970_9_6_137":20.547267226116546,"1971_9_13_13":124.50647915658972,"1971_9_13_9":266.45673842009643,"1971_9_23_145":941.1612062724788,"1971_9_25_145":3852.877106184717,"1971_9_2_13":199.02827203900688,"1971_9_2_9":100.68733056552817,"1971_9_32_145":207.372227709643,"1971_9_3_137":643.9903318319828,"1971_9_6_137":215.700356587649,"1972_9_10_137":14.836994572974822,"1972_9_13_13":248.36159750646792,"1972_9_13_9":370.2712398209849,"1972_9_14_7":227.63680914498426,"1972_9_23_145":1000.7431871075705,"1972_9_25_145":3944.4745701629076,"1972_9_2_13":201.19001089522013,"1972_9_2_9":167.04846942049718,"1972_9_31_145":2.9067077907277024,"1972_9_32_145":211.17076035015063,"1972_9_3_137":643.6122727795957,"1972_9_6_137":215.57377202486595,"1973_9_13_13":3.1885705380785283,"1973_9_13_9":6.668652872026869,"1973_9_14_7":11.43383168327999,"1973_9_23_145":29.371368331424158,"1973_9_25_145":132.83845347913768,"1973_9_2_9":6.7710896981744835,"1973_9_32_145":6.871342561684407,"1973_9_3_137":25.09501644735742,"1973_9_6_137":8.405374992803274,"1974_9_13_13":337.7782639972452,"1974_9_13_9":371.51184797317444,"1974_9_14_7":71.50079134562982,"1974_9_23_145":2289.663819022698,"1974_9_25_145":5927.910597554827,"1974_9_2_13":309.2792899483391,"1974_9_2_9":468.65960552121925,"1974_9_32_145":359.8271291848532,"1974_9_3_137":1177.2591991342963,"1974_9_6_137":476.81420310269107,"1975_9_13_13":40.734203015742814,"1975_9_13_9":29.340305750777972,"1975_9_14_7":69.026718837714,"1975_9_23_145":715.2334148077558,"1975_9_25_145":2509.090953493122,"1975_9_2_13":45.88514828703759,"1975_9_2_9":71.96780620716517,"1975_9_32_145":162.26004611748027,"1975_9_3_137":248.0164040414608,"1975_9_6_137":83.07143197310805,"1976_9_10_137":2.9590842213203286,"1976_9_13_13":89.39224766164713,"1976_9_13_9":89.05548270404948,"1976_9_14_7":78.65657311885424,"1976_9_23_145":352.2975337972462,"1976_9_25_145":1211.2316447867563,"1976_9_2_13":46.734685010943345,"1976_9_2_9":20.169811496668,"1976_9_32_145":64.98993683628616,"1976_9_3_137":128.44374893647958,"1976_9_6_137":43.02136042716776,"1977_9_13_13":14.941886176794549,"1977_9_13_9":9.351433034229535,"1977_9_14_7":25.300817749767234,"1977_9_23_145":319.70417966687586,"1977_9_25_145":627.2778421500931,"1977_9_2_13":1.3491424316805771,"1977_9_32_145":42.61993180506554,"1977_9_3_137":4.098610689729043,"1977_9_6_137":1.3727765773602452}