{"1970_9_10_137":1.4141770336790154,"1970_9_13_13":20.229452827132178,"1970_9_13_9":7.94585710475575,"1970_9_14_7":16.79120093166637,"1970_9_23_145":333.8880936761249,"1970_9_25_145":743.389055201303,"1970_9_2_9":16.645569336390174,"1970_9_32_145":47.701531338291176,"1970_9_3_137":61.34561240381053,"1970_9_3_142":61.345573506969316,"1970_9_6_137":20.54731244533411,"1970_9_6_142":20.547276197303198,"1971_9_10_137":14.845774295977124,"1971_9_13_13":124.50647915658972,"1971_9_13_9":266.45673842009643,"1971_9_23_145":941.1619178042291,"1971_9_25_145":3852.8772148700386,"1971_9_2_13":199.02827203900688,"1971_9_2_9":100.68733056552817,"1971_9_32_145":207.37226387541713,"1971_9_3_137":643.9904109842538,"1971_9_3_142":643.9903441532208,"1971_9_6_137":215.700428965981,"1971_9_6_142":215.7003684058094,"1972_9_10_137":14.83706170647052,"1972_9_13_13":248.36159750646792,"1972_9_13_9":370.2712398209849,"1972_9_14_7":227.63680914498426,"1972_9_23_145":1000.7434202189497,"1972_9_25_145":3944.474632515224,"1972_9_2_13":201.19001089522013,"1972_9_2_9":167.04846942049718,"1972_9_31_145":2.9068156031586336,"1972_9_32_145":211.1707909237252,"1972_9_3_137":643.6123018133035,"1972_9_3_142":643.6122793688601,"1972_9_6_137":215.57379978065092,"1972_9_6_142":215.57377840109274,"1973_9_13_13":3.1885705380785283,"1973_9_13_9":6.668652872026869,"1973_9_14_7":11.43383168327999,"1973_9_23_145":29.372069365491644,"1973_9_25_145":132.8385988114823,"1973_9_2_9":6.7710896981744835,"1973_9_32_145":6.8713788288504825,"1973_9_3_137":25.09506997841463,"1973_9_3_142":25.09502643489269,"1973_9_6_137":8.405425227543951,"1973_9_6_142":8.405384596073644,"1974_9_10_137":32.817256847210345,"1974_9_13_13":337.7782639972452,"1974_9_13_9":371.51184797317444,"1974_9_14_7":71.50079134562982,"1974_9_23_145":2289.6645229283827,"1974_9_25_145":5927.910685323146,"1974_9_2_13":309.2792899483391,"1974_9_2_9":468.65960552121925,"1974_9_32_145":359.8271645915343,"1974_9_3_137":1423.569580590384,"1974_9_6_137":476.8154480781114,"1974_9_6_142":427.0607941969678,"1975_9_10_137":5.717462406954602,"1975_9_13_13":40.734203015742814,"1975_9_13_9":29.340305750777972,"1975_9_14_7":69.026718837714,"1975_9_23_145":715.2338753547454,"1975_9_25_145":2509.0910656676942,"1975_9_2_13":45.88514828703759,"1975_9_2_9":71.96780620716517,"1975_9_32_145":162.2600806852187,"1975_9_3_137":248.01651382371782,"1975_9_3_142":248.01641761695504,"1975_9_6_137":83.0715281235002,"1975_9_6_142":83.07144519981773,"1976_9_10_137":2.9609778951854833,"1976_9_13_13":89.39224766164713,"1976_9_13_9":89.05548270404948,"1976_9_14_7":78.65657311885424,"1976_9_23_145":352.2981274001884,"1976_9_25_145":1211.2317826300539,"1976_9_2_13":46.734685010943345,"1976_9_2_9":20.169811496668,"1976_9_32_145":64.98997252888122,"1976_9_3_137":128.44382104992562,"1976_9_3_142":128.44376073386647,"1976_9_6_137":43.0214266814752,"1976_9_6_142":43.021371721738205,"1977_9_13_13":14.941886176794549,"1977_9_13_9":9.351433034229535,"1977_9_14_7":25.300817749767234,"1977_9_23_145":319.7045948127821,"1977_9_25_145":627.2779692539044,"1977_9_2_13":1.3491424316805771,"1977_9_32_145":42.61996606726171,"1977_9_3_137":4.098643999028755,"1977_9_3_142":4.098617968457734,"1977_9_6_137":1.372808140035841,"1977_9_6_142":1.3727835886775577}