{"1970_9_10_137":1.4141854482088088,"1970_9_13_13":20.229452827132178,"1970_9_13_9":7.94585710475575,"1970_9_14_29":187.82908855862394,"1970_9_14_7":16.79120093166637,"1970_9_23_145":333.888160107932,"1970_9_25_145":743.3890962178656,"1970_9_2_9":16.645569336390174,"1970_9_32_145":47.701548566775166,"1970_9_3_137":61.345620253766754,"1970_9_3_142":61.34561501134502,"1970_9_6_137":20.547320112938365,"1970_9_6_142":20.547315043770066,"1970_9_8_142":38.267439785190064,"1970_9_9_142":40.748873307506614,"1971_9_10_137":14.845784184674615,"1971_9_13_13":124.50647915658972,"1971_9_13_9":266.45673842009643,"1971_9_23_145":941.1619810747186,"1971_9_25_145":3852.8772297124224,"1971_9_2_13":199.02827203900688,"1971_9_2_9":100.68733056552817,"1971_9_32_145":207.3722806432559,"1971_9_3_137":643.9904201540594,"1971_9_3_142":643.9904135796241,"1971_9_6_137":215.70043790867487,"1971_9_6_142":215.70043157340646,"1971_9_9_142":329.19997094142434,"1972_9_10_137":14.837068521622163,"1972_9_13_13":248.36159750646792,"1972_9_13_9":370.2712398209849,"1972_9_14_29":3433.8143187495375,"1972_9_14_7":227.63680914498426,"1972_9_18_67":8.335050040989305,"1972_9_23_145":1000.7434680441769,"1972_9_25_145":3944.4746436470964,"1972_9_2_13":201.19001089522013,"1972_9_2_9":167.04846942049718,"1972_9_31_145":2.9068568228080394,"1972_9_32_145":211.17080490181038,"1972_9_3_137":643.6123082164473,"1972_9_3_142":643.6123042793982,"1972_9_6_137":215.57380605525546,"1972_9_6_142":215.57380222663608,"1972_9_7_70":38.042398946432414,"1972_9_8_142":401.5088935468453,"1972_9_9_142":427.5206646675204,"1973_9_13_13":3.1885705380785283,"1973_9_13_9":6.668652872026869,"1973_9_14_29":73.77847575725049,"1973_9_14_7":11.43383168327999,"1973_9_23_145":29.372138496294838,"1973_9_25_145":132.83864650858763,"1973_9_2_9":6.7710896981744835,"1973_9_32_145":6.8713964914802546,"1973_9_3_137":25.095078116281933,"1973_9_3_142":25.095072595070594,"1973_9_6_137":8.405433189421439,"1973_9_6_142":8.405427839389159,"1973_9_9_142":16.66935335212817,"1974_9_10_137":32.81727127391952,"1974_9_13_13":337.7782639972452,"1974_9_13_9":371.51184797317444,"1974_9_14_7":71.50079134562982,"1974_9_23_145":2289.6645638490286,"1974_9_25_145":5927.910697901032,"1974_9_2_13":309.2792899483391,"1974_9_2_9":468.65960552121925,"1974_9_32_145":359.82717893431925,"1974_9_3_137":1423.5695895412493,"1974_9_3_142":1423.56957804242,"1974_9_6_137":476.8154602919371,"1974_9_6_142":476.81544935551125,"1975_9_10_137":5.7174731791730755,"1975_9_13_13":40.734203015742814,"1975_9_13_9":29.340305750777972,"1975_9_14_7":69.026718837714,"1975_9_23_145":715.233937336132,"1975_9_25_145":2509.091083423819,"1975_9_2_13":45.88514828703759,"1975_9_2_9":71.96780620716517,"1975_9_32_145":162.26009708551672,"1975_9_3_137":248.01652376788127,"1975_9_3_142":248.0165163456765,"1975_9_6_137":83.07153776504471,"1975_9_6_142":83.07153068016963,"1976_9_10_137":2.960987518937867,"1976_9_13_13":89.39224766164713,"1976_9_13_9":89.05548270404948,"1976_9_14_7":78.65657311885424,"1976_9_18_67":1.9462277009133255,"1976_9_23_145":352.29819461813764,"1976_9_25_145":1211.2318158002934,"1976_9_2_13":46.734685010943345,"1976_9_2_9":20.169811496668,"1976_9_32_145":64.9899898764701,"1976_9_3_137":128.4438299831648,"1976_9_3_142":128.44382365776207,"1976_9_6_137":43.021435394052055,"1976_9_6_142":43.02142929683601,"1976_9_9_142":85.31856804014096,"1977_9_13_13":14.941886176794549,"1977_9_13_9":9.351433034229535,"1977_9_14_29":251.15307276767356,"1977_9_14_7":25.300817749767234,"1977_9_23_145":319.7046585491576,"1977_9_25_145":627.2780103131412,"1977_9_2_13":1.3491424316805771,"1977_9_32_145":42.61998280215782,"1977_9_3_137":4.098650795118499,"1977_9_3_142":4.098646519043184,"1977_9_6_137":1.3728147809560687,"1977_9_6_142":1.372810640099842,"1977_9_8_142":2.556815180422116,"1977_9_9_142":2.722501013575478}