{"1970_9_10_137":1.4141861333148256,"1970_9_13_13":20.229452827132178,"1970_9_13_9":7.94585710475575,"1970_9_14_29":187.82999769783765,"1970_9_14_7":16.79120093166637,"1970_9_23_145":333.88816548588625,"1970_9_25_145":743.3890983008603,"1970_9_2_9":16.645569336390174,"1970_9_32_145":47.701550035331614,"1970_9_3_137":61.34562089747473,"1970_9_3_142":61.34561726136075,"1970_9_6_137":20.547320743088584,"1970_9_6_142":20.547317210041193,"1970_9_7_70":3.625972242371963,"1970_9_8_142":38.269606371743684,"1970_9_9_142":40.74892456530477,"1971_9_10_137":14.845784974865678,"1971_9_13_13":124.50647915658972,"1971_9_13_9":266.45673842009643,"1971_9_14_29":2642.2684974241947,"1971_9_18_67":6.855528718192935,"1971_9_23_145":941.1619845310145,"1971_9_25_145":3852.8772305998073,"1971_9_2_13":199.02827203900688,"1971_9_2_9":100.68733056552817,"1971_9_32_145":207.37228175378195,"1971_9_3_137":643.9904208936473,"1971_9_3_142":643.9904164915716,"1971_9_6_137":215.70043863204074,"1971_9_6_142":215.7004343642031,"1971_9_8_142":401.7446747208639,"1971_9_9_142":427.77181032998845,"1972_9_10_137":14.837068033252148,"1972_9_10_70":14.837034555680297,"1972_9_13_13":248.36159750646792,"1972_9_13_9":370.2712398209849,"1972_9_14_29":3433.8143974213467,"1972_9_14_7":227.63680914498426,"1972_9_18_67":8.335050353007835,"1972_9_23_145":1000.7434702634328,"1972_9_25_145":3944.474644380606,"1972_9_2_13":201.19001089522013,"1972_9_2_9":167.04846942049718,"1972_9_31_145":2.906860350544928,"1972_9_32_145":211.17080572595407,"1972_9_3_137":643.6123077619516,"1972_9_3_142":643.6123023427942,"1972_9_3_70":643.612290095479,"1972_9_6_137":215.57380561128605,"1972_9_6_142":215.57380036940654,"1972_9_6_70":215.57379057085444,"1972_9_7_70":38.0424256626551,"1972_9_8_142":401.5089232979222,"1972_9_9_142":427.5206786501769,"1973_9_13_13":3.1885705380785283,"1973_9_13_9":6.668652872026869,"1973_9_14_29":73.78197668528297,"1973_9_14_7":11.43383168327999,"1973_9_23_145":29.372144288264067,"1973_9_25_145":132.83865054620276,"1973_9_2_9":6.7710896981744835,"1973_9_32_145":6.871398007950146,"1973_9_3_137":25.095078781237095,"1973_9_3_142":25.09507498099424,"1973_9_6_137":8.405433841407485,"1973_9_6_142":8.405430141682121,"1973_9_7_70":1.4832754396737091,"1973_9_8_142":15.655179581270634,"1973_9_9_142":16.669426959788662,"1974_9_10_137":32.81727235895376,"1974_9_13_13":337.7782639972452,"1974_9_13_9":371.51184797317444,"1974_9_14_7":71.50079134562982,"1974_9_18_67":3.052369200523763,"1974_9_23_145":2289.664565653074,"1974_9_25_145":5927.910698738522,"1974_9_2_13":309.2792899483391,"1974_9_2_9":468.65960552121925,"1974_9_32_145":359.82717957151647,"1974_9_3_137":1423.5695905468376,"1974_9_3_142":1423.5695836451207,"1974_9_6_137":476.8154612723062,"1974_9_6_142":476.8154546336217,"1975_9_10_137":5.717474030033985,"1975_9_13_13":40.734203015742814,"1975_9_13_9":29.340305750777972,"1975_9_14_29":501.6320420194019,"1975_9_14_7":69.026718837714,"1975_9_18_67":1.9476693370454923,"1975_9_23_145":715.2339413156957,"1975_9_25_145":2509.0910843480974,"1975_9_2_13":45.88514828703759,"1975_9_2_9":71.96780620716517,"1975_9_32_145":162.2600982879359,"1975_9_3_137":248.01652456193193,"1975_9_3_142":248.01651969478186,"1975_9_6_137":83.07153853796636,"1975_9_6_142":83.07153385390961,"1975_9_8_142":154.72138796921382,"1975_9_9_142":164.7453900361931,"1976_9_10_137":2.960988290602082,"1976_9_13_13":89.39224766164713,"1976_9_13_9":89.05548270404948,"1976_9_14_29":913.031953853717,"1976_9_14_7":78.65657311885424,"1976_9_18_67":1.9463032256985064,"1976_9_23_145":352.29820003085996,"1976_9_25_145":1211.231817157771,"1976_9_2_13":46.734685010943345,"1976_9_2_9":20.169811496668,"1976_9_32_145":64.98999134423283,"1976_9_3_137":128.44383070585266,"1976_9_3_142":128.44382644358166,"1976_9_6_137":43.021436100864285,"1976_9_6_142":43.021431968025226,"1976_9_7_70":7.591375561108316,"1976_9_8_142":80.1278795925141,"1976_9_9_142":85.31902181351447,"1977_9_13_13":14.941886176794549,"1977_9_13_9":9.351433034229535,"1977_9_14_29":251.1532832593847,"1977_9_14_7":25.300817749767234,"1977_9_23_145":319.7046637282908,"1977_9_25_145":627.27801263831,"1977_9_2_13":1.3491424316805771,"1977_9_32_145":42.61998423043671,"1977_9_3_137":4.098650308338865,"1977_9_3_142":4.098644324710721,"1977_9_3_70":4.098617967690019,"1977_9_6_137":1.3728143069905654,"1977_9_6_142":1.3728085498723874,"1977_9_6_70":1.3727893936866595,"1977_9_8_142":2.556863872894852,"1977_9_9_142":2.722519933669502}