{"1970_9_10_137":1.4141846046333038,"1970_9_13_13":20.229452827132178,"1970_9_13_9":7.94585710475575,"1970_9_14_29":187.82995225809597,"1970_9_14_7":16.79120093166637,"1970_9_23_145":333.88814843471596,"1970_9_25_145":743.3890894476607,"1970_9_2_9":16.645569336390174,"1970_9_32_145":47.70154491213148,"1970_9_3_137":61.3456176169109,"1970_9_3_142":61.34560684996864,"1970_9_3_70":61.34545225455422,"1970_9_6_137":20.547317525713552,"1970_9_6_142":20.547307166491397,"1970_9_6_70":20.547224142610876,"1970_9_7_70":3.6259733495205992,"1970_9_8_142":38.269598290760385,"1970_9_9_142":40.748916315349604,"1971_9_10_137":14.845783289702759,"1971_9_13_13":124.50647915658972,"1971_9_13_9":266.45673842009643,"1971_9_14_29":2642.268472536558,"1971_9_18_67":6.855528604393876,"1971_9_23_145":941.1619715377913,"1971_9_25_145":3852.8772273392633,"1971_9_2_13":199.02827203900688,"1971_9_2_9":100.68733056552817,"1971_9_32_145":207.37227730474174,"1971_9_3_137":643.9904192825221,"1971_9_3_142":643.9904128878546,"1971_9_6_137":215.70043704520162,"1971_9_6_142":215.70043083540924,"1971_9_7_70":38.06469915813961,"1971_9_8_142":401.7446900321648,"1971_9_9_142":427.7718023587517,"1972_9_10_137":14.837066171912758,"1972_9_10_70":14.837041087582245,"1972_9_13_13":248.36159750646792,"1972_9_13_9":370.2712398209849,"1972_9_14_29":3433.814362109754,"1972_9_14_7":227.63680914498426,"1972_9_18_67":8.335050218233171,"1972_9_23_145":1000.7434609404061,"1972_9_25_145":3944.47464167177,"1972_9_2_13":201.19001089522013,"1972_9_2_9":167.04846942049718,"1972_9_31_145":2.906848609285398,"1972_9_32_145":211.17080220107135,"1972_9_3_137":643.6123059849615,"1972_9_3_142":643.6122982054217,"1972_9_3_70":643.6122893461164,"1972_9_4_70":929.6003121301616,"1972_9_6_137":215.5738038611314,"1972_9_6_142":215.57379632101294,"1972_9_6_70":215.57378905906518,"1972_9_7_70":38.04242308214136,"1972_9_8_142":401.5089155911136,"1972_9_9_142":427.52067209804676,"1973_9_13_13":3.1885705380785283,"1973_9_13_9":6.668652872026869,"1973_9_14_29":73.78193280605664,"1973_9_14_7":11.43383168327999,"1973_9_23_145":29.37212631724531,"1973_9_25_145":132.83863725854457,"1973_9_2_9":6.7710896981744835,"1973_9_32_145":6.8713927410494735,"1973_9_3_137":25.095077284137098,"1973_9_3_142":25.095071722117765,"1973_9_6_137":8.40543052241579,"1973_9_6_142":8.405419500947966,"1973_9_6_70":8.405136151334538,"1973_9_7_70":1.483281966428621,"1973_9_8_142":15.655172554554088,"1973_9_9_142":16.669418499516986,"1974_9_10_137":32.81727028677197,"1974_9_13_13":337.7782639972452,"1974_9_13_9":371.51184797317444,"1974_9_14_29":4325.906305276446,"1974_9_14_7":71.50079134562982,"1974_9_18_67":13.295738907625875,"1974_9_23_145":2289.664559379779,"1974_9_25_145":5927.910695711339,"1974_9_2_13":309.2792899483391,"1974_9_2_9":468.65960552121925,"1974_9_32_145":359.8271765224754,"1974_9_3_137":1423.5695885723585,"1974_9_3_142":1423.5695788209582,"1974_9_6_137":476.81545932977417,"1974_9_6_142":476.815449924382,"1974_9_9_142":945.6082007608642,"1975_9_10_137":5.717472259356799,"1975_9_13_13":40.734203015742814,"1975_9_13_9":29.340305750777972,"1975_9_14_29":501.63206694445813,"1975_9_14_7":69.026718837714,"1975_9_18_67":1.9476694147123308,"1975_9_23_145":715.233927125252,"1975_9_25_145":2509.0910808095723,"1975_9_2_13":45.88514828703759,"1975_9_2_9":71.96780620716517,"1975_9_32_145":162.26009372737587,"1975_9_3_137":248.0165228712419,"1975_9_3_142":248.01651583990215,"1975_9_6_137":83.07153687779005,"1975_9_6_142":83.07153009639306,"1975_9_8_142":154.72162949414312,"1975_9_9_142":164.74538608120605,"1976_9_10_137":2.960986632182437,"1976_9_13_13":89.39224766164713,"1976_9_13_9":89.05548270404948,"1976_9_14_29":913.0319185228432,"1976_9_14_7":78.65657311885424,"1976_9_18_67":1.946303063337048,"1976_9_23_145":352.29818287654564,"1976_9_25_145":1211.231811285234,"1976_9_2_13":46.734685010943345,"1976_9_2_9":20.169811496668,"1976_9_32_145":64.98998620434318,"1976_9_3_137":128.44382912003428,"1976_9_3_142":128.4438229179191,"1976_9_6_137":43.02143453909331,"1976_9_6_142":43.02142851572491,"1976_9_7_70":7.591958343773509,"1976_9_8_142":80.1278844651569,"1976_9_9_142":85.31901345700054,"1977_9_13_13":14.941886176794549,"1977_9_13_9":9.351433034229535,"1977_9_14_29":251.15324065973616,"1977_9_14_7":25.300817749767234,"1977_9_23_145":319.7046471854234,"1977_9_25_145":627.2780031608654,"1977_9_2_13":1.3491424316805771,"1977_9_32_145":42.61997924763358,"1977_9_3_137":4.098648450830455,"1977_9_3_142":4.09863991409289,"1977_9_3_70":4.098623876489264,"1977_9_6_137":1.3728124809641575,"1977_9_6_142":1.3728042478428435,"1977_9_6_70":1.3727915598573226,"1977_9_8_142":2.5568556774461157,"1977_9_9_142":2.722512877518808}