{"1970_9_13_13":8.195769309231741,"1970_9_13_9":17.403376497050928,"1970_9_14_7":4.24274388483229,"1970_9_2_13":12.084726400146216,"1970_9_2_9":20.061255463505493,"1971_9_13_13":63.59647954741745,"1971_9_13_9":283.04761765219115,"1971_9_14_7":144.72439766513503,"1971_9_2_13":34.25727792364793,"1971_9_2_9":145.7107262520537,"1972_9_13_13":125.26994917130543,"1972_9_13_9":399.124952369682,"1972_9_14_7":22.713657404187515,"1972_9_2_13":161.77938722601655,"1972_9_2_9":36.976838131776155,"1973_9_13_13":8.955352121109229,"1973_9_13_9":1.0049849992723212,"1973_9_14_7":6.579815369204194,"1973_9_2_13":6.541991808904494,"1973_9_2_9":2.8646492766693408,"1974_9_13_13":509.07051801185366,"1974_9_13_9":121.80992299243186,"1974_9_14_7":35.44527004174264,"1974_9_2_13":338.66291320940996,"1974_9_2_9":264.92692879742,"1975_9_13_13":74.20487538813661,"1975_9_13_9":2.573784186835456,"1975_9_14_7":49.165998249661314,"1975_9_2_13":20.883421467209917,"1975_9_2_9":34.19713334940892,"1976_9_13_13":82.8738858259505,"1976_9_13_9":86.58888408950934,"1976_9_14_7":131.48054438900806,"1976_9_2_13":45.589508968567294,"1976_9_2_9":9.9373646265707,"1977_9_13_13":30.421521438696168,"1977_9_13_9":10.80038570887601,"1977_9_14_7":22.644480756497238,"1977_9_2_13":1.0865360296572382,"1977_9_2_9":1.1312968208678802}