{"1970_9_13_13":10.841982857304874,"1970_9_14_7":14.796714484688437,"1970_9_2_13":13.596586170296836,"1970_9_2_9":11.889398824106467,"1971_9_13_13":273.80925889566777,"1971_9_13_9":166.1588259586644,"1971_9_14_7":84.91125070096611,"1971_9_2_13":189.92099609374998,"1971_9_2_9":189.92099609374998,"1972_9_13_13":63.76595635502302,"1972_9_13_9":385.33682801533087,"1972_9_14_7":344.7693785239744,"1972_9_2_13":39.76868130063621,"1972_9_2_9":264.82990495515065,"1973_9_13_13":3.336414056855257,"1973_9_13_9":8.17086354030569,"1973_9_14_7":9.338084483389446,"1973_9_2_13":5.7324628360736645,"1973_9_2_9":7.107932093265773,"1974_9_13_13":395.89301757812495,"1974_9_13_9":395.89301757812495,"1974_9_14_7":297.5741383071228,"1974_9_2_13":259.9316919893372,"1974_9_2_9":499.7773668959564,"1975_9_13_13":46.78665093264803,"1975_9_13_9":32.3647033632927,"1975_9_2_13":50.1469221091026,"1975_9_2_9":84.64140405775339,"1976_9_13_13":120.84190027358254,"1976_9_14_7":45.76884272274603,"1976_9_2_13":54.95197060712106,"1977_9_13_13":12.775516840499739,"1977_9_13_9":14.220011234504362,"1977_9_14_7":2.5851487116781735,"1977_9_2_13":1.2181907345870904}