{"1970_9_13_13":13.649442869006537,"1970_9_13_9":7.823847001255732,"1970_9_14_7":18.438477259196926,"1970_9_2_13":10.836282767675645,"1970_9_2_9":12.913224785182228,"1971_9_13_13":192.29610931462454,"1971_9_13_9":219.11168710424548,"1971_9_2_13":173.60787440868123,"1971_9_2_9":198.07755693628434,"1972_9_13_13":262.76571902731393,"1972_9_13_9":265.1218972486315,"1972_9_2_13":133.3032145815224,"1972_9_2_9":218.0626383147075,"1973_9_13_13":5.123848878269326,"1973_9_13_9":2.5253363937167688,"1973_9_14_7":8.273981207291824,"1973_9_2_13":3.8625696866430923,"1973_9_2_9":7.915373827492098,"1974_9_13_13":435.80216003040124,"1974_9_13_9":316.07473267357256,"1974_9_14_7":344.17301537447764,"1974_9_2_13":262.1817120211116,"1974_9_2_9":482.10547934527517,"1975_9_13_13":63.12052427120438,"1975_9_13_9":27.88435428962247,"1975_9_14_7":38.64189930381532,"1975_9_2_13":64.87576785397175,"1975_9_2_9":50.064201187526216,"1976_9_13_9":59.939493308596674,"1976_9_2_13":52.9896852878181,"1977_9_13_13":20.235633369775837,"1977_9_13_9":19.36637774424853,"1977_9_2_9":1.3031979382894605}