{"1970_9_13_13":25.317696513779627,"1970_9_14_7":13.578835382838673,"1970_9_2_13":11.632765196703266,"1970_9_2_9":19.24579409686688,"1971_9_13_13":208.97276575240906,"1971_9_13_9":222.07306482005026,"1971_9_14_7":341.2692662060704,"1971_9_2_13":132.71069685210443,"1971_9_2_9":213.82045931932382,"1972_9_13_13":309.0385410180452,"1972_9_13_9":315.18608800653567,"1972_9_14_7":96.68166117423283,"1972_9_2_13":76.3304492671058,"1972_9_2_9":241.49701173897722,"1973_9_13_13":6.954307365670336,"1973_9_13_9":5.414492946240887,"1973_9_14_7":8.083362187530849,"1973_9_2_13":5.166086141885905,"1973_9_2_9":6.625942313640753,"1974_9_13_13":395.89301757812495,"1974_9_13_9":395.89301757812495,"1974_9_14_7":396.5880836778894,"1974_9_2_13":215.07719786934126,"1974_9_2_9":405.80535421304097,"1975_9_13_13":43.51909781155078,"1975_9_13_9":47.04059635782824,"1975_9_14_7":18.68281880623892,"1975_9_2_13":80.40649769128538,"1975_9_2_9":53.96812506487436,"1976_9_13_9":65.21283440907966,"1976_9_14_7":68.10767857003724,"1976_9_2_13":56.239279608365145,"1977_9_13_13":23.63750134968511,"1977_9_13_9":6.297513344089176,"1977_9_14_7":11.43465076800275,"1977_9_2_13":1.4621801126528835}