{"1970_9_13_13":19.873479474623625,"1970_9_13_9":2.812347745393617,"1970_9_14_7":21.503627172463805,"1970_9_2_9":15.579997220005938,"1971_9_13_13":136.24154297941772,"1971_9_13_9":213.30272985786428,"1971_9_2_13":105.95109904952737,"1971_9_2_9":200.88964131759613,"1972_9_13_9":314.7693533615183,"1972_9_14_7":86.85457072646668,"1972_9_2_13":147.5934890221202,"1972_9_2_9":210.91750109440866,"1973_9_13_13":10.090455639995087,"1973_9_14_7":11.275066649096724,"1973_9_2_9":3.5190372426107115,"1974_9_13_13":402.91608958340845,"1974_9_13_9":341.4963836232176,"1974_9_14_7":180.69652827573904,"1974_9_2_13":429.62099347463686,"1974_9_2_9":377.2057596705023,"1975_9_13_13":70.25565598886551,"1975_9_13_9":13.614090854300205,"1975_9_14_7":75.26301874481199,"1975_9_2_13":5.154546962671712,"1975_9_2_9":42.99516553284917,"1976_9_13_13":91.3418552361142,"1976_9_13_9":58.4161914535893,"1976_9_14_7":81.97485269166768,"1976_9_2_13":41.54181192895872,"1977_9_13_13":23.0148846728877,"1977_9_13_9":14.747071003661278,"1977_9_14_7":10.577756671122593,"1977_9_2_9":1.1590480099377054}