{"1970_9_13_9":11.134336729915015,"1970_9_14_7":16.232336152852227,"1970_9_2_13":8.269269014215036,"1970_9_2_9":19.32948941245859,"1971_9_13_13":162.305794110882,"1971_9_13_9":243.67910553629477,"1971_9_14_7":238.86015448469124,"1971_9_2_13":146.75904401916898,"1971_9_2_9":204.26652977897552,"1972_9_13_13":238.02678952875377,"1972_9_13_9":375.43864380984184,"1972_9_14_7":239.62769975724171,"1972_9_2_9":284.71424560546876,"1973_9_13_13":5.434055026925713,"1973_9_13_9":5.442462650135523,"1973_9_14_7":7.246153371667271,"1973_9_2_13":4.060707132096717,"1973_9_2_9":7.347122356189425,"1974_9_13_13":406.94269961102464,"1974_9_13_9":196.22724344874996,"1974_9_14_7":333.4362059074179,"1974_9_2_13":325.67070192273366,"1974_9_2_9":466.9078619292582,"1975_9_13_13":45.33988518191226,"1975_9_13_9":13.685948271139424,"1975_9_14_7":69.81200525980245,"1975_9_2_13":28.688274599754457,"1975_9_2_9":90.71406869471042,"1976_9_13_9":123.85621731468515,"1976_9_14_7":92.95213973374631,"1976_9_2_13":45.981633293919174,"1976_9_2_9":18.664733234831374,"1977_9_13_13":16.372205041834647,"1977_9_13_9":6.633211249910456,"1977_9_14_7":25.706824205336943,"1977_9_2_13":1.413812865843877}