{"1970_9_13_9":7.55885685759535,"1970_9_14_7":30.626345689466877,"1970_9_2_13":10.222335264465958,"1970_9_2_9":13.302190350737565,"1971_9_13_13":250.05508724672598,"1971_9_13_9":96.12696906492079,"1971_9_14_7":156.9093322827299,"1971_9_2_13":171.21061781728278,"1971_9_2_9":183.02594240351124,"1972_9_13_13":7.4187560679122155,"1972_9_13_9":307.2556465542396,"1972_9_14_7":89.53161681292937,"1972_9_2_13":155.83540800424112,"1972_9_2_9":203.6154432378972,"1973_9_13_13":2.8476260124914368,"1973_9_13_9":3.770700472781106,"1973_9_14_7":10.637594166637665,"1973_9_2_13":4.63923424243438,"1973_9_2_9":6.978147228522415,"1974_9_13_13":472.95090677634965,"1974_9_13_9":93.8006000115585,"1974_9_14_7":71.92703142483133,"1974_9_2_13":362.6085522907553,"1974_9_2_9":422.4064996539146,"1975_9_13_13":73.9442315645724,"1975_9_13_9":5.606345574769919,"1975_9_14_7":84.94844084921749,"1975_9_2_13":5.791779411830601,"1975_9_2_9":73.64919517202962,"1976_9_13_13":56.13506400839579,"1976_9_13_9":71.54500341380916,"1976_9_14_7":54.18057548016079,"1976_9_2_13":45.488607519056536,"1977_9_13_13":17.676353464129388,"1977_9_13_9":21.299812558486362,"1977_9_14_7":9.879931354715021,"1977_9_2_9":1.1072067696367363}