{"1970_9_13_13":8.429402585322581,"1970_9_14_7":24.46158239164052,"1970_9_2_13":10.28657815721375,"1970_9_2_9":15.8156693946785,"1971_9_13_13":274.47518667083733,"1971_9_13_9":79.66029296021368,"1971_9_14_7":69.04339621671444,"1971_9_2_13":227.83823495396751,"1971_9_2_9":88.68222582657025,"1972_9_13_13":41.17223930625255,"1972_9_13_9":333.1090840701828,"1972_9_14_7":29.17975628427503,"1972_9_2_13":84.002019076569,"1972_9_2_9":242.71323606718425,"1973_9_13_13":3.3629498417399537,"1973_9_13_9":7.450116830098904,"1973_9_14_7":12.779926300048828,"1973_9_2_13":8.978255515404541,"1974_9_13_13":495.57391942993877,"1974_9_13_9":196.5312138744973,"1974_9_2_13":303.66744079630223,"1974_9_2_9":419.91796845513807,"1975_9_13_13":59.949662864315926,"1975_9_13_9":32.04327267176745,"1975_9_14_7":78.99535767937404,"1975_9_2_13":7.5507891383802,"1975_9_2_9":100.63328306599311,"1976_9_13_13":64.66712331490676,"1976_9_13_9":39.3971023052572,"1976_9_14_7":39.46292556987999,"1976_9_2_13":33.94564808026535,"1977_9_13_13":5.936523616747128,"1977_9_13_9":10.414110890796575,"1977_9_14_7":7.617969360055479}