{"1970_9_13_13":15.111153305187198,"1970_9_13_9":13.084111903581807,"1970_9_14_7":30.687144470214843,"1970_9_2_13":1.499988859539356,"1970_9_2_9":19.736217784787414,"1971_9_13_13":240.28423304816945,"1971_9_13_9":215.67348808987524,"1971_9_2_13":134.2834814138382,"1971_9_2_9":217.73975343370589,"1972_9_13_13":214.92988786899215,"1972_9_13_9":386.98709463972267,"1972_9_14_7":338.8298325593338,"1972_9_2_13":161.69050758449754,"1972_9_2_9":190.62268845479528,"1973_9_13_13":6.218814850768952,"1973_9_13_9":5.459174349546849,"1973_9_14_7":10.408599367007792,"1973_9_2_13":4.612066361787903,"1973_9_2_9":8.795256568251556,"1974_9_13_13":432.6338611673128,"1974_9_13_9":322.4113303997493,"1974_9_14_7":47.871793966854185,"1974_9_2_13":320.7225711036632,"1974_9_2_9":469.3819273387934,"1975_9_13_13":43.35344773750797,"1975_9_13_9":16.420494767627527,"1975_9_14_7":72.8097302157178,"1975_9_2_13":35.52306544125578,"1975_9_2_9":91.9533323916768,"1976_9_13_13":71.50639252314747,"1976_9_13_9":98.16679275209813,"1976_9_2_13":50.98248435712724,"1976_9_2_9":8.09122095345541,"1977_9_13_9":17.149309744537078,"1977_9_14_7":26.175946213951352,"1977_9_2_13":1.434052986442783}