{"1970_9_32_145":47.70146120828641,"1971_9_32_145":207.37219169498297,"1972_9_25_145":3944.474063901539,"1972_9_31_145":2.906025660225438,"1972_9_32_145":211.17073098092118,"1973_9_32_145":6.871306687701466,"1974_9_32_145":359.8270934728492,"1975_9_32_145":162.26001219120118,"1976_9_32_145":64.98990165503236,"1977_9_25_145":319.3104973555579,"1977_9_32_145":42.61989839513356}