{"1970_9_10_137":1.4141859114882094,"1970_9_10_70":1.4141773047320014,"1970_9_14_29":204.58088532345363,"1970_9_23_145":333.8881691675139,"1970_9_25_145":743.3890998303632,"1970_9_32_145":47.70155104952339,"1970_9_3_137":61.3456206899486,"1970_9_3_142":61.34561652539334,"1970_9_3_70":61.345614372222904,"1970_9_4_70":123.84583094226292,"1970_9_6_137":20.54732053823492,"1970_9_6_142":20.54731649466011,"1970_9_6_70":20.547314783990867,"1970_9_7_70":3.625992469164277,"1970_9_8_142":38.26963463816683,"1970_9_9_142":40.748939271040435,"1971_9_10_137":14.845784834858042,"1971_9_10_70":14.845769427047307,"1971_9_14_29":2642.2687335137866,"1971_9_18_67":6.855529128731494,"1971_9_23_145":941.1619869672364,"1971_9_25_145":3852.8772312201586,"1971_9_32_145":207.37228253813305,"1971_9_3_137":643.990420763308,"1971_9_3_142":643.9904159853129,"1971_9_3_70":643.9904105633527,"1971_9_4_70":68.73925083592171,"1971_9_6_137":215.70043850204877,"1971_9_6_142":215.70043386816278,"1971_9_6_70":215.70042940594175,"1971_9_7_70":38.06477419529786,"1971_9_8_142":401.7447670310129,"1971_9_9_142":427.77184067424696,"1972_9_10_137":14.8370690576392,"1972_9_10_70":14.837066322215806,"1972_9_14_29":3660.735830123888,"1972_9_18_67":8.33505040868996,"1972_9_23_145":1000.7434719096428,"1972_9_25_145":3944.474644896199,"1972_9_31_145":2.9068627835644465,"1972_9_32_145":211.17080632162643,"1972_9_3_137":643.6123087228054,"1972_9_3_142":643.6123058282525,"1972_9_3_70":643.6123064985907,"1972_9_4_70":1299.3383840179831,"1972_9_6_137":215.57380655014097,"1972_9_6_142":215.57380372216855,"1972_9_6_70":215.57380446048825,"1972_9_7_48":38.04243184008509,"1972_9_8_142":401.508935957261,"1972_9_9_142":427.5206870326123,"1973_9_14_29":85.19942340612192,"1973_9_23_145":29.372148254371186,"1973_9_25_145":132.83865332783878,"1973_9_32_145":6.871399054856617,"1973_9_3_137":25.09507856314718,"1973_9_3_142":25.095074187755785,"1973_9_3_70":25.095071128356643,"1973_9_4_70":50.66243411229902,"1973_9_6_137":8.405433626063612,"1973_9_6_142":8.405429369915034,"1973_9_6_70":8.40542684572118,"1973_9_7_70":1.48330592937151,"1973_9_8_142":15.65521436986623,"1973_9_9_142":16.669443852349726,"1974_9_10_137":32.81727351813736,"1974_9_14_29":4396.563362738011,"1974_9_18_67":13.295740846284032,"1974_9_23_145":2289.664566925053,"1974_9_25_145":5927.910699320307,"1974_9_32_145":359.8271800666531,"1974_9_3_137":1423.5695916294417,"1974_9_3_142":1423.5695881080765,"1974_9_6_137":476.81546232793164,"1974_9_6_142":476.81545889812026,"1974_9_7_70":84.14388474472506,"1974_9_8_142":888.0747377470742,"1974_9_9_142":945.6087491167078,"1975_9_10_137":5.7174738293602925,"1975_9_10_70":5.717437791893182,"1975_9_14_29":570.5430511755081,"1975_9_18_67":1.9476701083960266,"1975_9_23_145":715.2339440621485,"1975_9_25_145":2509.0910850080227,"1975_9_32_145":162.26009912638827,"1975_9_3_137":248.01652437541046,"1975_9_3_142":248.01651891778445,"1975_9_3_70":248.01650605740275,"1975_9_6_137":83.07153835327551,"1975_9_6_142":83.07153310237038,"1975_9_6_70":83.07152319231162,"1975_9_7_70":14.659674826388683,"1975_9_8_142":154.7217653897865,"1975_9_9_142":164.7454378214288,"1976_9_10_137":2.960988246101789,"1976_9_10_70":2.9609778224148076,"1976_9_14_29":991.4929099397604,"1976_9_18_67":1.946303488535333,"1976_9_23_145":352.29820373443846,"1976_9_25_145":1211.2318181904798,"1976_9_32_145":64.98999235824017,"1976_9_3_137":128.44383066463232,"1976_9_3_142":128.44382628891358,"1976_9_3_70":128.44382322796693,"1976_9_4_70":259.3051247740173,"1976_9_6_137":43.021436057638155,"1976_9_6_142":43.02143180853227,"1976_9_6_70":43.021429314069984,"1976_9_7_70":7.592012356248791,"1976_9_8_142":80.12795232299734,"1976_9_9_142":85.31904933368479,"1977_9_14_29":276.3991354134252,"1977_9_23_145":319.7046672778031,"1977_9_25_145":627.2780143055893,"1977_9_32_145":42.61998521674248,"1977_9_3_137":4.0986511386289095,"1977_9_3_142":4.098647590437176,"1977_9_3_70":4.09864724094626,"1977_9_4_70":8.274435859445372,"1977_9_6_137":1.3728151158895416,"1977_9_6_142":1.372811669153543,"1977_9_6_70":1.3728115265654663,"1977_9_8_142":2.556877877040811,"1977_9_9_142":2.7225286098636676}