{"1970_9_10_137":1.414185970455182,"1970_9_10_70":1.4141784127303871,"1970_9_14_29":204.58088899507592,"1970_9_23_145":333.8881695030534,"1970_9_25_145":743.389099948648,"1970_9_32_145":47.70155114655167,"1970_9_3_137":61.34562074519084,"1970_9_3_142":61.34561672654491,"1970_9_3_70":61.34561510086783,"1970_9_4_70":123.84583827109189,"1970_9_6_137":20.54732059231296,"1970_9_6_142":20.54731668847258,"1970_9_6_70":20.547315429107726,"1970_9_7_70":3.6259927898101494,"1970_9_8_142":38.26963534601044,"1970_9_9_142":40.74893974858659,"1971_9_10_137":14.84578490003476,"1971_9_10_70":14.845772015341149,"1971_9_14_29":2642.2687381776523,"1971_9_18_67":6.85552919877326,"1971_9_23_145":941.1619871538495,"1971_9_25_145":3852.8772312774204,"1971_9_32_145":207.3722826009142,"1971_9_3_137":643.9904208242142,"1971_9_3_142":643.9904162248796,"1971_9_3_70":643.9904119721111,"1971_9_4_70":1300.1014492590828,"1971_9_6_137":215.70043856165867,"1971_9_6_142":215.70043409852613,"1971_9_6_70":215.70043060319804,"1971_9_7_70":38.06477468103852,"1971_9_8_142":401.74476801804224,"1971_9_9_142":427.77184129995175,"1972_9_10_137":14.837069102297864,"1972_9_10_70":14.837066589259313,"1972_9_14_29":3660.7358316055206,"1972_9_18_67":8.335050421560357,"1972_9_23_145":1000.7434720379193,"1972_9_25_145":3944.4746449445734,"1972_9_31_145":2.9068630161047184,"1972_9_32_145":211.17080636804212,"1972_9_3_137":643.6123087649265,"1972_9_3_142":643.612305956399,"1972_9_3_70":643.612306713522,"1972_9_4_70":1299.3383845646779,"1972_9_6_137":215.5738065915131,"1972_9_6_142":215.5738038467405,"1972_9_6_70":215.57380466228312,"1972_9_7_48":38.042431315171626,"1972_9_8_142":401.50893628903174,"1972_9_9_142":427.52068728313594,"1973_9_14_29":85.19942758637471,"1973_9_23_145":29.372148628705954,"1973_9_25_145":132.83865359116368,"1973_9_32_145":6.871399155601844,"1973_9_3_137":25.09507862037991,"1973_9_3_142":25.095074401884755,"1973_9_3_70":25.095072034210894,"1973_9_4_70":50.66245031467207,"1973_9_6_137":8.405433682176222,"1973_9_6_142":8.405429576674276,"1973_9_6_70":8.405427645893052,"1973_9_7_70":1.4833063007421232,"1973_9_8_142":15.655215164413429,"1973_9_9_142":16.66944437742903,"1974_9_10_137":32.817273570121344,"1974_9_14_29":4396.5633748869495,"1974_9_18_67":13.295741372211788,"1974_9_23_145":2289.664567029594,"1974_9_25_145":5927.910699375257,"1974_9_32_145":359.8271801058524,"1974_9_3_137":1423.5695914355829,"1974_9_3_142":1423.5695874335493,"1974_9_3_70":394.2692447910966,"1974_9_6_137":476.81546124687554,"1974_9_6_142":476.81545450798905,"1974_9_6_70":476.8153065598215,"1974_9_7_70":84.14388812701772,"1974_9_8_142":888.0747415077245,"1974_9_9_142":945.6087507956257,"1975_9_10_137":5.717473901043025,"1975_9_10_70":5.717447517183497,"1975_9_14_29":570.5430572146744,"1975_9_18_67":1.9476702192896784,"1975_9_23_145":715.2339442771586,"1975_9_25_145":2509.0910850669025,"1975_9_32_145":162.2600991970923,"1975_9_3_137":248.01652444217018,"1975_9_3_142":248.01651920220706,"1975_9_3_70":248.0165094271656,"1975_9_6_137":83.07153841829823,"1975_9_6_142":83.07153337289775,"1975_9_6_70":83.07152571822039,"1975_9_7_70":14.659675589772618,"1975_9_8_142":154.7217668012532,"1975_9_9_142":164.74543864978892,"1976_9_10_137":2.9609883072472702,"1976_9_10_70":2.9609792757292013,"1976_9_14_29":991.4929136965881,"1976_9_18_67":1.9463035379468667,"1976_9_23_145":352.2982040703573,"1976_9_25_145":1211.23181827433,"1976_9_32_145":64.98999245460978,"1976_9_3_137":128.4438307218682,"1976_9_3_142":128.4438265030632,"1976_9_3_70":128.44382413413234,"1976_9_4_70":259.3051410659736,"1976_9_6_137":43.02143611368439,"1976_9_6_142":43.02143201485954,"1976_9_6_70":43.021430108461544,"1976_9_7_70":7.592012726527513,"1976_9_8_142":80.12795311787448,"1976_9_9_142":85.31904985893942,"1977_9_14_29":276.39913819196204,"1977_9_23_145":319.7046676020943,"1977_9_25_145":627.2780144343062,"1977_9_32_145":42.61998531121602,"1977_9_3_137":4.0986511877616545,"1977_9_3_142":4.098647755030405,"1977_9_3_70":4.098647639445629,"1977_9_4_70":8.27443749812134,"1977_9_6_137":1.3728151639708641,"1977_9_6_142":1.3728118279261976,"1977_9_6_70":1.3728118884328677,"1977_9_8_142":2.5568783748582598,"1977_9_9_142":2.72252896542131}