{"1970_9_10_137":1.4141861348788176,"1970_9_10_70":1.4141807592797906,"1970_9_14_29":204.5808982464301,"1970_9_23_145":333.888170463852,"1970_9_25_145":743.3891003148924,"1970_9_32_145":47.70155142477619,"1970_9_3_137":61.345620899425285,"1970_9_3_142":61.345617268030274,"1970_9_3_70":61.34561673276955,"1970_9_4_70":123.84584868324237,"1970_9_6_137":20.54732074335866,"1970_9_6_142":20.547317210951142,"1970_9_6_70":20.54731689505068,"1970_9_7_70":3.6259935713526144,"1970_9_8_142":38.26963712667799,"1970_9_9_142":40.748940981184404,"1971_9_10_137":14.845785081398162,"1971_9_10_70":14.845776752123784,"1971_9_14_29":2642.2687497210286,"1971_9_18_67":6.855529348042172,"1971_9_23_145":941.161987725786,"1971_9_25_145":3852.877231443482,"1971_9_32_145":207.37228279286936,"1971_9_3_137":643.9904209939333,"1971_9_3_142":643.9904168651997,"1971_9_3_70":643.9904148484476,"1971_9_4_70":1300.1015439891537,"1971_9_6_137":215.70043872783816,"1971_9_6_142":215.70043471526463,"1971_9_6_70":215.70043310998668,"1971_9_7_70":38.064775819618056,"1971_9_8_142":401.7447704381762,"1971_9_9_142":427.77184288752875,"1972_9_10_137":14.837069227463546,"1972_9_10_70":14.837067250024944,"1972_9_14_29":3660.7358355389383,"1972_9_18_67":8.335050454030853,"1972_9_23_145":1000.7434724305062,"1972_9_25_145":3944.4746450844973,"1972_9_31_145":2.906863680727205,"1972_9_32_145":211.1708065126658,"1972_9_3_137":643.6123086706538,"1972_9_3_142":643.6123056671471,"1972_9_3_48":85.77584401606727,"1972_9_3_70":643.6123062137037,"1972_9_4_70":1299.338385830247,"1972_9_6_137":215.57380490284578,"1972_9_6_142":215.57379692576166,"1972_9_6_48":215.5738077476868,"1972_9_7_48":38.0424334341649,"1972_9_8_142":401.50893716256513,"1972_9_9_142":427.5206879514547,"1973_9_14_29":85.19943802025978,"1973_9_23_145":29.37214969451631,"1973_9_25_145":132.83865434395378,"1973_9_32_145":6.871399444179043,"1973_9_3_137":25.095078780061694,"1973_9_3_142":25.095074976879296,"1973_9_3_70":25.09507400728451,"1973_9_4_70":50.662468066046394,"1973_9_6_137":8.40543383879342,"1973_9_6_142":8.405430132655171,"1973_9_6_70":8.405429417196789,"1973_9_7_70":1.4833071942217235,"1973_9_8_142":15.65521714632443,"1973_9_9_142":16.6694457249164,"1974_9_10_137":32.817272575896624,"1974_9_10_70":32.816997539279285,"1974_9_14_29":4396.563402260836,"1974_9_18_67":13.295742102138384,"1974_9_23_145":2289.664567335383,"1974_9_25_145":5927.910699533703,"1974_9_32_145":359.8271802271726,"1974_9_3_137":1423.5695907488941,"1974_9_3_142":1423.5695846244337,"1974_9_3_70":1423.56955181145,"1974_9_6_137":476.8154614660209,"1974_9_6_142":476.81545554924,"1974_9_6_70":476.8154317148017,"1974_9_7_70":84.14389397640218,"1974_9_8_142":888.0747494405263,"1974_9_9_142":945.6087547124846,"1975_9_10_137":5.717474100100178,"1975_9_10_70":5.717460202375443,"1975_9_14_29":570.5430718425722,"1975_9_18_67":1.9476704395211628,"1975_9_23_145":715.2339449290425,"1975_9_25_145":2509.0910852394386,"1975_9_32_145":162.26009940749765,"1975_9_3_137":248.01652462784298,"1975_9_3_142":248.0165199566455,"1975_9_3_70":248.016515259679,"1975_9_4_70":500.7008647844126,"1975_9_6_137":83.07153859924192,"1975_9_6_142":83.07153409212529,"1975_9_6_70":83.07153036348913,"1975_9_7_70":14.659677289678847,"1975_9_8_142":154.72177015241405,"1975_9_9_142":164.74544070950554,"1976_9_10_137":2.960988477620085,"1976_9_10_70":2.9609822282333806,"1976_9_14_29":991.4929231472142,"1976_9_18_67":1.9463036483503806,"1976_9_23_145":352.2982050328743,"1976_9_25_145":1211.2318185271006,"1976_9_32_145":64.98999273125631,"1976_9_3_137":128.44383088155854,"1976_9_3_142":128.44382707811081,"1976_9_3_70":128.4438261077926,"1976_9_4_70":259.3051588792494,"1976_9_6_137":43.021436270119835,"1976_9_6_142":43.02143256972446,"1976_9_6_70":43.02143186858751,"1976_9_7_70":7.59201361762307,"1976_9_8_142":80.12795510054576,"1976_9_9_142":85.3190512068483,"1977_9_14_29":276.39914532362513,"1977_9_23_145":319.70466853096093,"1977_9_25_145":627.2780148332779,"1977_9_32_145":42.619985582074136,"1977_9_3_137":4.0986513252380306,"1977_9_3_142":4.098648201408083,"1977_9_3_70":4.098648591936748,"1977_9_4_70":8.274440761708487,"1977_9_6_137":1.3728152985565383,"1977_9_6_142":1.3728122590568013,"1977_9_6_70":1.3728127611039613,"1977_9_8_142":2.5568796565750453,"1977_9_9_142":2.722529898297427}