{"1970_9_10_137":1.4141864381528166,"1970_9_10_70":1.4141834446373887,"1970_9_14_29":204.58091226593558,"1970_9_23_145":333.88817231742763,"1970_9_25_145":743.3891010081288,"1970_9_32_145":47.70155196855121,"1970_9_3_137":61.3456211846718,"1970_9_3_142":61.345618197692765,"1970_9_3_70":61.345618764062145,"1970_9_4_70":123.84585604963334,"1970_9_6_137":20.547321022946686,"1970_9_6_142":20.547318110536935,"1970_9_6_70":20.54731876167209,"1970_9_7_48":3.625967927096217,"1970_9_8_142":38.26963981727056,"1970_9_9_142":40.74894293327537,"1971_9_10_137":14.84578541447715,"1971_9_10_70":14.845781202474429,"1971_9_14_29":2642.2687666665024,"1971_9_18_67":6.855529520204624,"1971_9_23_145":941.161988796932,"1971_9_25_145":3852.8772317664175,"1971_9_32_145":207.37228316594735,"1971_9_3_137":643.9904213065469,"1971_9_3_142":643.9904179492311,"1971_9_3_70":643.9904179725103,"1971_9_4_70":1300.1015635521396,"1971_9_6_137":215.7004390342117,"1971_9_6_142":215.70043576276151,"1971_9_6_70":215.70043593165937,"1971_9_7_70":38.06477734362003,"1971_9_8_142":401.74477393309735,"1971_9_9_142":427.77184532378453,"1972_9_10_137":14.837067785861612,"1972_9_10_48":14.83705302570371,"1972_9_14_29":3660.735842110672,"1972_9_18_67":8.335050503199275,"1972_9_23_145":1000.7434731687698,"1972_9_25_145":3944.4746453575144,"1972_9_31_145":2.9068649732593688,"1972_9_32_145":211.17080679178846,"1972_9_3_137":643.6123075322802,"1972_9_3_142":643.6123013107149,"1972_9_3_48":643.6123102395478,"1972_9_4_70":1299.3383874901976,"1972_9_6_137":215.57380538340135,"1972_9_6_142":215.57379936727142,"1972_9_6_48":215.57380806225527,"1972_9_7_48":38.04243388154498,"1972_9_8_142":401.50893859895115,"1972_9_9_142":427.5206890786318,"1973_9_14_29":85.19945356669955,"1973_9_23_145":29.372151750973654,"1973_9_25_145":132.83865580555687,"1973_9_32_145":6.871400008004478,"1973_9_3_137":25.095079074955965,"1973_9_3_142":25.095075959251513,"1973_9_3_70":25.095076360998277,"1973_9_4_70":50.662477994738346,"1973_9_6_137":8.40543412826245,"1973_9_6_142":8.405431085166544,"1973_9_6_70":8.405431582698558,"1973_9_7_48":1.4832782855917876,"1973_9_8_142":15.655220095991767,"1973_9_9_142":16.66944783624085,"1974_9_10_137":32.817273013558726,"1974_9_10_70":32.81725760682428,"1974_9_14_29":4396.563436655799,"1974_9_18_67":13.295742604961845,"1974_9_23_145":2289.6645679086246,"1974_9_25_145":5927.91069984304,"1974_9_32_145":359.8271804597529,"1974_9_3_137":1423.5695911567261,"1974_9_3_142":1423.569586378642,"1974_9_3_70":1423.569580956044,"1974_9_4_70":1336.945726575001,"1974_9_6_137":476.81546186486645,"1974_9_6_142":476.8154572301503,"1974_9_6_70":476.8154527628055,"1974_9_7_70":84.14389910520262,"1974_9_8_142":888.0747584663186,"1974_9_9_142":945.6087599149517,"1975_9_10_137":5.717474464099321,"1975_9_10_70":5.71746846452622,"1975_9_14_29":570.5430925270373,"1975_9_18_67":1.947670669726695,"1975_9_23_145":715.2339461673163,"1975_9_25_145":2509.0910855733046,"1975_9_32_145":162.26009981890013,"1975_9_3_137":248.01652496847134,"1975_9_3_142":248.0165212150395,"1975_9_3_70":248.01652037869331,"1975_9_4_70":500.7010669574504,"1975_9_6_137":83.0715389315847,"1975_9_6_142":83.07153529713726,"1975_9_6_70":83.07153475477074,"1975_9_7_70":14.659679386889483,"1975_9_8_142":154.72177473398418,"1975_9_9_142":164.74544375780363,"1976_9_10_137":2.960988791385552,"1976_9_10_70":2.9609854126943853,"1976_9_14_29":991.4929374267607,"1976_9_18_67":1.9463037852578342,"1976_9_23_145":352.29820688896905,"1976_9_25_145":1211.2318190084716,"1976_9_32_145":64.9899932720852,"1976_9_3_137":128.443831176468,"1976_9_3_142":128.44382806056646,"1976_9_3_70":128.4438284620443,"1976_9_4_70":259.30516882607594,"1976_9_6_137":43.021436559267165,"1976_9_6_142":43.02143352048001,"1976_9_6_70":43.02143402345964,"1976_9_7_48":7.591991576801476,"1976_9_8_142":80.12795805118144,"1976_9_9_142":85.3190533187531,"1977_9_14_29":276.3991565015069,"1977_9_23_145":319.70467032472084,"1977_9_25_145":627.2780155922699,"1977_9_32_145":42.6199861114668,"1977_9_3_137":4.098651580616865,"1977_9_3_142":4.098648979088453,"1977_9_3_70":4.098649908632821,"1977_9_4_70":8.274444186593646,"1977_9_6_137":1.372813732996545,"1977_9_6_142":1.3728056636356651,"1977_9_6_48":1.3727846346433323,"1977_9_8_142":2.556881677056497,"1977_9_9_142":2.722531421977594}