{"1970_9_10_137":1.4141865692615252,"1970_9_10_70":1.4141842345621438,"1970_9_14_29":204.58091737431408,"1970_9_23_145":333.88817314445697,"1970_9_25_145":743.3891013074657,"1970_9_32_145":47.70155221656395,"1970_9_3_137":61.3456213083978,"1970_9_3_142":61.34561857457058,"1970_9_3_70":61.34561939965403,"1970_9_4_70":123.84585768075868,"1970_9_6_137":20.547321144313702,"1970_9_6_142":20.547318476141317,"1970_9_6_70":20.54731935553666,"1970_9_7_48":3.625969229063733,"1970_9_8_142":38.2696407953212,"1970_9_9_142":40.748943671193416,"1971_9_10_137":14.845785558014233,"1971_9_10_70":14.845782356552425,"1971_9_14_29":2642.2687726833105,"1971_9_18_67":6.855529571119698,"1971_9_23_145":941.1619892545435,"1971_9_25_145":3852.8772319128834,"1971_9_32_145":207.3722833290646,"1971_9_3_137":643.9904214416337,"1971_9_3_142":643.9904183832714,"1971_9_3_70":643.9904188613095,"1971_9_4_70":1300.101566426282,"1971_9_6_137":215.70043916671418,"1971_9_6_142":215.7004361833725,"1971_9_6_70":215.70043675405213,"1971_9_7_48":38.06477919677306,"1971_9_8_142":401.74477515781945,"1971_9_9_142":427.7718462207572,"1972_9_10_137":14.83706800931133,"1972_9_10_48":14.837054270471176,"1972_9_14_29":3660.735844711671,"1972_9_18_67":8.335050521023211,"1972_9_23_145":1000.7434734868938,"1972_9_25_145":3944.4746454817755,"1972_9_31_145":2.9068655612723666,"1972_9_32_145":211.1708069134218,"1972_9_3_137":643.6123077402042,"1972_9_3_142":643.6123022489803,"1972_9_3_48":643.6123103483051,"1972_9_4_48":136.39500878380568,"1972_9_4_70":1299.3383872548993,"1972_9_6_137":215.57380558680748,"1972_9_6_142":215.57380026593535,"1972_9_6_48":215.5738081654678,"1972_9_7_48":38.04243402979358,"1972_9_8_142":401.5089391596376,"1972_9_9_142":427.52068534896017,"1972_9_9_70":427.5206448809107,"1973_9_14_29":85.19945915368338,"1973_9_23_145":29.372152679930878,"1973_9_25_145":132.83865646793066,"1973_9_32_145":6.871400265616489,"1973_9_3_137":25.09507920269488,"1973_9_3_142":25.095076355772296,"1973_9_3_70":25.09507707531379,"1973_9_4_70":50.66247996461316,"1973_9_6_137":8.40543425374445,"1973_9_6_142":8.405431470564269,"1973_9_6_70":8.405432251502845,"1973_9_7_48":1.48328046954962,"1973_9_8_142":15.655221155030842,"1973_9_9_142":16.66944862718734,"1974_9_10_137":32.81727319973252,"1974_9_10_70":32.81726364384116,"1974_9_14_29":4396.563447492091,"1974_9_18_67":13.295742714112881,"1974_9_23_145":2289.664568157833,"1974_9_25_145":5927.910699984037,"1974_9_32_145":359.8271805615356,"1974_9_3_137":1423.5695913308252,"1974_9_3_142":1423.5695870495886,"1974_9_3_70":1423.569584417932,"1974_9_4_70":2873.9326033769603,"1974_9_6_137":476.81546203531593,"1974_9_6_142":476.8154578759735,"1974_9_6_70":476.81545574295075,"1974_9_7_70":84.14390038151183,"1974_9_8_142":888.0747611164193,"1974_9_9_142":945.6087616232307,"1975_9_10_137":5.717474620332211,"1975_9_10_70":5.717470220863202,"1975_9_14_29":570.5430996556038,"1975_9_18_67":1.9476707335726229,"1975_9_23_145":715.2339466992942,"1975_9_25_145":2509.09108572353,"1975_9_32_145":162.26010000045108,"1975_9_3_137":248.01652511511654,"1975_9_3_142":248.01652171237652,"1975_9_3_70":248.01652165329514,"1975_9_4_70":500.70107281159545,"1975_9_6_137":83.07153907481862,"1975_9_6_142":83.07153577523114,"1975_9_6_70":83.07153589782325,"1975_9_7_70":14.659680038880882,"1975_9_8_142":154.72177627198917,"1975_9_9_142":164.74544484728918,"1976_9_10_137":2.960988926933292,"1976_9_10_70":2.9609863141112425,"1976_9_14_29":991.4929426173769,"1976_9_18_67":1.9463038279714129,"1976_9_23_145":352.2982077156568,"1976_9_25_145":1211.2318192190824,"1976_9_32_145":64.98999351823606,"1976_9_3_137":128.44383130421346,"1976_9_3_142":128.44382845711922,"1976_9_3_70":128.44382917648952,"1976_9_4_70":259.305170798146,"1976_9_6_137":43.02143668461678,"1976_9_6_142":43.02143390523463,"1976_9_6_70":43.02143468967128,"1976_9_7_48":7.591992922078581,"1976_9_8_142":80.12795911053045,"1976_9_9_142":85.31905410989678,"1977_9_14_29":276.3991606901243,"1977_9_23_145":319.70467112604314,"1977_9_25_145":627.2780159199812,"1977_9_32_145":42.61998635301975,"1977_9_3_137":4.098649972806304,"1977_9_3_142":4.098642679078909,"1977_9_3_48":4.098624340229362,"1977_9_4_70":8.2744451390454,"1977_9_6_137":1.3728139780983868,"1977_9_6_142":1.3728069827545375,"1977_9_6_48":1.372785970539433,"1977_9_8_142":2.5568824370732695,"1977_9_9_142":2.722532012838607}