{"1970_9_10_137":1.4141865814042447,"1970_9_10_70":1.4141843012832709,"1970_9_14_29":204.58091781864994,"1970_9_23_145":333.8881732210675,"1970_9_25_145":743.3891013348892,"1970_9_32_145":47.701552239720144,"1970_9_3_137":61.34562131975711,"1970_9_3_142":61.34561860842595,"1970_9_3_70":61.345619452678875,"1970_9_4_70":123.84585780662496,"1970_9_6_137":20.547321155458846,"1970_9_6_142":20.54731850900927,"1970_9_6_70":20.54731940529351,"1970_9_7_48":3.625969349132746,"1970_9_8_142":38.26964088033555,"1970_9_9_142":40.748943736077145,"1971_9_10_137":14.845785571164411,"1971_9_10_70":14.845782448596298,"1971_9_14_29":2642.2687732027844,"1971_9_18_67":6.855529575304269,"1971_9_23_145":941.1619892963148,"1971_9_25_145":3852.8772319265377,"1971_9_32_145":207.37228334406203,"1971_9_3_137":643.9904214540205,"1971_9_3_142":643.9904184221108,"1971_9_3_70":643.9904189337243,"1971_9_4_70":1300.1015666335609,"1971_9_6_137":215.70043917886758,"1971_9_6_142":215.70043622104373,"1971_9_6_70":215.70043682144885,"1971_9_7_48":38.06477924435764,"1971_9_8_142":401.74477526316537,"1971_9_9_142":427.77184629901376,"1972_9_10_137":14.837068029625975,"1972_9_10_48":14.837054385288761,"1972_9_14_29":3660.7358449435824,"1972_9_18_67":8.33505052256946,"1972_9_23_145":1000.7434735160259,"1972_9_25_145":3944.474645493372,"1972_9_2_70":528.2444820900599,"1972_9_31_145":2.9068656161701605,"1972_9_32_145":211.1708069245953,"1972_9_3_137":643.6123077591338,"1972_9_3_142":643.6123023306831,"1972_9_3_48":643.6123103574644,"1972_9_4_48":1299.3383907017776,"1972_9_6_137":215.5738056053334,"1972_9_6_142":215.57380034433325,"1972_9_6_48":215.57380817418655,"1972_9_7_48":38.042434042308926,"1972_9_8_142":401.50893920941775,"1972_9_9_142":427.52068544583966,"1972_9_9_70":427.52065004145817,"1973_9_14_29":85.19945963771288,"1973_9_23_145":29.37215276640278,"1973_9_25_145":132.8386565296418,"1973_9_32_145":6.871400289685973,"1973_9_3_137":25.095079214417467,"1973_9_3_142":25.0950763913442,"1973_9_3_70":25.095077134444104,"1973_9_4_70":50.662480113537285,"1973_9_6_137":8.405434265263318,"1973_9_6_142":8.405431505174159,"1973_9_6_70":8.405432307123528,"1973_9_7_48":1.4832805947769523,"1973_9_8_142":15.655221246767336,"1973_9_9_142":16.669448696552685,"1974_9_10_137":32.817273216716245,"1974_9_10_70":32.81726402927315,"1974_9_14_29":4396.56344839773,"1974_9_18_67":13.295742722484645,"1974_9_23_145":2289.6645681807518,"1974_9_25_145":5927.910699997202,"1974_9_32_145":359.82718057090443,"1974_9_3_137":1423.5695913467257,"1974_9_3_142":1423.5695871087914,"1974_9_3_70":1423.5695846610436,"1974_9_4_70":2873.932607145688,"1974_9_6_137":476.81546205088887,"1974_9_6_142":476.81545793303707,"1974_9_6_70":476.815455956804,"1974_9_7_70":84.1439004823846,"1974_9_8_142":888.0747613339929,"1974_9_9_142":945.608761767566,"1975_9_10_137":5.717474634629435,"1975_9_10_70":5.7174703555213195,"1975_9_14_29":570.5431002659187,"1975_9_18_67":1.9476707387428367,"1975_9_23_145":715.2339467479231,"1975_9_25_145":2509.0910857374984,"1975_9_32_145":162.26010001719422,"1975_9_3_137":248.01652512854693,"1975_9_3_142":248.01652175670074,"1975_9_3_70":248.01652175404533,"1975_9_4_70":500.70107318757607,"1975_9_6_137":83.07153908794129,"1975_9_6_142":83.0715358178915,"1975_9_6_70":83.07153598905842,"1975_9_7_70":14.659680093185573,"1975_9_8_142":154.72177640271616,"1975_9_9_142":164.7454449415287,"1976_9_10_137":2.9609889393779563,"1976_9_10_70":2.960986387847105,"1976_9_14_29":991.4929430685506,"1976_9_18_67":1.9463038315319563,"1976_9_23_145":352.29820779218477,"1976_9_25_145":1211.2318192384757,"1976_9_32_145":64.98999354119948,"1976_9_3_137":128.44383131593665,"1976_9_3_142":128.4438284926936,"1976_9_3_70":128.44382923562944,"1976_9_4_70":259.3051709472169,"1976_9_6_137":43.021436696123104,"1976_9_6_142":43.02143393977869,"1976_9_6_70":43.0214347450795,"1976_9_7_48":7.591993045508084,"1976_9_8_142":80.12795920228176,"1976_9_9_142":85.31905417927337,"1977_9_14_29":276.399161057463,"1977_9_23_145":319.70467120030384,"1977_9_25_145":627.2780159499961,"1977_9_32_145":42.619986375576396,"1977_9_3_137":4.098649995612939,"1977_9_3_142":4.098642797905996,"1977_9_3_48":4.098624465683681,"1977_9_4_70":8.2744452162502,"1977_9_6_137":1.3728140001397675,"1977_9_6_142":1.3728070929679947,"1977_9_6_48":1.3727860952440396,"1977_9_8_142":2.5568825046567554,"1977_9_9_142":2.7225320656927967}