{"1970_9_10_137":1.414184947018259,"1970_9_10_48":1.4141558334909388,"1970_9_14_29":204.5809243187802,"1970_9_23_145":333.88817443944026,"1970_9_25_145":743.3891017642359,"1970_9_32_145":47.70155261245235,"1970_9_3_137":61.34561979244473,"1970_9_3_142":61.34561260036233,"1970_9_3_48":61.34562252796343,"1970_9_4_70":123.84585941834823,"1970_9_6_137":20.54731966127429,"1970_9_6_142":20.54731274275376,"1970_9_6_48":20.5473103900068,"1970_9_7_48":3.6259712482053263,"1970_9_8_142":38.26964212291477,"1970_9_9_142":40.74894469832282,"1971_9_10_137":14.84578577719883,"1971_9_10_70":14.845783667436148,"1971_9_14_29":2642.2687807322736,"1971_9_18_67":6.855529632508267,"1971_9_23_145":941.1619899468358,"1971_9_25_145":3852.8772321458932,"1971_9_32_145":207.3722835798438,"1971_9_3_137":643.9904216483446,"1971_9_3_142":643.9904190114369,"1971_9_3_70":643.9904199149745,"1971_9_4_70":1300.1015691258176,"1971_9_6_137":215.70043869210224,"1971_9_6_142":215.7004345856959,"1971_9_6_48":77.06610133233778,"1971_9_6_70":215.70043265162587,"1971_9_7_48":38.06477985629087,"1971_9_8_142":401.74477678313315,"1971_9_9_142":427.77184744816964,"1972_9_10_137":14.83706834455371,"1972_9_10_48":14.837056208558582,"1972_9_14_29":3660.7358484457955,"1972_9_18_67":8.33505054508412,"1972_9_23_145":1000.7434739719911,"1972_9_25_145":3944.4746456799244,"1972_9_2_70":1898.0949630937553,"1972_9_31_145":2.906866498519511,"1972_9_32_145":211.1708071001059,"1972_9_3_137":643.6123080531487,"1972_9_3_142":643.6123035275673,"1972_9_3_48":643.6123104863206,"1972_9_4_48":1299.3383909665008,"1972_9_6_137":215.573805893242,"1972_9_6_142":215.57380149545014,"1972_9_6_48":215.57380829728297,"1972_9_7_48":38.042434218448605,"1972_9_8_142":401.50893571518964,"1972_9_8_70":401.50888832372027,"1972_9_9_142":427.5206868509515,"1972_9_9_70":427.52067880712156,"1973_9_14_29":85.19946668339779,"1973_9_23_145":29.372154152573064,"1973_9_25_145":132.83865751990433,"1973_9_32_145":6.8714006775544165,"1973_9_3_137":25.095077630380196,"1973_9_3_142":25.095069951193793,"1973_9_3_48":25.09507172984977,"1973_9_4_70":50.66248198297154,"1973_9_6_137":8.4054327131732,"1973_9_6_142":8.405425311177874,"1973_9_6_48":8.405411206844267,"1973_9_7_48":1.4832825454786598,"1973_9_8_142":15.655222581524633,"1973_9_9_142":16.669449721681413,"1974_9_10_137":32.817273481244904,"1974_9_10_70":32.81726823720561,"1974_9_14_29":4396.563461025631,"1974_9_18_67":13.295742828800257,"1974_9_23_145":2289.6645685422186,"1974_9_25_145":5927.910700209139,"1974_9_32_145":359.8271807186145,"1974_9_3_137":1423.5695915947852,"1974_9_3_142":1423.5695879907676,"1974_9_3_70":1423.5695875183123,"1974_9_4_70":2873.9326305124932,"1974_9_6_137":476.81546229395565,"1974_9_6_142":476.81545878464243,"1974_9_6_70":476.8154585169364,"1974_9_7_70":84.14390180571516,"1974_9_8_142":888.0747643072206,"1974_9_9_142":945.608763805879,"1975_9_10_137":5.7174748581859784,"1975_9_10_70":5.717472064462653,"1975_9_14_29":570.5431090218962,"1975_9_18_67":1.9476708083333647,"1975_9_23_145":715.2339475063013,"1975_9_25_145":2509.0910859611054,"1975_9_32_145":162.26010028152237,"1975_9_3_137":248.01652533887875,"1975_9_3_142":248.01652242566908,"1975_9_3_70":248.01652307593616,"1975_9_4_70":500.70107731001343,"1975_9_6_137":83.07153929355655,"1975_9_6_142":83.07153646276825,"1975_9_6_70":83.07153719832588,"1975_9_7_48":14.659665171528669,"1975_9_8_142":154.72177826196932,"1975_9_9_142":164.7454463106395,"1976_9_10_137":2.9609891343462116,"1976_9_10_70":2.960987381018665,"1976_9_14_29":991.4929496629538,"1976_9_18_67":1.9463038810278415,"1976_9_23_145":352.2982090079609,"1976_9_25_145":1211.231819544561,"1976_9_32_145":64.98999391032802,"1976_9_3_137":128.44382973181095,"1976_9_3_142":128.44382205185704,"1976_9_3_48":128.44383255361328,"1976_9_4_70":259.3051728182718,"1976_9_6_137":43.02143514591208,"1976_9_6_142":43.02142776008408,"1976_9_6_48":43.02143749254774,"1976_9_7_48":7.591994994782998,"1976_9_8_142":80.12796053737871,"1976_9_9_142":85.3190552046302,"1977_9_14_29":276.39916648719156,"1977_9_23_145":319.7046723820484,"1977_9_25_145":627.2780164195658,"1977_9_32_145":42.619986738750626,"1977_9_3_137":4.098650348244999,"1977_9_3_142":4.098644506016136,"1977_9_3_48":4.098626441685646,"1977_9_4_70":8.274446255982712,"1977_9_6_137":1.3728143438098157,"1977_9_6_142":1.3728087137471108,"1977_9_6_48":1.3727880367495795,"1977_9_8_142":2.556883494075243,"1977_9_9_142":2.7225283503774333,"1977_9_9_70":2.7224127155930065}