{"1970_9_10_137":1.4141855234432852,"1970_9_10_48":1.4141590329728537,"1970_9_14_29":204.580932023761,"1970_9_23_145":333.88817616306903,"1970_9_25_145":743.389102351129,"1970_9_2_70":180.91595436426547,"1970_9_32_145":47.701553156019344,"1970_9_3_137":61.345620327277636,"1970_9_3_142":61.34561510017162,"1970_9_3_48":61.34562285291627,"1970_9_4_48":123.84586343001067,"1970_9_6_137":20.547320183497423,"1970_9_6_142":20.54731512574646,"1970_9_6_48":20.547313299337837,"1970_9_7_48":3.6259739525312518,"1970_9_8_142":38.269643593208194,"1970_9_9_142":40.748941928793045,"1970_9_9_70":40.7489177405939,"1971_9_10_137":14.84578440408997,"1971_9_10_48":14.845769809845786,"1971_9_14_29":2642.268789491349,"1971_9_18_67":6.855529691656801,"1971_9_23_145":941.1619908251528,"1971_9_25_145":3852.8772324647684,"1971_9_32_145":207.3722839042307,"1971_9_3_137":643.990420361905,"1971_9_3_142":643.9904142609886,"1971_9_3_48":643.9904230545566,"1971_9_4_70":1300.1015711814323,"1971_9_6_137":215.70043810953112,"1971_9_6_142":215.7004322161625,"1971_9_6_48":215.70044077245447,"1971_9_7_48":38.064780405879276,"1971_9_8_142":401.7447785350819,"1971_9_9_142":427.7718487881582,"1971_9_9_70":5.255356248381066,"1972_9_10_137":14.83706876668335,"1972_9_10_48":14.837058809012767,"1972_9_14_29":3660.7358528817067,"1972_9_18_67":8.335050571391383,"1972_9_23_145":1000.74347459553,"1972_9_25_145":3944.474645951869,"1972_9_2_70":1898.094979810911,"1972_9_31_145":2.906867783553521,"1972_9_32_145":211.17080734140677,"1972_9_3_137":643.6123084489099,"1972_9_3_142":643.6123049503522,"1972_9_3_48":643.612310627578,"1972_9_4_48":1299.3383912205923,"1972_9_6_137":215.5738062812562,"1972_9_6_142":215.57380287026166,"1972_9_6_48":215.57380843316528,"1972_9_7_48":38.04243366160676,"1972_9_7_70":38.042414027783074,"1972_9_8_142":401.50893785151146,"1972_9_8_70":401.5089330489564,"1972_9_9_142":427.52068848763554,"1972_9_9_70":427.5206873103899,"1973_9_14_29":85.19947495078875,"1973_9_23_145":29.372156157164984,"1973_9_25_145":132.83865895387663,"1973_9_32_145":6.871401244981404,"1973_9_3_137":25.095078186891737,"1973_9_3_142":25.095072662313232,"1973_9_3_48":25.095074622391955,"1973_9_4_70":50.66248364315061,"1973_9_6_137":8.405433257465116,"1973_9_6_142":8.40542790152891,"1973_9_6_48":8.405414277057178,"1973_9_7_48":1.4832853113458337,"1973_9_8_142":15.655224146668186,"1973_9_9_142":16.66944675329447,"1973_9_9_70":16.669403157282996,"1974_9_10_137":32.817273839517554,"1974_9_10_70":32.817271205267005,"1974_9_14_29":4396.563474630858,"1974_9_18_67":13.295742924359654,"1974_9_23_145":2289.66456904768,"1974_9_25_145":5927.910700518596,"1974_9_32_145":359.82718092393304,"1974_9_3_137":1423.569591931954,"1974_9_3_142":1423.569589076321,"1974_9_3_70":1423.5695897870814,"1974_9_4_70":2873.9326382967192,"1974_9_6_137":476.815462624703,"1974_9_6_142":476.8154598366803,"1974_9_6_70":476.8154606131275,"1974_9_7_48":84.14390543394677,"1974_9_8_142":888.074767389085,"1974_9_9_142":945.608766057131,"1975_9_10_137":5.71747335359762,"1975_9_10_48":5.717448588500904,"1975_9_14_29":570.5431189998768,"1975_9_18_67":1.9476708784204468,"1975_9_23_145":715.233948531375,"1975_9_25_145":2509.0910862836613,"1975_9_32_145":162.260100648308,"1975_9_3_137":248.0165239337242,"1975_9_3_142":248.01651683509488,"1975_9_3_48":248.01652672463908,"1975_9_4_70":500.7010802373074,"1975_9_6_137":83.07153792356681,"1975_9_6_142":83.07153113170624,"1975_9_6_48":83.07154066674921,"1975_9_7_48":14.65966821032233,"1975_9_8_142":154.7217803443399,"1975_9_9_142":164.74544791080837,"1976_9_10_137":2.960987843085868,"1976_9_10_48":2.9609624234006975,"1976_9_14_29":991.4929574657444,"1976_9_18_67":1.9463039340260369,"1976_9_23_145":352.2982107231771,"1976_9_25_145":1211.231819971843,"1976_9_32_145":64.98999444661864,"1976_9_3_137":128.44383028835637,"1976_9_3_142":128.44382476331475,"1976_9_3_48":128.4438328950115,"1976_9_4_70":259.3051744795749,"1976_9_6_137":43.02143568948335,"1976_9_6_142":43.021430343439874,"1976_9_6_48":43.021437973027616,"1976_9_7_48":7.591997757447333,"1976_9_8_142":80.12796210287341,"1976_9_9_142":85.31905223549997,"1976_9_9_70":85.31900853348353,"1977_9_14_29":276.3991730621113,"1977_9_23_145":319.7046740563878,"1977_9_25_145":627.2780170596668,"1977_9_2_70":12.087430720548932,"1977_9_32_145":42.61998726874571,"1977_9_3_137":4.09865081748315,"1977_9_3_142":4.098646442959353,"1977_9_3_48":4.098629236482814,"1977_9_4_48":8.274426401939204,"1977_9_6_137":1.372814801895774,"1977_9_6_142":1.3728105652978642,"1977_9_6_48":1.3727907918481272,"1977_9_8_142":2.5568806389551786,"1977_9_8_70":2.556845561988107,"1977_9_9_142":2.72253063075203,"1977_9_9_70":2.7225242191357553}