{"1970_9_10_137":1.4141856928289127,"1970_9_10_48":1.4141600186545331,"1970_9_14_29":204.58093413535457,"1970_9_23_145":333.8881766984994,"1970_9_25_145":743.3891025290435,"1970_9_2_70":180.9160570780636,"1970_9_32_145":47.70155332943669,"1970_9_3_137":61.34562048536267,"1970_9_3_142":61.3456157448101,"1970_9_3_48":61.345622926957994,"1970_9_4_48":123.84586357624136,"1970_9_6_137":20.547320338063397,"1970_9_6_142":20.54731574398676,"1970_9_6_48":20.54731419552545,"1970_9_7_48":3.6259748060218358,"1970_9_8_142":38.26963948467015,"1970_9_8_70":38.26951805111106,"1970_9_9_142":40.74894268584582,"1970_9_9_70":40.7489315774273,"1971_9_10_137":14.845784592476308,"1971_9_10_48":14.845770861243585,"1971_9_14_29":2642.2687918610427,"1971_9_18_67":6.855529706407784,"1971_9_23_145":941.1619910888032,"1971_9_25_145":3852.8772325663635,"1971_9_32_145":207.37228400275058,"1971_9_3_137":643.9904205372061,"1971_9_3_142":643.9904150468218,"1971_9_3_48":643.9904231451783,"1971_9_4_48":219.58190172169432,"1971_9_4_70":1300.101570210905,"1971_9_6_137":215.70043828087822,"1971_9_6_142":215.7004329677117,"1971_9_6_48":215.7004408582899,"1971_9_7_48":38.064780528997055,"1971_9_8_142":401.74477900608747,"1971_9_9_142":427.7718450201241,"1971_9_9_70":427.7718045915359,"1972_9_10_137":14.837068893028665,"1972_9_10_48":14.83705962885521,"1972_9_14_29":3660.735854155567,"1972_9_18_67":8.335050578493085,"1972_9_23_145":1000.743474784812,"1972_9_25_145":3944.4746460386755,"1972_9_2_70":1898.0949816360283,"1972_9_31_145":2.906868193395367,"1972_9_32_145":211.1708074147548,"1972_9_3_137":643.6123074654566,"1972_9_3_142":643.6123009923264,"1972_9_3_48":643.6123102010812,"1972_9_3_70":643.6122364931902,"1972_9_4_48":1299.3383912813235,"1972_9_6_137":215.57380531806254,"1972_9_6_142":215.57379906300974,"1972_9_6_48":215.57380802588824,"1972_9_6_70":215.57375793942032,"1972_9_7_48":38.04243382934437,"1972_9_7_70":38.04242054901997,"1972_9_8_142":401.5089384131658,"1972_9_8_70":401.5089358191866,"1972_9_9_142":427.5206889308178,"1972_9_9_70":427.5206885532836,"1973_9_14_29":85.19947720073941,"1973_9_23_145":29.372156793210166,"1973_9_25_145":132.8386594088649,"1973_9_2_70":74.00853844948911,"1973_9_32_145":6.871401426564165,"1973_9_3_137":25.09507835100903,"1973_9_3_142":25.095073354086203,"1973_9_3_48":25.095075476547997,"1973_9_4_48":50.66248630384821,"1973_9_6_137":8.405433418184865,"1973_9_6_142":8.40542856645876,"1973_9_6_48":8.405415230721559,"1973_9_7_48":1.4832861825792862,"1973_9_8_142":15.655224572372726,"1973_9_9_142":16.669447570162895,"1973_9_9_70":16.66943110859555,"1974_9_10_137":32.81727394758886,"1974_9_10_70":32.81727180397596,"1974_9_14_29":4396.563478127896,"1974_9_18_67":13.295742946109693,"1974_9_23_145":2289.6645692044576,"1974_9_25_145":5927.910700617499,"1974_9_32_145":359.82718098703145,"1974_9_3_137":1423.5695920339322,"1974_9_3_142":1423.5695893817533,"1974_9_3_70":1423.5695902736354,"1974_9_4_70":2873.9326394724467,"1974_9_6_137":476.8154627248215,"1974_9_6_142":476.8154601334534,"1974_9_6_70":476.81546107022257,"1974_9_7_48":84.14390555855816,"1974_9_8_142":888.0747681617511,"1974_9_9_142":945.6087666452962,"1975_9_10_137":5.717473562090548,"1975_9_10_48":5.717449726865455,"1975_9_14_29":570.5431216618074,"1975_9_18_67":1.9476708956707462,"1975_9_23_145":715.2339488386932,"1975_9_25_145":2509.0910863858608,"1975_9_32_145":162.26010076031125,"1975_9_3_137":248.0165241269825,"1975_9_3_142":248.01651779205767,"1975_9_3_48":248.01652684469025,"1975_9_4_70":500.70108082976674,"1975_9_6_137":83.07153811147944,"1975_9_6_142":83.07153203495075,"1975_9_6_48":83.07154078136962,"1975_9_7_48":14.659669153271201,"1975_9_8_142":154.7217808934582,"1975_9_9_142":164.7454483451087,"1976_9_10_137":2.9609880191170257,"1976_9_10_48":2.9609634332953116,"1976_9_14_29":991.4929596015091,"1976_9_18_67":1.9463039475891823,"1976_9_23_145":352.29821125466265,"1976_9_25_145":1211.2318201038158,"1976_9_2_70":378.79721421369385,"1976_9_32_145":64.98999461709128,"1976_9_3_137":128.44383045248307,"1976_9_3_142":128.44382545516254,"1976_9_3_48":128.44383297243473,"1976_9_4_48":259.305177303866,"1976_9_6_137":43.02143585000257,"1976_9_6_142":43.021431006807326,"1976_9_6_48":43.02143807873965,"1976_9_7_48":7.591998627434368,"1976_9_8_142":80.12796252870399,"1976_9_9_142":85.31905305259711,"1976_9_9_70":85.31903656721337,"1977_9_14_29":276.39917489093534,"1977_9_23_145":319.7046745771616,"1977_9_25_145":627.2780172530884,"1977_9_2_70":12.087437885427141,"1977_9_32_145":42.61998743794412,"1977_9_3_137":4.098650957176235,"1977_9_3_142":4.098646957983881,"1977_9_3_48":4.098630115877181,"1977_9_4_48":8.274427421488651,"1977_9_6_137":1.3728149384359094,"1977_9_6_142":1.372811060135883,"1977_9_6_48":1.3727916600009988,"1977_9_8_142":2.556881421662137,"1977_9_8_70":2.5568682306587847,"1977_9_9_142":2.7225312256601146,"1977_9_9_70":2.7225277317342744}