{"1970_9_10_137":1.4141857117979677,"1970_9_10_48":1.414160130720168,"1970_9_14_29":204.58093436771472,"1970_9_23_145":333.888176759252,"1970_9_25_145":743.389102549112,"1970_9_2_70":180.91606001982473,"1970_9_32_145":47.701553349267805,"1970_9_3_137":61.34562050308519,"1970_9_3_142":61.345615814747596,"1970_9_3_48":61.34562293477009,"1970_9_4_48":123.84586359113193,"1970_9_6_137":20.547320355397325,"1970_9_6_142":20.547315811152718,"1970_9_6_48":20.547314297142453,"1970_9_7_48":3.6259749034370885,"1970_9_8_142":38.26963959472532,"1970_9_8_70":38.26954885296463,"1970_9_9_142":40.74894276752205,"1970_9_9_70":40.74893249684147,"1971_9_10_137":14.845784613536221,"1971_9_10_48":14.845770980272102,"1971_9_14_29":2642.268792121006,"1971_9_18_67":6.855529707994878,"1971_9_23_145":941.1619911184642,"1971_9_25_145":3852.8772325779805,"1971_9_2_70":380.8485832103202,"1971_9_32_145":207.37228401386216,"1971_9_3_137":643.9904205568266,"1971_9_3_142":643.9904151314873,"1971_9_3_48":643.9904231546682,"1971_9_4_48":1300.1015743038906,"1971_9_6_137":215.7004383000633,"1971_9_6_142":215.7004330488154,"1971_9_6_48":215.70044086730286,"1971_9_7_48":38.064780541915894,"1971_9_8_142":401.74477905768185,"1971_9_9_142":427.771845120523,"1971_9_9_70":427.7718099140334,"1972_9_10_137":14.837068907234242,"1972_9_10_48":14.837059722343149,"1972_9_14_29":3660.735854297347,"1972_9_18_67":8.335050579270943,"1972_9_23_145":1000.7434748061745,"1972_9_25_145":3944.474646048605,"1972_9_2_70":1898.0949818084187,"1972_9_31_145":2.9068682402661894,"1972_9_32_145":211.17080742303145,"1972_9_3_137":643.6123074873601,"1972_9_3_142":643.6123010976368,"1972_9_3_48":643.6123102138955,"1972_9_3_70":643.6122475592227,"1972_9_4_48":1299.338391287803,"1972_9_6_137":215.57380533947762,"1972_9_6_142":215.5737991636093,"1972_9_6_48":215.57380803799504,"1972_9_6_70":215.57376340252142,"1972_9_7_48":38.04243384671655,"1972_9_7_70":38.04242106306686,"1972_9_8_142":401.5089384743706,"1972_9_8_70":401.5089360687,"1972_9_9_142":427.52068897944656,"1972_9_9_70":427.52068867497894,"1973_9_14_29":85.19947744791288,"1973_9_23_145":29.372156865853825,"1973_9_25_145":132.8386594608182,"1973_9_2_70":74.00854598978161,"1973_9_32_145":6.871401447348857,"1973_9_3_137":25.09507836939715,"1973_9_3_142":25.09507342895794,"1973_9_3_48":25.09507557194473,"1973_9_4_48":50.662486323920234,"1973_9_6_137":8.40543343619817,"1973_9_6_142":8.405428638522661,"1973_9_6_48":8.40541533926218,"1973_9_7_48":1.4832862819948383,"1973_9_8_142":15.65522461867083,"1973_9_9_142":16.66944765804587,"1973_9_9_70":16.669432596788795,"1974_9_10_137":32.817273959767576,"1974_9_10_70":32.81727186573142,"1974_9_14_29":4396.563478507012,"1974_9_18_67":13.295742948401918,"1974_9_23_145":2289.6645692222655,"1974_9_25_145":5927.910700628816,"1974_9_32_145":359.8271809941756,"1974_9_3_137":1423.5695920454325,"1974_9_3_142":1423.5695894155772,"1974_9_3_70":1423.5695903244098,"1974_9_4_70":2873.9326395881035,"1974_9_6_137":476.81546089781835,"1974_9_6_142":476.81545264011424,"1974_9_6_48":476.81546375935375,"1974_9_7_48":84.14390557137436,"1974_9_8_142":888.0747682450498,"1974_9_9_142":945.6087667092972,"1975_9_10_137":5.7174735853569505,"1975_9_10_48":5.717449855118647,"1975_9_14_29":570.5431219528713,"1975_9_18_67":1.9476708975227615,"1975_9_23_145":715.2339488732414,"1975_9_25_145":2509.09108639753,"1975_9_32_145":162.2601007729581,"1975_9_3_137":248.01652414857762,"1975_9_3_142":248.01651789437423,"1975_9_3_48":248.01652685706733,"1975_9_4_70":500.70108089091536,"1975_9_6_137":83.0715381324873,"1975_9_6_142":83.0715321317488,"1975_9_6_48":83.07154079321644,"1975_9_7_48":14.659669260546307,"1975_9_8_142":154.7217809533385,"1975_9_9_142":164.7454483927881,"1976_9_10_137":2.9609880388179426,"1976_9_10_48":2.96096354798775,"1976_9_14_29":991.49295983646,"1976_9_18_67":1.9463039490580085,"1976_9_23_145":352.2982113149231,"1976_9_25_145":1211.2318201187825,"1976_9_2_70":378.7972219125876,"1976_9_32_145":64.98999463656341,"1976_9_3_137":128.44383047087223,"1976_9_3_142":128.4438255300421,"1976_9_3_48":128.4438329806048,"1976_9_4_48":259.3051773205084,"1976_9_6_137":43.02143586799375,"1976_9_6_142":43.021431078707636,"1976_9_6_48":43.02143808982242,"1976_9_7_48":7.591998726691083,"1976_9_8_142":80.12796257545237,"1976_9_9_142":85.3190531405032,"1976_9_9_70":85.31903805818693,"1977_9_14_29":276.3991750928979,"1977_9_23_145":319.70467463627216,"1977_9_25_145":627.278017274883,"1977_9_2_70":12.087438439995001,"1977_9_32_145":42.6199874572967,"1977_9_3_137":4.098650972865329,"1977_9_3_142":4.0986470142542855,"1977_9_3_48":4.098630216194325,"1977_9_4_48":8.274427537204875,"1977_9_6_137":1.3728149537775467,"1977_9_6_142":1.3728111143042199,"1977_9_6_48":1.372791759074473,"1977_9_8_142":2.5568815060072305,"1977_9_8_70":2.55686940006732,"1977_9_9_142":2.7225312903717174,"1977_9_9_70":2.7225280382361556}