{"1970_9_25_145":631.1565425703718,"1970_9_32_145":47.70146379252766,"1971_9_32_145":207.37219439674465,"1972_9_25_145":3944.4742050712616,"1972_9_31_145":2.906246859835905,"1972_9_32_145":211.17073310132514,"1972_9_3_137":643.6115310564333,"1972_9_6_137":215.5733145557205,"1973_9_32_145":6.871309371921243,"1974_9_32_145":359.8270961547351,"1975_9_25_145":2509.0875890018774,"1975_9_32_145":162.26001470294858,"1976_9_32_145":64.98990427717219,"1977_9_25_145":627.2759006793849,"1977_9_32_145":42.6199008587216}