{"1970_9_25_145":743.3888170727374,"1970_9_32_145":47.70150048945197,"1970_9_3_137":61.3454152314215,"1970_9_6_137":20.54715393503363,"1971_9_25_145":3852.8769666717926,"1971_9_32_145":207.372232262775,"1971_9_3_137":278.52469004538057,"1971_9_6_137":215.69946469296897,"1972_9_10_137":14.836850565501816,"1972_9_23_145":1000.7394069218338,"1972_9_25_145":3944.474539509238,"1972_9_31_145":2.9066759572329386,"1972_9_32_145":211.17076453903326,"1972_9_3_137":643.6122622447407,"1972_9_6_137":215.57376268999514,"1973_9_25_145":132.83832245561968,"1973_9_32_145":6.871347128487946,"1973_9_3_137":25.094749564954803,"1973_9_6_137":8.40518676280824,"1974_9_25_145":5927.910464831057,"1974_9_32_145":359.82713369775655,"1975_9_25_145":2509.0908656224133,"1975_9_32_145":162.26005058572963,"1976_9_25_145":1211.2315305514358,"1976_9_32_145":64.98994137069165,"1976_9_3_137":128.44350137579636,"1976_9_6_137":43.021192887978785,"1977_9_25_145":627.2777695188331,"1977_9_32_145":42.61993625714991,"1977_9_3_137":4.09856387554137,"1977_9_6_137":1.3727368131177542}