{"1970_9_25_145":743.3868844852013,"1970_9_32_145":47.70148223072875,"1971_9_25_145":300.4837050649161,"1971_9_32_145":207.37221339938813,"1972_9_25_145":3944.474355350046,"1972_9_31_145":2.9064428315923196,"1972_9_32_145":211.1707489921929,"1972_9_3_137":643.6120409471764,"1972_9_6_137":215.5735922712574,"1973_9_25_145":132.61222089662485,"1973_9_32_145":6.8713283205958975,"1974_9_25_145":5927.787469499509,"1974_9_32_145":359.8271150152255,"1975_9_25_145":2509.089852781086,"1975_9_32_145":162.26003274985314,"1976_9_25_145":1211.2282797125772,"1976_9_32_145":64.98992290619756,"1977_9_25_145":627.2770286081459,"1977_9_32_145":42.61991867009638}