{"1970_9_10_137":1.4140201456178958,"1970_9_23_145":333.88564399250066,"1970_9_25_145":743.3890236371375,"1970_9_32_145":47.70153185659044,"1970_9_3_137":61.345595460140075,"1970_9_6_137":20.54729699891329,"1971_9_25_145":3852.877182613137,"1971_9_32_145":207.37226432504596,"1971_9_3_137":643.990384457276,"1971_9_6_137":215.70040525610733,"1972_9_10_137":14.837042930150364,"1972_9_23_145":1000.7433058802461,"1972_9_25_145":3944.4746201285693,"1972_9_31_145":2.9068005739542624,"1972_9_32_145":211.1707915168271,"1972_9_3_137":643.6122965578005,"1972_9_6_137":215.5737948610888,"1973_9_25_145":132.8385639487654,"1973_9_32_145":6.871379317308272,"1973_9_3_137":25.09505005122773,"1973_9_6_137":8.405407026548467,"1974_9_25_145":5927.9106562904735,"1974_9_32_145":359.82716495641654,"1974_9_3_137":525.3682567698489,"1974_9_6_137":476.8149417621507,"1975_9_23_145":715.233056404246,"1975_9_25_145":2509.0910384927965,"1975_9_32_145":162.26008120676107,"1975_9_3_137":248.0164672357597,"1975_9_6_137":83.07148899954674,"1976_9_10_137":2.9606109179667737,"1976_9_23_145":352.2704197358614,"1976_9_25_145":1211.231748237713,"1976_9_32_145":64.98997303429378,"1976_9_3_137":128.44380214724535,"1976_9_6_137":43.02140956632949,"1977_9_23_145":319.70405098395725,"1977_9_25_145":627.277943498748,"1977_9_32_145":42.61996662103678,"1977_9_3_137":4.098633373870464,"1977_9_6_137":1.3727983471240022}