{"1970_9_10_137":1.4141683369632405,"1970_9_23_145":333.88804841612927,"1970_9_25_145":743.3890431930305,"1970_9_32_145":47.70152997877098,"1970_9_3_137":61.34561037716425,"1970_9_6_137":20.547310544046837,"1971_9_10_137":14.845763336720776,"1971_9_23_145":941.1618637103154,"1971_9_25_145":3852.877205909426,"1971_9_32_145":207.37226248702888,"1971_9_3_137":643.9904088062987,"1971_9_6_137":215.70042693573737,"1972_9_10_137":14.837058220744701,"1972_9_23_145":1000.7433967758134,"1972_9_25_145":3944.4746281700814,"1972_9_31_145":2.9068073593355557,"1972_9_32_145":211.17078984205537,"1972_9_3_137":643.612299786219,"1972_9_3_142":463.5352011019363,"1972_9_6_137":215.57379693060392,"1972_9_6_142":215.57303209005283,"1973_9_23_145":29.37201797972696,"1973_9_25_145":132.83858593354128,"1973_9_32_145":6.871377417334963,"1973_9_3_137":25.09506769074136,"1973_9_6_137":8.405423070831757,"1974_9_10_137":32.81722646190945,"1974_9_23_145":2289.664469187416,"1974_9_25_145":5927.910676774335,"1974_9_32_145":359.82716329410607,"1974_9_3_137":1423.5695710489456,"1974_9_6_137":476.8154426176817,"1975_9_10_137":5.717447257397123,"1975_9_23_145":715.2338337860394,"1975_9_25_145":2509.0910572684206,"1975_9_32_145":162.26007938002383,"1975_9_3_137":248.01651053704202,"1975_9_6_137":83.07152509409823,"1976_9_10_137":2.960969381130258,"1976_9_23_145":352.2980795620592,"1976_9_25_145":1211.2317705087175,"1976_9_32_145":64.98997115166588,"1976_9_3_137":128.4438197913651,"1976_9_6_137":43.021425521106536,"1977_9_23_145":319.7045568520453,"1977_9_25_145":627.2779584697711,"1977_9_32_145":42.61996476884515,"1977_9_3_137":4.098642430705694,"1977_9_6_137":1.372806667798713}