{"1970_9_10_137":1.4141783975272115,"1970_9_23_145":333.88809889302775,"1970_9_25_145":743.3890600032095,"1970_9_32_145":47.70153358501404,"1970_9_3_137":61.34561370246263,"1970_9_3_142":61.34557525793682,"1970_9_6_137":20.547313713120776,"1970_9_6_142":20.547278041690085,"1971_9_10_137":14.845776420840151,"1971_9_23_145":941.161922525859,"1971_9_25_145":3852.8772163915155,"1971_9_32_145":207.37226613774897,"1971_9_3_137":643.990412971762,"1971_9_3_142":643.9903561566522,"1971_9_6_137":215.7004308966283,"1971_9_6_142":215.7003791849461,"1972_9_10_137":14.83706351261164,"1972_9_23_145":1000.7434251820408,"1972_9_25_145":3944.4746338782934,"1972_9_31_145":2.906820321975808,"1972_9_32_145":211.1707928618073,"1972_9_3_137":643.6123035130596,"1972_9_3_142":643.6122861114014,"1972_9_6_137":215.5738014386176,"1972_9_6_142":215.57378477935308,"1973_9_23_145":29.372074569728895,"1973_9_25_145":132.8386039405885,"1973_9_32_145":6.871381126316682,"1973_9_3_137":25.09507129577113,"1973_9_3_142":25.095027439917025,"1973_9_6_137":8.405426516510806,"1973_9_6_142":8.405385817608629,"1974_9_10_137":32.81726033132347,"1974_9_23_145":2289.6645258723347,"1974_9_25_145":5927.910686352966,"1974_9_32_145":359.8271667259555,"1974_9_3_137":1423.5695795909658,"1974_9_3_142":1421.9821861507426,"1974_9_6_137":476.8154506191646,"1974_9_6_142":476.8145669960581,"1975_9_10_137":5.717464438240667,"1975_9_23_145":715.2338804438156,"1975_9_25_145":2509.0910679501317,"1975_9_32_145":162.26008287120814,"1975_9_3_137":248.01651572704884,"1975_9_3_142":248.01642384171095,"1975_9_6_137":83.07152996201312,"1975_9_6_142":83.07145123353068,"1976_9_10_137":2.9609804198383944,"1976_9_23_145":352.29813256956135,"1976_9_25_145":1211.2317869390456,"1976_9_32_145":64.98997479263602,"1976_9_3_137":128.443823396827,"1976_9_3_142":128.4437795319941,"1976_9_6_137":43.02142895744623,"1976_9_6_142":43.02138843698958,"1977_9_23_145":319.7046001346172,"1977_9_25_145":627.2779740404224,"1977_9_32_145":42.61996825268299,"1977_9_3_137":4.098644992785904,"1977_9_3_142":4.098618699940723,"1977_9_6_137":1.3728091122003017,"1977_9_6_142":1.3727844198873949}