{"1970_9_10_137":1.414185579375552,"1970_9_14_29":204.5737978181056,"1970_9_23_145":333.88815887430155,"1970_9_25_145":743.389095328193,"1970_9_32_145":47.70154832985164,"1970_9_3_137":61.345620379550866,"1970_9_3_142":61.34561531756573,"1970_9_6_137":20.54732023458223,"1970_9_6_142":20.547315334009774,"1970_9_8_142":38.257489041905195,"1970_9_9_142":40.748874103971076,"1971_9_10_137":14.845784466466693,"1971_9_23_145":941.1619796078323,"1971_9_25_145":3852.877229482708,"1971_9_32_145":207.37228034552305,"1971_9_3_137":643.9904204199163,"1971_9_3_142":643.9904145270484,"1971_9_6_137":215.70043816622234,"1971_9_6_142":215.70043247037154,"1971_9_9_142":427.7715894305902,"1972_9_10_137":14.837068808365103,"1972_9_14_29":3660.7357326194997,"1972_9_18_67":8.33504265973667,"1972_9_23_145":1000.7434669715092,"1972_9_25_145":3944.4746434914555,"1972_9_31_145":2.906856190549697,"1972_9_32_145":211.1708046353772,"1972_9_3_137":643.612307928822,"1972_9_3_142":643.6123030374126,"1972_9_3_70":370.04015776032435,"1972_9_6_137":215.57380518991442,"1972_9_6_142":215.57379844244952,"1972_9_6_70":215.57364476887642,"1972_9_7_70":38.04241667054033,"1972_9_8_142":401.5089102314291,"1972_9_9_142":427.52067188667655,"1973_9_23_145":29.372137246353244,"1973_9_25_145":132.83864573934594,"1973_9_32_145":6.871396250312787,"1973_9_3_137":25.095078241165556,"1973_9_3_142":25.095072895882012,"1973_9_6_137":8.405433310588332,"1973_9_6_142":8.405428125791795,"1973_9_9_142":16.66935178091228,"1974_9_10_137":32.817271746446934,"1974_9_23_145":2289.6645630014204,"1974_9_25_145":5927.910697726955,"1974_9_32_145":359.827178642201,"1974_9_3_137":1423.5695899815762,"1974_9_3_142":1423.5695804101645,"1974_9_6_137":476.8154607172662,"1974_9_6_142":476.81545155551544,"1975_9_10_137":5.717473422677588,"1975_9_23_145":715.2339360040543,"1975_9_25_145":2509.09108313341,"1975_9_32_145":162.26009681905347,"1975_9_3_137":248.0165239977417,"1975_9_3_142":248.01651716058208,"1975_9_6_137":83.07153798579975,"1975_9_6_142":83.07153143851667,"1976_9_10_137":2.960987901276196,"1976_9_14_29":991.4238227242449,"1976_9_23_145":352.298193359187,"1976_9_25_145":1211.2318151476093,"1976_9_32_145":64.98998963552627,"1976_9_3_137":128.44383034263527,"1976_9_3_142":128.4438249969169,"1976_9_6_137":43.021435742560286,"1976_9_6_142":43.021430567242376,"1976_9_9_142":85.31895713020104,"1977_9_14_29":276.39865229097,"1977_9_23_145":319.70465738464907,"1977_9_25_145":627.2780094521424,"1977_9_32_145":42.619982572860565,"1977_9_3_137":4.098650863576239,"1977_9_3_142":4.098646615767495,"1977_9_6_137":1.3728148468851789,"1977_9_6_142":1.3728107314015285,"1977_9_8_142":2.556802746282968,"1977_9_9_142":2.722498773085755}