{"1970_9_10_137":1.4141861286678228,"1970_9_14_29":204.5807392100426,"1970_9_23_145":333.8881633199108,"1970_9_25_145":743.3890973584964,"1970_9_32_145":47.70154945968471,"1970_9_3_137":61.34562089378306,"1970_9_3_142":61.34561724872541,"1970_9_6_137":20.547320737813248,"1970_9_6_142":20.547317192243295,"1970_9_7_70":3.62597163007433,"1970_9_8_142":38.26960593115893,"1970_9_9_142":40.7489243968886,"1971_9_10_137":14.845785074768193,"1971_9_14_29":2642.268499196679,"1971_9_23_145":941.1619829969742,"1971_9_25_145":3852.877230237147,"1971_9_32_145":207.37228129203996,"1971_9_3_137":643.9904209877387,"1971_9_3_142":643.9904168425059,"1971_9_6_137":215.7004387217711,"1971_9_6_142":215.70043469338165,"1971_9_7_70":38.064644795849624,"1971_9_8_142":401.7447094551346,"1971_9_9_142":427.7718176276833,"1972_9_10_137":14.837068251667134,"1972_9_10_70":14.837052850248016,"1972_9_14_29":3660.735793237254,"1972_9_18_67":8.335049913067044,"1972_9_23_145":1000.7434692338986,"1972_9_25_145":3944.474644084716,"1972_9_31_145":2.9068589563662632,"1972_9_32_145":211.1708053712295,"1972_9_3_137":643.6123079663294,"1972_9_3_142":643.6123031876531,"1972_9_3_70":643.6122977607986,"1972_9_4_70":617.2297510542846,"1972_9_6_137":215.57380580819506,"1972_9_6_142":215.57380116803407,"1972_9_6_70":215.57379666696391,"1972_9_7_70":38.0424276865533,"1972_9_8_142":401.5089271829341,"1972_9_9_142":427.5206810024962,"1973_9_14_29":85.19923654423303,"1973_9_23_145":29.372141969469975,"1973_9_25_145":132.83864894329764,"1973_9_32_145":6.8713974142056555,"1973_9_3_137":25.09507877421735,"1973_9_3_142":25.095074956395212,"1973_9_6_137":8.405433833032781,"1973_9_6_142":8.405430112735475,"1973_9_7_70":1.4832737133069684,"1973_9_8_142":15.655178550770145,"1973_9_9_142":16.66942660272275,"1974_9_10_137":32.81727256710448,"1974_9_23_145":2289.6645648407875,"1974_9_25_145":5927.91069840438,"1974_9_32_145":359.82717927293066,"1974_9_3_137":1423.5695907407423,"1974_9_3_142":1423.5695845864552,"1974_9_6_137":476.81546145805515,"1974_9_6_142":476.8154555129702,"1974_9_9_142":945.6080302600714,"1975_9_10_137":5.717474092807287,"1975_9_14_29":570.5426049842741,"1975_9_23_145":715.233939628922,"1975_9_25_145":2509.0910839565413,"1975_9_32_145":162.26009780136508,"1975_9_3_137":248.01652462107572,"1975_9_3_142":248.0165199300509,"1975_9_6_137":83.07153859264338,"1975_9_6_142":83.07153406672732,"1975_9_8_142":154.72157944751706,"1975_9_9_142":164.7453988497888,"1976_9_10_137":2.9609884713098245,"1976_9_14_29":991.492757555087,"1976_9_23_145":352.29819784828385,"1976_9_25_145":1211.2318165233632,"1976_9_32_145":64.98999076808103,"1976_9_3_137":128.44383087572484,"1976_9_3_142":128.4438270576636,"1976_9_6_137":43.02143626439638,"1976_9_6_142":43.02143254994999,"1976_9_7_70":7.591980477664785,"1976_9_8_142":80.12791647516268,"1976_9_9_142":85.3190320752251,"1977_9_14_29":276.3990442854309,"1977_9_23_145":319.70466164543257,"1977_9_25_145":627.2780116204514,"1977_9_32_145":42.61998367080043,"1977_9_3_137":4.098650244474274,"1977_9_3_142":4.098644028441369,"1977_9_3_70":4.0986056698933195,"1977_9_6_137":1.3728142425571608,"1977_9_6_142":1.3728082591093875,"1977_9_6_70":1.3727819332354165,"1977_9_8_142":2.5568620135633804,"1977_9_9_142":2.7225189484490486}