{"1970_9_10_137":1.4141855974513,"1970_9_10_70":1.071289104429211,"1970_9_14_29":204.58082179437685,"1970_9_23_145":333.888165446216,"1970_9_25_145":743.3890982839588,"1970_9_32_145":47.70155002463675,"1970_9_3_137":61.34562006175478,"1970_9_3_142":61.345613925848745,"1970_9_3_70":61.34558048756053,"1970_9_6_137":20.547319924097923,"1970_9_6_142":20.5473140034437,"1970_9_6_70":20.5472900340057,"1970_9_7_70":3.625985753324939,"1970_9_8_142":38.26962228671513,"1970_9_9_142":40.7489319235117,"1971_9_10_137":14.845785349804121,"1971_9_14_29":2642.268644514444,"1971_9_18_67":6.855517388578807,"1971_9_23_145":941.1619845037123,"1971_9_25_145":3852.877230593161,"1971_9_32_145":207.37228174536074,"1971_9_3_137":643.9904212457566,"1971_9_3_142":643.9904177474265,"1971_9_6_137":215.70043825497999,"1971_9_6_142":215.7004328572831,"1971_9_6_70":151.94602126435356,"1971_9_7_70":38.06476060386528,"1971_9_8_142":401.74474711290384,"1971_9_9_142":427.77183022488634,"1972_9_10_137":14.83706855608705,"1972_9_10_70":14.837061218137322,"1972_9_14_29":3660.7358099139756,"1972_9_18_67":8.3350501884154,"1972_9_23_145":1000.7434702450622,"1972_9_25_145":3944.4746443751374,"1972_9_31_145":2.906860324918155,"1972_9_32_145":211.1708057195156,"1972_9_3_137":643.61230825123,"1972_9_3_142":643.6123042643592,"1972_9_3_70":643.6123027441189,"1972_9_4_70":1299.338366861413,"1972_9_6_137":215.57380608738347,"1972_9_6_142":215.57380220654315,"1972_9_6_70":215.57380101587148,"1972_9_7_70":38.042429625764896,"1972_9_8_142":401.50893127661567,"1972_9_9_142":427.52068368041984,"1973_9_14_29":85.19934733063376,"1973_9_23_145":29.372144245648652,"1973_9_25_145":132.83865051659006,"1973_9_32_145":6.871397996911349,"1973_9_3_137":25.09507791085435,"1973_9_3_142":25.095071394420906,"1973_9_3_70":25.0949996726,"1973_9_6_137":8.40543298734754,"1973_9_6_142":8.405426687007937,"1973_9_6_70":8.405381929356288,"1973_9_7_70":1.4832974423773402,"1973_9_8_142":15.655199858847512,"1973_9_9_142":16.66943555407179,"1974_9_10_137":32.81727292920125,"1974_9_14_29":4396.562843633801,"1974_9_23_145":2289.6645656386672,"1974_9_25_145":5927.910698732352,"1974_9_32_145":359.8271795661187,"1974_9_3_137":1423.569591077963,"1974_9_3_142":1423.569586060732,"1974_9_6_137":476.81546178779115,"1974_9_6_142":476.815456924708,"1974_9_8_142":888.0731727736423,"1974_9_9_142":945.608700132942,"1975_9_10_137":5.717474393579583,"1975_9_14_29":570.542919405953,"1975_9_23_145":715.2339412853904,"1975_9_25_145":2509.0910843409624,"1975_9_32_145":162.26009827900398,"1975_9_3_137":248.01652490237217,"1975_9_3_142":248.0165209825461,"1975_9_6_137":83.07153886705342,"1975_9_6_142":83.0715350739994,"1975_9_7_70":14.659636054881906,"1975_9_8_142":154.7217298344551,"1975_9_9_142":164.7454224237506,"1976_9_10_137":2.9609887303374127,"1976_9_14_29":991.4928443804013,"1976_9_18_67":1.9463011108024055,"1976_9_23_145":352.2981999909157,"1976_9_25_145":1211.23181714637,"1976_9_32_145":64.98999133353523,"1976_9_3_137":128.4438300122984,"1976_9_3_142":128.44382349525293,"1976_9_3_70":128.4437516647107,"1976_9_6_137":43.02143541972046,"1976_9_6_142":43.021429132042364,"1976_9_6_70":43.021385441612544,"1976_9_7_70":7.592003912393496,"1976_9_8_142":80.12793780344141,"1976_9_9_142":85.31904103182147,"1977_9_14_29":276.3990915374866,"1977_9_23_145":319.7046636901044,"1977_9_25_145":627.2780126199945,"1977_9_32_145":42.61998422003765,"1977_9_3_137":4.098650583855904,"1977_9_3_142":4.098645521242788,"1977_9_3_70":4.098637697966648,"1977_9_6_137":1.3728145736626791,"1977_9_6_142":1.3728096821435132,"1977_9_6_70":1.3728033908157353,"1977_9_8_142":2.556870128645739,"1977_9_9_142":2.722523518979913}