{"1970_9_10_137":1.41418325663808,"1970_9_10_70":1.4141565620279701,"1970_9_14_29":182.22341191467177,"1970_9_14_7":22.397820686054175,"1970_9_23_145":333.8881490268716,"1970_9_25_145":743.389089828973,"1970_9_2_13":16.273997644659158,"1970_9_2_9":9.767439104319562,"1970_9_32_145":47.70154499154272,"1970_9_3_137":61.34561816466174,"1970_9_3_142":61.34560989118583,"1970_9_3_70":61.34560047362084,"1970_9_4_70":91.33623807129118,"1970_9_6_137":20.547318056445384,"1970_9_6_142":20.54731004533461,"1970_9_6_70":20.54730237345405,"1970_9_7_70":3.6259855576351354,"1970_9_8_142":38.269617904412414,"1970_9_9_142":40.74892680381895,"1971_9_10_137":14.845783520699769,"1971_9_13_13":212.40669676223837,"1971_9_13_9":171.05405318391382,"1971_9_14_29":2614.949246780931,"1971_9_14_7":27.831999540272943,"1971_9_18_67":6.855529031395706,"1971_9_23_145":941.1619722163676,"1971_9_25_145":3852.8772274514045,"1971_9_2_13":244.65548304877623,"1971_9_2_9":73.90621258097465,"1971_9_32_145":207.37227740007003,"1971_9_3_137":643.9904175859244,"1971_9_3_142":643.9904063694618,"1971_9_3_70":643.9902925432876,"1971_9_6_137":215.70043538502134,"1971_9_6_142":215.7004245810157,"1971_9_6_70":215.7003549538931,"1971_9_7_70":38.06475653938572,"1971_9_8_142":401.7447327691456,"1971_9_9_142":427.771818645393,"1972_9_10_137":14.837066504048869,"1972_9_10_70":14.837055885743816,"1972_9_13_13":59.12110327320352,"1972_9_13_9":405.19042215529413,"1972_9_14_29":3660.735770732897,"1972_9_18_67":8.33505029586532,"1972_9_23_145":1000.7434614556216,"1972_9_25_145":3944.474641742676,"1972_9_2_13":103.15924448000725,"1972_9_2_9":233.1088656440591,"1972_9_31_145":2.9068488763535747,"1972_9_32_145":211.1708022866871,"1972_9_3_137":643.6123062904148,"1972_9_3_142":643.6122997407093,"1972_9_3_70":643.612298149736,"1972_9_4_70":1299.3383590458486,"1972_9_6_137":215.5738041579086,"1972_9_6_142":215.57379778752727,"1972_9_6_70":215.5737966564828,"1972_9_7_70":38.04242638742141,"1972_9_8_142":401.5089224062107,"1972_9_9_142":427.5206763966048,"1973_9_13_13":5.313319048860897,"1973_9_13_9":6.544501239008975,"1973_9_14_29":72.4358709513806,"1973_9_14_7":12.779926300048828,"1973_9_23_145":29.372126932782066,"1973_9_25_145":132.8386375971809,"1973_9_2_13":3.6993949872999328,"1973_9_2_9":9.20056993018253,"1973_9_32_145":6.871392822462974,"1973_9_3_137":25.095075451688345,"1973_9_3_142":25.095065000825965,"1973_9_3_70":25.095015455696867,"1973_9_6_137":8.405430569905095,"1973_9_6_142":8.405420469880628,"1973_9_6_70":8.405383702030516,"1973_9_7_70":1.4832914057772846,"1973_9_8_142":15.655184302437753,"1973_9_9_142":16.66942373396946,"1974_9_10_137":32.81727065100728,"1974_9_13_13":496.4250987546941,"1974_9_13_9":194.8288552249867,"1974_9_14_29":4396.562855616004,"1974_9_18_67":13.2957415760622,"1974_9_23_145":2289.664559898572,"1974_9_25_145":5927.910695779932,"1974_9_2_13":217.9943630979538,"1974_9_2_9":506.31801457953634,"1974_9_32_145":359.82717664548574,"1974_9_3_137":1423.5695889049978,"1974_9_3_142":1423.5695807979835,"1974_9_6_137":476.8154596520917,"1974_9_6_142":476.8154517989484,"1974_9_8_142":888.0744264075704,"1974_9_9_142":945.6086784962337,"1975_9_10_137":5.717472516552078,"1975_9_13_13":61.25381683898744,"1975_9_13_9":31.617769154056358,"1975_9_14_29":522.7131025187809,"1975_9_14_7":47.94580981136347,"1975_9_18_67":1.947670072401527,"1975_9_23_145":715.2339277246107,"1975_9_25_145":2509.0910809792686,"1975_9_2_9":75.67198450451801,"1975_9_32_145":162.26009381254107,"1975_9_3_137":248.01652310714056,"1975_9_3_142":248.01651702247403,"1975_9_6_137":83.07153511127053,"1975_9_6_142":83.07152303336424,"1975_9_6_70":83.06601989036677,"1975_9_7_70":14.659647923998218,"1975_9_8_142":154.72172057374078,"1975_9_9_142":164.74541143102832,"1976_9_10_137":2.960985213585371,"1976_9_10_70":2.960911474618074,"1976_9_13_13":121.28476685900432,"1976_9_13_9":13.361934366373484,"1976_9_14_29":948.7548251311479,"1976_9_14_7":42.93382960173712,"1976_9_18_67":1.9463033677567698,"1976_9_23_145":352.29818348162735,"1976_9_25_145":1211.2318116710474,"1976_9_2_13":50.86052964489637,"1976_9_32_145":64.98998628500448,"1976_9_3_137":128.4438277872378,"1976_9_3_142":128.44381815224452,"1976_9_3_70":128.44379252504083,"1976_9_6_137":43.02143323223537,"1976_9_6_142":43.02142392303516,"1976_9_6_70":43.02140377093162,"1976_9_7_70":7.592001442786605,"1976_9_8_142":80.12792820352459,"1976_9_9_142":85.31903250910203,"1977_9_13_13":17.66166404670455,"1977_9_13_9":11.826362971059291,"1977_9_14_29":276.39905288659344,"1977_9_23_145":319.70464773866627,"1977_9_25_145":627.2780035106041,"1977_9_32_145":42.61997932411973,"1977_9_3_137":4.098648617058093,"1977_9_3_142":4.09864105663472,"1977_9_3_70":4.098635816577768,"1977_9_4_70":8.274359622090497,"1977_9_6_137":1.3728126415172148,"1977_9_6_142":1.3728053286918427,"1977_9_6_70":1.3728011800182651,"1977_9_8_142":2.556862120871763,"1977_9_9_142":2.7225166337370696}