{"1970_9_10_137":1.414186118655793,"1970_9_10_70":1.414180565358484,"1970_9_14_29":182.22350751989566,"1970_9_14_7":22.397820686054175,"1970_9_23_145":333.8881711964509,"1970_9_25_145":743.389100590693,"1970_9_2_13":16.273997644659158,"1970_9_2_9":9.767439104319562,"1970_9_32_145":47.701551637842556,"1970_9_3_137":61.34562088344208,"1970_9_3_142":61.34561721324713,"1970_9_3_70":61.34561658607492,"1970_9_4_70":123.84584800964748,"1970_9_6_137":20.54732072863928,"1970_9_6_142":20.54731716121758,"1970_9_6_70":20.547316770135623,"1970_9_7_70":3.6259935041818796,"1970_9_8_142":38.269636962801954,"1970_9_9_142":40.748940864129196,"1971_9_10_137":14.84578483455615,"1971_9_10_70":14.845769413399731,"1971_9_13_13":212.40669676223837,"1971_9_13_9":171.05405318391382,"1971_9_14_29":2614.949400113303,"1971_9_14_7":27.831999540272943,"1971_9_18_67":6.855529563249834,"1971_9_23_145":941.161988153098,"1971_9_25_145":3852.877231570332,"1971_9_2_13":244.65548304877623,"1971_9_2_9":73.90621258097465,"1971_9_32_145":207.37228294006775,"1971_9_3_137":643.9904207623642,"1971_9_3_142":643.9904159815579,"1971_9_3_70":643.9904105393817,"1971_9_4_70":1268.5364729108867,"1971_9_6_137":215.70043850353719,"1971_9_6_142":215.70043387397592,"1971_9_6_70":215.70042943838163,"1971_9_7_70":38.06477420903374,"1971_9_8_142":401.7447670298301,"1971_9_9_142":427.77184067067566,"1972_9_10_137":14.837069013383624,"1972_9_10_70":14.837066038538362,"1972_9_13_13":59.12110327320352,"1972_9_13_9":405.19042215529413,"1972_9_14_29":3660.7358295509434,"1972_9_18_67":8.335050518150261,"1972_9_23_145":1000.7434727253279,"1972_9_25_145":3944.4746451915707,"1972_9_2_13":103.15924448000725,"1972_9_2_9":233.1088656440591,"1972_9_31_145":2.9068641877228947,"1972_9_32_145":211.17080662292219,"1972_9_3_137":643.6123086806437,"1972_9_3_142":643.6123056982196,"1972_9_3_70":643.6123062699838,"1972_9_4_70":1299.338383416194,"1972_9_6_137":215.5738065105759,"1972_9_6_142":215.57380360147457,"1972_9_6_70":215.5738042562005,"1972_9_7_48":38.042431652028945,"1972_9_8_142":401.508935618582,"1972_9_9_142":427.5206867775486,"1973_9_13_13":5.313319048860897,"1973_9_13_9":6.544501239008975,"1973_9_14_29":72.43601784958952,"1973_9_14_7":12.779926300048828,"1973_9_23_145":29.372150503651756,"1973_9_25_145":132.8386549182106,"1973_9_2_13":3.6993949872999328,"1973_9_2_9":9.20056993018253,"1973_9_32_145":6.871399664937417,"1973_9_3_137":25.095078519167668,"1973_9_3_142":25.0950740201926,"1973_9_3_70":25.095070335512137,"1973_9_4_70":50.66240932860966,"1973_9_6_137":8.405433585292617,"1973_9_6_142":8.405429217068566,"1973_9_6_70":8.405426191612795,"1973_9_7_70":1.4833056400008013,"1973_9_8_142":15.655213737258164,"1973_9_9_142":16.66944343777419,"1974_9_10_137":32.81727348131475,"1974_9_13_13":496.4250987546941,"1974_9_13_9":194.8288552249867,"1974_9_14_29":4396.5633614409,"1974_9_18_67":13.295742698133445,"1974_9_23_145":2289.664567564729,"1974_9_25_145":5927.910699654949,"1974_9_2_13":217.9943630979538,"1974_9_2_9":506.31801457953634,"1974_9_32_145":359.8271803196048,"1974_9_3_137":1423.5695915943493,"1974_9_3_142":1423.5695879892835,"1974_9_6_137":476.81546229568943,"1974_9_6_142":476.8154587904646,"1974_9_7_70":84.14388177401976,"1974_9_8_142":888.0747346870374,"1974_9_9_142":945.6087478165485,"1975_9_10_137":5.7174738818171935,"1975_9_10_70":5.71744537695131,"1975_9_13_13":61.25381683898744,"1975_9_13_9":31.617769154056358,"1975_9_14_29":522.7132856585737,"1975_9_14_7":47.94580981136347,"1975_9_18_67":1.9476707238177269,"1975_9_23_145":715.2339454209435,"1975_9_25_145":2509.0910853710216,"1975_9_2_9":75.67198450451801,"1975_9_32_145":162.26009956983123,"1975_9_3_137":248.01652442361882,"1975_9_3_142":248.01651912389653,"1975_9_3_70":248.0165085880198,"1975_9_6_137":83.07153840316046,"1975_9_6_142":83.07153331050792,"1975_9_6_70":83.07152518560245,"1975_9_7_70":14.659675420454604,"1975_9_8_142":154.7217664404429,"1975_9_9_142":164.74543843239766,"1976_9_10_137":2.9609883180709473,"1976_9_10_70":2.960979506352311,"1976_9_13_13":121.28476685900432,"1976_9_13_9":13.361934366373484,"1976_9_14_29":948.7549399163754,"1976_9_14_7":42.93382960173712,"1976_9_18_67":1.9463038212959851,"1976_9_23_145":352.29820576688775,"1976_9_25_145":1211.2318187189705,"1976_9_2_13":50.86052964489637,"1976_9_32_145":64.9899929433471,"1976_9_3_137":128.44383073132377,"1976_9_3_142":128.44382653802205,"1976_9_3_70":128.44382427192997,"1976_9_4_70":259.30514305427016,"1976_9_6_137":43.02143612474698,"1976_9_6_142":43.02143205510331,"1976_9_6_70":43.02143025337357,"1976_9_7_70":7.592012797767031,"1976_9_8_142":80.12795325547873,"1976_9_9_142":85.31904994855435,"1977_9_13_13":17.66166404670455,"1977_9_13_9":11.826362971059291,"1977_9_14_29":276.3991407710679,"1977_9_23_145":319.7046692395793,"1977_9_25_145":627.2780151343756,"1977_9_32_145":42.61998578946948,"1977_9_3_137":4.09865120654132,"1977_9_3_142":4.098647817223532,"1977_9_3_70":4.098647782855324,"1977_9_4_70":8.274438065230381,"1977_9_6_137":1.3728151840356095,"1977_9_6_142":1.3728118934298845,"1977_9_6_70":1.3728120309018248,"1977_9_8_142":2.5568785660369686,"1977_9_9_142":2.7225291014986714}