{"1970_9_10_137":1.414186256724554,"1970_9_10_70":1.4141820244748486,"1970_9_14_29":182.22351414182455,"1970_9_14_7":22.397820686054175,"1970_9_23_145":333.8881719906501,"1970_9_25_145":743.3891008881725,"1970_9_2_13":16.273997644659158,"1970_9_2_9":9.767439104319562,"1970_9_32_145":47.70155187151091,"1970_9_3_137":61.345621013203186,"1970_9_3_142":61.345617649518445,"1970_9_3_70":61.34561766147613,"1970_9_4_70":123.84585257677941,"1970_9_6_137":20.54732085572126,"1970_9_6_142":20.547317582558613,"1970_9_6_70":20.54731774867399,"1970_9_7_70":3.625994065849274,"1970_9_8_142":38.26963828947535,"1970_9_9_142":40.74894180971824,"1971_9_10_137":14.845785002100447,"1971_9_10_70":14.845775010880308,"1971_9_13_13":212.40669676223837,"1971_9_13_9":171.05405318391382,"1971_9_14_29":2614.949410950334,"1971_9_14_7":27.831999540272943,"1971_9_18_67":6.855529600522152,"1971_9_23_145":941.1619886127022,"1971_9_25_145":3852.877231708984,"1971_9_2_13":244.65548304877623,"1971_9_2_9":73.90621258097465,"1971_9_32_145":207.37228310089904,"1971_9_3_137":643.9904209190664,"1971_9_3_142":643.9904165875458,"1971_9_3_70":643.9904137323666,"1971_9_4_70":1300.1015279318617,"1971_9_6_137":215.7004386567696,"1971_9_6_142":215.70043445597034,"1971_9_6_70":215.7004321599084,"1971_9_7_70":38.06477536780953,"1971_9_8_142":401.74476943692355,"1971_9_9_142":427.77184221898045,"1972_9_10_137":14.83706913119777,"1972_9_10_70":14.837066752677957,"1972_9_13_13":59.12110327320352,"1972_9_13_9":405.19042215529413,"1972_9_14_29":3660.7358333588613,"1972_9_18_67":8.335050532169742,"1972_9_23_145":1000.7434730411961,"1972_9_25_145":3944.4746453088565,"1972_9_2_13":103.15924448000725,"1972_9_2_9":233.1088656440591,"1972_9_31_145":2.9068647429446317,"1972_9_32_145":211.17080674322233,"1972_9_3_137":643.6123087917799,"1972_9_3_142":643.6123060371942,"1972_9_3_70":643.6123068440625,"1972_9_4_70":1299.3383848911328,"1972_9_6_137":215.5738066196239,"1972_9_6_142":215.57380393044565,"1972_9_6_70":215.57380479300332,"1972_9_7_48":38.04243319442105,"1972_9_8_142":401.50893649908755,"1972_9_9_142":427.52068744166144,"1973_9_13_13":5.313319048860897,"1973_9_13_9":6.544501239008975,"1973_9_14_29":72.43602823536715,"1973_9_14_7":12.779926300048828,"1973_9_23_145":29.37215138603927,"1973_9_25_145":132.8386555456737,"1973_9_2_13":3.6993949872999328,"1973_9_2_9":9.20056993018253,"1973_9_32_145":6.8713999072915595,"1973_9_3_137":25.09507866935658,"1973_9_3_142":25.095074581689726,"1973_9_3_70":25.09507271565606,"1973_9_4_70":50.66245831310225,"1973_9_6_137":8.405433732388648,"1973_9_6_142":8.40542975824729,"1973_9_6_70":8.405428279336427,"1973_9_7_70":1.4833066090168803,"1973_9_8_142":15.655215817012813,"1973_9_9_142":16.66944481302377,"1974_9_10_137":32.8172736175369,"1974_9_13_13":496.4250987546941,"1974_9_13_9":194.8288552249867,"1974_9_14_29":4396.563390441412,"1974_9_18_67":13.29574277116759,"1974_9_23_145":2289.6645678091545,"1974_9_25_145":5927.910699787863,"1974_9_2_13":217.9943630979538,"1974_9_2_9":506.31801457953634,"1974_9_32_145":359.8271804192041,"1974_9_3_137":1423.5695905973216,"1974_9_3_142":1423.5695838974348,"1974_9_3_70":1423.5694577218392,"1974_9_6_137":476.8154613212643,"1974_9_6_142":476.8154548718305,"1974_9_6_70":476.815393832259,"1974_9_7_70":84.14389055648266,"1974_9_8_142":888.0747444666049,"1974_9_9_142":945.6087521874651,"1975_9_10_137":5.717474062136461,"1975_9_10_70":5.717458607750208,"1975_9_13_13":61.25381683898744,"1975_9_13_9":31.617769154056358,"1975_9_14_29":522.7132985201706,"1975_9_14_7":47.94580981136347,"1975_9_18_67":1.9476707696651219,"1975_9_23_145":715.2339459535898,"1975_9_25_145":2509.091085514199,"1975_9_2_9":75.67198450451801,"1975_9_32_145":162.26009974678567,"1975_9_3_137":248.01652459180315,"1975_9_3_142":248.0165198142489,"1975_9_3_70":248.0165143954523,"1975_9_4_70":180.00155179270794,"1975_9_6_137":83.07153856683891,"1975_9_6_142":83.07153396681858,"1975_9_6_70":83.07152970996074,"1975_9_7_70":14.659677022873153,"1975_9_8_142":154.72176957388263,"1975_9_9_142":164.7454403413781,"1976_9_10_137":2.9609884704649905,"1976_9_10_70":2.9609821281176294,"1976_9_13_13":121.28476685900432,"1976_9_13_9":13.361934366373484,"1976_9_14_29":948.7549479775731,"1976_9_14_7":42.93382960173712,"1976_9_18_67":1.9463038531585217,"1976_9_23_145":352.29820656206186,"1976_9_25_145":1211.2318189245855,"1976_9_2_13":50.86052964489637,"1976_9_32_145":64.98999317567845,"1976_9_3_137":128.44383087421005,"1976_9_3_142":128.44382705234764,"1976_9_3_70":128.4438260310662,"1976_9_4_70":259.30515847130323,"1976_9_6_137":43.02143626460445,"1976_9_6_142":43.021432550669765,"1976_9_6_70":43.02143181566824,"1976_9_7_70":7.592013590578433,"1976_9_8_142":80.12795502493968,"1976_9_9_142":85.31905115260663,"1977_9_13_13":17.66166404670455,"1977_9_13_9":11.826362971059291,"1977_9_14_29":276.3991468054886,"1977_9_23_145":319.70467000827,"1977_9_25_145":627.2780154609152,"1977_9_32_145":42.61998601697211,"1977_9_3_137":4.098651328895801,"1977_9_3_142":4.098648213008558,"1977_9_3_70":4.098648614493313,"1977_9_4_70":8.274440842850812,"1977_9_6_137":1.3728153037195998,"1977_9_6_142":1.3728122752191094,"1977_9_6_70":1.3728127910502295,"1977_9_8_142":2.556879694292217,"1977_9_9_142":2.7225299248713037}