{"1970_9_10_137":1.414186628521444,"1970_9_10_70":1.4141845453402866,"1970_9_14_29":182.22352882715992,"1970_9_14_7":22.397820686054175,"1970_9_23_145":333.88817420831896,"1970_9_25_145":743.3891016837542,"1970_9_2_13":16.273997644659158,"1970_9_2_9":9.767439104319562,"1970_9_32_145":47.70155254107459,"1970_9_3_137":61.345621363656115,"1970_9_3_142":61.345618738117096,"1970_9_3_70":61.345619650163364,"1970_9_4_70":123.84585826980367,"1970_9_6_137":20.547319366079236,"1970_9_6_142":20.547311151603324,"1970_9_6_48":20.54730880172579,"1970_9_7_48":3.6259698253022803,"1970_9_8_142":38.269641206214075,"1970_9_9_142":40.748943984951005,"1971_9_10_137":14.845785448888254,"1971_9_10_70":14.845781506908436,"1971_9_13_13":212.40669676223837,"1971_9_13_9":171.05405318391382,"1971_9_14_29":2614.9494332167515,"1971_9_14_7":27.831999540272943,"1971_9_18_67":6.85552967772766,"1971_9_23_145":941.161989825395,"1971_9_25_145":3852.8772321039423,"1971_9_2_13":244.65548304877623,"1971_9_2_9":73.90621258097465,"1971_9_32_145":207.37228353551856,"1971_9_3_137":643.9904213384091,"1971_9_3_142":643.9904180533686,"1971_9_3_70":643.99041820007,"1971_9_4_70":1300.101564368718,"1971_9_6_137":215.70043906729595,"1971_9_6_142":215.7004358695133,"1971_9_6_70":215.7004361533791,"1971_9_7_70":38.06477747676624,"1971_9_8_142":401.7447742413343,"1971_9_9_142":427.7718455459488,"1972_9_10_137":14.8370677635355,"1972_9_10_48":14.837052902927084,"1972_9_13_13":59.12110327320352,"1972_9_13_9":405.19042215529413,"1972_9_14_29":3660.735842406222,"1972_9_18_67":8.335050564891818,"1972_9_23_145":1000.7434738865284,"1972_9_25_145":3944.4746456442103,"1972_9_2_13":103.15924448000725,"1972_9_2_9":233.1088656440591,"1972_9_31_145":2.9068663296510597,"1972_9_32_145":211.17080706712886,"1972_9_3_137":643.612307510778,"1972_9_3_142":643.6123012092006,"1972_9_3_48":643.6123102273721,"1972_9_4_70":1299.3383874329486,"1972_9_6_137":215.5738053655086,"1972_9_6_142":215.5737992847376,"1972_9_6_48":215.57380805246385,"1972_9_7_48":38.04243385956014,"1972_9_8_142":401.50893854236307,"1972_9_9_142":427.52068903283214,"1973_9_13_13":5.313319048860897,"1973_9_13_9":6.544501239008975,"1973_9_14_29":72.43604972891613,"1973_9_14_7":12.779926300048828,"1973_9_23_145":29.37215388792094,"1973_9_25_145":132.83865733071391,"1973_9_2_13":3.6993949872999328,"1973_9_2_9":9.20056993018253,"1973_9_32_145":6.871400603209847,"1973_9_3_137":25.09507907213651,"1973_9_3_142":25.09507595031119,"1973_9_3_70":25.095076343625067,"1973_9_4_70":50.66247795531079,"1973_9_6_137":8.405434127283174,"1973_9_6_142":8.405431082096467,"1973_9_6_70":8.405431576977605,"1973_9_7_48":1.4832791159522347,"1973_9_8_142":15.655220076897239,"1973_9_9_142":16.669447820878183,"1974_9_10_137":32.81727301323753,"1974_9_10_70":32.81725759230285,"1974_9_13_13":496.4250987546941,"1974_9_13_9":194.8288552249867,"1974_9_14_29":4396.563439053866,"1974_9_18_67":13.295742903075887,"1974_9_23_145":2289.66456847403,"1974_9_25_145":5927.910700168543,"1974_9_2_13":217.9943630979538,"1974_9_2_9":506.31801457953634,"1974_9_32_145":359.8271806907743,"1974_9_3_137":1423.5695911558098,"1974_9_3_142":1423.5695863749968,"1974_9_3_70":1423.5695809327729,"1974_9_4_70":263.68889218668295,"1974_9_6_137":476.81546186661666,"1974_9_6_142":476.8154572369862,"1974_9_6_70":476.8154528009679,"1974_9_7_70":84.14389912038017,"1974_9_8_142":888.0747584653677,"1974_9_9_142":945.6087599115328,"1975_9_10_137":5.7174745410748935,"1975_9_10_70":5.7174694020239265,"1975_9_13_13":61.25381683898744,"1975_9_13_9":31.617769154056358,"1975_9_14_29":522.713324158756,"1975_9_14_7":47.94580981136347,"1975_9_18_67":1.9476708620592338,"1975_9_23_145":715.2339473646048,"1975_9_25_145":2509.091085918455,"1975_9_2_9":75.67198450451801,"1975_9_32_145":162.2601002316755,"1975_9_3_137":248.01652504020612,"1975_9_3_142":248.01652146142877,"1975_9_3_70":248.0165210454098,"1975_9_4_70":500.7010703291237,"1975_9_6_137":83.07153900385828,"1975_9_6_142":83.07153554126884,"1975_9_6_70":83.07153536775927,"1975_9_7_70":14.659679730096784,"1975_9_8_142":154.72177551995392,"1975_9_9_142":164.7454443085657,"1976_9_10_137":2.960988878857244,"1976_9_10_70":2.960986016837678,"1976_9_13_13":121.28476685900432,"1976_9_13_9":13.361934366373484,"1976_9_14_29":948.754965349539,"1976_9_14_7":42.93382960173712,"1976_9_18_67":1.9463039213558162,"1976_9_23_145":352.29820877752616,"1976_9_25_145":1211.231819486811,"1976_9_2_13":50.86052964489637,"1976_9_32_145":64.98999383971767,"1976_9_3_137":128.44383125835228,"1976_9_3_142":128.4438283166496,"1976_9_3_70":128.44382893537866,"1976_9_4_70":259.3051701793326,"1976_9_6_137":43.02143664099431,"1976_9_6_142":43.021433773105784,"1976_9_6_70":43.02143447134598,"1976_9_7_48":7.591992456605302,"1976_9_8_142":80.12795874819437,"1976_9_9_142":85.31905383611456,"1977_9_13_13":17.66166404670455,"1977_9_13_9":11.826362971059291,"1977_9_14_29":276.3991603595965,"1977_9_23_145":319.7046721577662,"1977_9_25_145":627.2780163316048,"1977_9_32_145":42.61998666918899,"1977_9_3_137":4.098649901746694,"1977_9_3_142":4.09864229951398,"1977_9_3_48":4.098623951939018,"1977_9_4_70":8.274444894498039,"1977_9_6_137":1.3728139116756453,"1977_9_6_142":1.3728066375621293,"1977_9_6_48":1.3727856080080723,"1977_9_8_142":2.556882231174237,"1977_9_9_142":2.722531850832623}