{"1970_9_10_137":1.4141866285225688,"1970_9_10_70":1.414184545345414,"1970_9_14_29":182.22352882716044,"1970_9_14_7":22.397820686054175,"1970_9_23_145":333.8881742083199,"1970_9_25_145":743.3891016837542,"1970_9_2_13":16.273997644659158,"1970_9_2_9":9.767439104319562,"1970_9_32_145":47.70155254107463,"1970_9_3_137":61.345621363656306,"1970_9_3_142":61.345618738117665,"1970_9_3_70":61.34561965016422,"1970_9_4_70":123.8458582698036,"1970_9_6_137":20.547319366078867,"1970_9_6_142":20.54731115160133,"1970_9_6_48":20.547308801729102,"1970_9_7_48":3.625969825313406,"1970_9_8_142":38.26964120621504,"1970_9_9_142":40.74894398495181,"1971_9_10_137":14.84578544888867,"1971_9_10_70":14.84578150691223,"1971_9_13_13":212.40669676223837,"1971_9_13_9":171.05405318391382,"1971_9_14_29":2614.9494332167524,"1971_9_14_7":27.831999540272943,"1971_9_18_67":6.855529677727664,"1971_9_23_145":941.161989825395,"1971_9_25_145":3852.8772321039423,"1971_9_2_13":244.65548304877623,"1971_9_2_9":73.90621258097465,"1971_9_32_145":207.37228353551862,"1971_9_3_137":643.9904213384091,"1971_9_3_142":643.9904180533686,"1971_9_3_70":643.9904182000702,"1971_9_4_70":1300.1015643687183,"1971_9_6_137":215.70043906729595,"1971_9_6_142":215.7004358695133,"1971_9_6_70":215.7004361533791,"1971_9_7_70":38.06477747676735,"1971_9_8_142":401.7447742413343,"1971_9_9_142":427.7718455459488,"1972_9_10_137":14.837067763535151,"1972_9_10_48":14.837052902931092,"1972_9_13_13":59.12110327320352,"1972_9_13_9":405.19042215529413,"1972_9_14_29":3660.735842406223,"1972_9_18_67":8.33505056489182,"1972_9_23_145":1000.7434738865284,"1972_9_25_145":3944.4746456442103,"1972_9_2_13":103.15924448000725,"1972_9_2_9":233.1088656440591,"1972_9_31_145":2.9068663296514035,"1972_9_32_145":211.17080706712886,"1972_9_3_137":643.6123075107781,"1972_9_3_142":643.6123012092008,"1972_9_3_48":643.6123102273721,"1972_9_4_70":1299.3383874329486,"1972_9_6_137":215.5738053655087,"1972_9_6_142":215.57379928473793,"1972_9_6_48":215.5738080524639,"1972_9_7_48":38.042433867529496,"1972_9_8_142":401.50893854236307,"1972_9_9_142":427.5206890328322,"1973_9_13_13":5.313319048860897,"1973_9_13_9":6.544501239008975,"1973_9_14_29":72.43604972891704,"1973_9_14_7":12.779926300048828,"1973_9_23_145":29.372153887921193,"1973_9_25_145":132.83865733071403,"1973_9_2_13":3.6993949872999328,"1973_9_2_9":9.20056993018253,"1973_9_32_145":6.871400603209938,"1973_9_3_137":25.09507907213675,"1973_9_3_142":25.09507595031195,"1973_9_3_70":25.095076343626598,"1973_9_4_70":50.662477955312866,"1973_9_6_137":8.405434127283803,"1973_9_6_142":8.405431082098461,"1973_9_6_70":8.405431576981451,"1973_9_7_70":1.4833069039892532,"1973_9_8_142":15.655220076900102,"1973_9_9_142":16.669447820880343,"1974_9_10_137":32.8172730132377,"1974_9_10_70":32.81725759231341,"1974_9_13_13":496.4250987546941,"1974_9_13_9":194.8288552249867,"1974_9_14_29":4396.563439053867,"1974_9_18_67":13.29574290307589,"1974_9_23_145":2289.66456847403,"1974_9_25_145":5927.910700168543,"1974_9_2_13":217.9943630979538,"1974_9_2_9":506.31801457953634,"1974_9_32_145":359.8271806907743,"1974_9_3_137":1423.5695911558098,"1974_9_3_142":1423.5695863749968,"1974_9_3_70":1423.5695809327733,"1974_9_4_70":2623.214101802283,"1974_9_6_137":476.81546186661666,"1974_9_6_142":476.8154572369862,"1974_9_6_70":476.815452800968,"1974_9_7_70":84.14389912038054,"1974_9_8_142":888.0747584653678,"1974_9_9_142":945.608759911533,"1975_9_10_137":5.71747454107583,"1975_9_10_70":5.717469402035213,"1975_9_13_13":61.25381683898744,"1975_9_13_9":31.617769154056358,"1975_9_14_29":522.7133241587567,"1975_9_14_7":47.94580981136347,"1975_9_18_67":1.9476708620592373,"1975_9_23_145":715.2339473646049,"1975_9_25_145":2509.091085918455,"1975_9_2_9":75.67198450451801,"1975_9_32_145":162.26010023167575,"1975_9_3_137":248.01652504020612,"1975_9_3_142":248.01652146142874,"1975_9_3_70":248.0165210454098,"1975_9_4_70":500.70107032912387,"1975_9_6_137":83.0715390038583,"1975_9_6_142":83.07153554126896,"1975_9_6_70":83.07153536775955,"1975_9_7_70":14.659679730099079,"1975_9_8_142":154.72177551995372,"1975_9_9_142":164.7454443085656,"1976_9_10_137":2.9609888788586565,"1976_9_10_70":2.960986016847014,"1976_9_13_13":121.28476685900432,"1976_9_13_9":13.361934366373484,"1976_9_14_29":948.7549653495395,"1976_9_14_7":42.93382960173712,"1976_9_18_67":1.9463039213558186,"1976_9_23_145":352.29820877752724,"1976_9_25_145":1211.2318194868112,"1976_9_2_13":50.86052964489637,"1976_9_32_145":64.98999383971773,"1976_9_3_137":128.44383125835228,"1976_9_3_142":128.44382831664956,"1976_9_3_70":128.44382893537866,"1976_9_4_70":259.3051701793326,"1976_9_6_137":43.021436640994466,"1976_9_6_142":43.02143377310626,"1976_9_6_70":43.0214344713468,"1976_9_7_48":7.591992456612672,"1976_9_8_142":80.12795874819459,"1976_9_9_142":85.31905383611475,"1977_9_13_13":17.66166404670455,"1977_9_13_9":11.826362971059291,"1977_9_14_29":276.399160359597,"1977_9_23_145":319.70467215776705,"1977_9_25_145":627.2780163316048,"1977_9_32_145":42.619986669189025,"1977_9_3_137":4.098649901745169,"1977_9_3_142":4.098642299505704,"1977_9_3_48":4.098623951950264,"1977_9_4_70":8.274444894502462,"1977_9_6_137":1.3728139116752662,"1977_9_6_142":1.3728066377563337,"1977_9_6_48":1.372785608012913,"1977_9_8_142":2.556882231182216,"1977_9_9_142":2.7225318508370178}