{"1970_9_10_137":1.414186745689823,"1970_9_10_70":1.4141850874912176,"1970_9_14_29":182.22353308509116,"1970_9_14_7":22.397820686054175,"1970_9_23_145":333.8881750052364,"1970_9_25_145":743.3891019594209,"1970_9_2_13":16.273997644659158,"1970_9_2_9":9.767439104319562,"1970_9_32_145":47.70155278861559,"1970_9_3_137":61.34561976471497,"1970_9_3_142":61.345612455277994,"1970_9_3_48":61.34562250705137,"1970_9_4_70":123.84585932952405,"1970_9_6_137":20.547319635730357,"1970_9_6_142":20.54731261283498,"1970_9_6_48":20.547310251489154,"1970_9_7_48":3.6259711262516165,"1970_9_8_142":38.269642045427155,"1970_9_9_142":40.74894463671945,"1971_9_10_137":14.845785602733528,"1971_9_10_70":14.845782661593372,"1971_9_13_13":212.40669676223837,"1971_9_13_9":171.05405318391382,"1971_9_14_29":2614.9494392569545,"1971_9_14_7":27.831999540272943,"1971_9_18_67":6.855529698733816,"1971_9_23_145":941.1619902403734,"1971_9_25_145":3852.8772322493387,"1971_9_2_13":244.65548304877623,"1971_9_2_9":73.90621258097465,"1971_9_32_145":207.37228368753728,"1971_9_3_137":643.9904214832995,"1971_9_3_142":643.9904185132922,"1971_9_3_70":643.9904190996159,"1971_9_4_70":1300.1015671051937,"1971_9_6_137":215.7004392092994,"1971_9_6_142":215.700436314721,"1971_9_6_70":215.70043698503213,"1971_9_7_48":38.06477935860213,"1971_9_8_142":401.7447755129398,"1971_9_9_142":427.7718464841039,"1972_9_10_137":14.837068008960642,"1972_9_10_48":14.837054268494496,"1972_9_13_13":59.12110327320352,"1972_9_13_9":405.19042215529413,"1972_9_14_29":3660.7358451982836,"1972_9_18_67":8.335050574769948,"1972_9_23_145":1000.7434741792754,"1972_9_25_145":3944.474645768054,"1972_9_2_13":103.15924448000725,"1972_9_2_9":233.1088656440591,"1972_9_31_145":2.9068669151342,"1972_9_32_145":211.17080718021023,"1972_9_3_137":643.612307739188,"1972_9_3_142":643.6123022445779,"1972_9_3_48":643.6123103478102,"1972_9_4_48":624.8980141732981,"1972_9_4_70":1299.338375456976,"1972_9_6_137":215.5738055886735,"1972_9_6_142":215.57380027385707,"1972_9_6_48":215.57380816635077,"1972_9_7_48":38.0424340310962,"1972_9_8_142":401.5089391594642,"1972_9_9_142":427.5206853471084,"1972_9_9_70":427.5206447718596,"1973_9_13_13":5.313319048860897,"1973_9_13_9":6.544501239008975,"1973_9_14_29":72.43605559556275,"1973_9_14_7":12.779926300048828,"1973_9_23_145":29.37215480424819,"1973_9_25_145":132.8386579859447,"1973_9_2_13":3.6993949872999328,"1973_9_2_9":9.20056993018253,"1973_9_32_145":6.871400861193065,"1973_9_3_137":25.095079211598847,"1973_9_3_142":25.095076382803516,"1973_9_3_70":25.095077120315818,"1973_9_4_70":50.66248008617108,"1973_9_6_137":8.405434264153994,"1973_9_6_142":8.405431501847323,"1973_9_6_70":8.405432301806098,"1973_9_7_48":1.4832805836799232,"1973_9_8_142":15.655221229403612,"1973_9_9_142":16.669448682340395,"1974_9_10_137":32.817273216124924,"1974_9_10_70":32.81726401617915,"1974_9_13_13":496.4250987546941,"1974_9_13_9":194.8288552249867,"1974_9_14_29":4396.56345023177,"1974_9_18_67":13.29574293489526,"1974_9_23_145":2289.6645687085966,"1974_9_25_145":5927.910700309361,"1974_9_2_13":217.9943630979538,"1974_9_2_9":506.31801457953634,"1974_9_32_145":359.8271807864388,"1974_9_3_137":1423.569591345606,"1974_9_3_142":1423.5695871046337,"1974_9_3_70":1423.5695846442336,"1974_9_4_70":2873.9326070851025,"1974_9_6_137":476.8154620522244,"1974_9_6_142":476.8154579379163,"1974_9_6_70":476.8154559747871,"1974_9_7_70":84.14390049108185,"1974_9_8_142":888.0747613295106,"1974_9_9_142":945.6087617623681,"1975_9_10_137":5.7174747053481525,"1975_9_10_70":5.717470970166567,"1975_9_13_13":61.25381683898744,"1975_9_13_9":31.617769154056358,"1975_9_14_29":522.7133309374303,"1975_9_14_7":47.94580981136347,"1975_9_18_67":1.9476708867054127,"1975_9_23_145":715.2339478489168,"1975_9_25_145":2509.0910860660547,"1975_9_2_9":75.67198450451801,"1975_9_32_145":162.26010040291612,"1975_9_3_137":248.01652519457636,"1975_9_3_142":248.01652197174172,"1975_9_3_70":248.01652221750902,"1975_9_4_70":500.7010748066409,"1975_9_6_137":83.07153915452179,"1975_9_6_142":83.07153603149439,"1975_9_6_70":83.07153642314705,"1975_9_7_70":14.659680356352435,"1975_9_8_142":154.7217770289722,"1975_9_9_142":164.74544539529478,"1976_9_10_137":2.9609890201608557,"1976_9_10_70":2.960986832986432,"1976_9_13_13":121.28476685900432,"1976_9_13_9":13.361934366373484,"1976_9_14_29":948.7549702606036,"1976_9_14_7":42.93382960173712,"1976_9_18_67":1.9463039405136628,"1976_9_23_145":352.2982095716596,"1976_9_25_145":1211.2318196854096,"1976_9_2_13":50.86052964489637,"1976_9_32_145":64.98999408442371,"1976_9_3_137":128.44383139168337,"1976_9_3_142":128.44382871935127,"1976_9_3_70":128.4438295954525,"1976_9_4_70":259.3051718199517,"1976_9_6_137":43.0214367717651,"1976_9_6_142":43.02143416373759,"1976_9_6_70":43.02143508861213,"1976_9_7_48":7.591993860118736,"1976_9_8_142":80.12795977910491,"1976_9_9_142":85.31905461763216,"1977_9_13_13":17.66166404670455,"1977_9_13_9":11.826362971059291,"1977_9_14_29":276.3991643344723,"1977_9_23_145":319.70467293132555,"1977_9_25_145":627.2780166327343,"1977_9_32_145":42.61998691046317,"1977_9_3_137":4.098650158948274,"1977_9_3_142":4.0986436196409235,"1977_9_3_48":4.098625370598549,"1977_9_4_70":8.274445734682459,"1977_9_6_137":1.3728141619275664,"1977_9_6_142":1.3728078839181093,"1977_9_6_48":1.3727869984470995,"1977_9_8_142":2.556882975853005,"1977_9_9_142":2.7225324367006}