{"1970_9_10_137":1.414185028677007,"1970_9_10_48":1.4141562765173212,"1970_9_14_29":182.2235345809328,"1970_9_14_7":22.397820686054175,"1970_9_23_145":333.8881753055645,"1970_9_25_145":743.3891020619943,"1970_9_2_13":16.273997644659158,"1970_9_2_9":9.767439104319562,"1970_9_32_145":47.70155288298767,"1970_9_3_137":61.345619866104,"1970_9_3_142":61.34561297763494,"1970_9_3_48":61.345622581208495,"1970_9_4_70":123.84585966244236,"1970_9_6_137":20.547319734579382,"1970_9_6_142":20.54731310803623,"1970_9_6_48":20.547310789089693,"1970_9_7_48":3.625971616920185,"1970_9_8_142":38.269642339562594,"1970_9_9_142":40.74894486801916,"1971_9_10_137":14.845785659906065,"1971_9_10_70":14.845783020978784,"1971_9_13_13":212.40669676223837,"1971_9_13_9":171.05405318391382,"1971_9_14_29":2614.9494413376187,"1971_9_14_7":27.831999540272943,"1971_9_18_67":6.855529705964708,"1971_9_23_145":941.1619903940671,"1971_9_25_145":3852.877232304709,"1971_9_2_13":244.65548304877623,"1971_9_2_9":73.90621258097465,"1971_9_32_145":207.37228374422392,"1971_9_3_137":643.9904215372095,"1971_9_3_142":643.9904186789248,"1971_9_3_70":643.9904193869927,"1971_9_4_70":1300.1015678621345,"1971_9_6_137":215.70043926215604,"1971_9_6_142":215.70043647525222,"1971_9_6_70":215.7004372527392,"1971_9_7_48":38.06477954055182,"1971_9_8_142":401.7447759479191,"1971_9_9_142":427.77184681094235,"1972_9_10_137":14.837068099164584,"1972_9_10_48":14.83705478067192,"1972_9_13_13":59.12110327320352,"1972_9_13_9":405.19042215529413,"1972_9_14_29":3660.735846198427,"1972_9_18_67":8.335050578276423,"1972_9_23_145":1000.7434742882315,"1972_9_25_145":3944.474645815264,"1972_9_2_13":103.15924448000725,"1972_9_2_70":1624.7071609626055,"1972_9_2_9":233.1088656440591,"1972_9_31_145":2.9068671382427977,"1972_9_32_145":211.17080722237134,"1972_9_3_137":643.6123078232981,"1972_9_3_142":643.6123026032639,"1972_9_3_48":643.6123103876764,"1972_9_4_48":1299.338390767977,"1972_9_6_137":215.5738056709013,"1972_9_6_142":215.57380061742447,"1972_9_6_48":215.57380820421434,"1972_9_7_48":38.04243408541373,"1972_9_8_142":401.50893937900656,"1972_9_9_142":427.5206857712922,"1972_9_9_70":427.5206619937594,"1973_9_13_13":5.313319048860897,"1973_9_13_9":6.544501239008975,"1973_9_14_29":72.43605762003318,"1973_9_14_7":12.779926300048828,"1973_9_23_145":29.37215515252467,"1973_9_25_145":132.83865823508862,"1973_9_2_13":3.6993949872999328,"1973_9_2_9":9.20056993018253,"1973_9_32_145":6.871400959665712,"1973_9_3_137":25.095079263527374,"1973_9_3_142":25.095076538917578,"1973_9_3_70":25.09507737192603,"1973_9_4_70":50.66248069915729,"1973_9_6_137":8.405434315133435,"1973_9_6_142":8.405431653521642,"1973_9_6_70":8.405432538071027,"1973_9_7_48":1.4832811306831906,"1973_9_8_142":15.655221626102673,"1973_9_9_142":16.669448983855833,"1974_9_10_137":32.81727329105877,"1974_9_10_70":32.81726551127027,"1974_9_13_13":496.4250987546941,"1974_9_13_9":194.8288552249867,"1974_9_14_29":4396.563453915774,"1974_9_18_67":13.29574294546817,"1974_9_23_145":2289.6645687966675,"1974_9_25_145":5927.910700363073,"1974_9_2_13":217.9943630979538,"1974_9_2_9":506.31801457953634,"1974_9_32_145":359.8271808222608,"1974_9_3_137":1423.5695914158161,"1974_9_3_142":1423.5695873621846,"1974_9_3_70":1423.5695856166617,"1974_9_4_70":2873.9326182442655,"1974_9_6_137":476.8154621209203,"1974_9_6_142":476.81545818581503,"1974_9_6_70":476.8154568306395,"1974_9_7_70":84.1439009093361,"1974_9_8_142":888.0747622477896,"1974_9_9_142":945.6087623787645,"1975_9_10_137":5.717474766312115,"1975_9_10_70":5.717471440737349,"1975_9_13_13":61.25381683898744,"1975_9_13_9":31.617769154056358,"1975_9_14_29":522.7133332555262,"1975_9_14_7":47.94580981136347,"1975_9_18_67":1.9476708951536137,"1975_9_23_145":715.2339480283304,"1975_9_25_145":2509.0910861221055,"1975_9_2_9":75.67198450451801,"1975_9_32_145":162.26010046697039,"1975_9_3_137":248.01652525194018,"1975_9_3_142":248.01652215476952,"1975_9_3_70":248.01652258170893,"1975_9_4_70":500.70107593681746,"1975_9_6_137":83.07153921053592,"1975_9_6_142":83.0715362076009,"1975_9_6_70":83.07153675484852,"1975_9_7_48":14.659664281470175,"1975_9_8_142":154.72177753921554,"1975_9_9_142":164.74544577069338,"1976_9_10_137":2.960989072759791,"1976_9_10_70":2.9609870961585205,"1976_9_13_13":121.28476685900432,"1976_9_13_9":13.361934366373484,"1976_9_14_29":948.7549719728291,"1976_9_14_7":42.93382960173712,"1976_9_18_67":1.9463039471794858,"1976_9_23_145":352.2982098706214,"1976_9_25_145":1211.231819759906,"1976_9_2_13":50.86052964489637,"1976_9_32_145":64.98999417757969,"1976_9_3_137":128.4438312822365,"1976_9_3_142":128.44382839006556,"1976_9_3_48":13.107592435841823,"1976_9_3_70":128.44382906293356,"1976_9_4_70":259.3051723094029,"1976_9_6_137":43.021435018911255,"1976_9_6_142":43.021427067875734,"1976_9_6_48":43.02143734196641,"1976_9_7_48":7.591994385814249,"1976_9_8_142":80.12796013633368,"1976_9_9_142":85.31905489255463,"1977_9_13_13":17.66166404670455,"1977_9_13_9":11.826362971059291,"1977_9_14_29":276.3991657357288,"1977_9_23_145":319.70467322301715,"1977_9_25_145":627.2780167446554,"1977_9_32_145":42.619987002470566,"1977_9_3_137":4.09865025335958,"1977_9_3_142":4.098644070115122,"1977_9_3_48":4.098625901448632,"1977_9_4_70":8.274446004870295,"1977_9_6_137":1.3728142538568702,"1977_9_6_142":1.3728083108271638,"1977_9_6_48":1.3727875198996464,"1977_9_8_142":2.5568832384447675,"1977_9_9_142":2.7225326453041645}