{"1970_9_10_137":1.4141854339942488,"1970_9_10_48":1.4141585224816682,"1970_9_14_29":182.22353986367114,"1970_9_14_7":22.397820686054175,"1970_9_23_145":333.88817646179706,"1970_9_25_145":743.3891024506264,"1970_9_2_13":16.273997644659158,"1970_9_2_9":9.767439104319562,"1970_9_32_145":47.70155325247645,"1970_9_3_137":61.345620242915324,"1970_9_3_142":61.34561474008827,"1970_9_3_48":61.34562280992351,"1970_9_4_48":123.84586334190628,"1970_9_6_137":20.5473201023002,"1970_9_6_142":20.547314786375548,"1970_9_6_48":20.547312835556784,"1970_9_7_48":3.625973518353241,"1970_9_8_142":38.26964337549407,"1970_9_9_142":40.748941506428096,"1970_9_9_70":40.74890015114556,"1971_9_10_137":14.84578587634283,"1971_9_10_70":14.845784135809911,"1971_9_13_13":212.40669676223837,"1971_9_13_9":171.05405318391382,"1971_9_14_29":2614.9494485201853,"1971_9_14_7":27.831999540272943,"1971_9_18_67":6.855529730865927,"1971_9_23_145":941.1619909727513,"1971_9_25_145":3852.877232521281,"1971_9_2_13":244.65548304877623,"1971_9_2_9":73.90621258097465,"1971_9_32_145":207.3722839593282,"1971_9_3_137":643.9904199772496,"1971_9_3_142":643.9904123282892,"1971_9_3_48":643.99042281023,"1971_9_4_70":1300.101569975107,"1971_9_6_137":215.7004377372397,"1971_9_6_142":215.7004303945225,"1971_9_6_48":215.70044054541577,"1971_9_7_48":38.06478008197572,"1971_9_8_142":401.74477743763936,"1971_9_9_142":427.77184795398216,"1972_9_10_137":14.837068435841426,"1972_9_10_48":14.837056754297244,"1972_9_13_13":59.12110327320352,"1972_9_13_9":405.19042215529413,"1972_9_14_29":3660.7358498138124,"1972_9_18_67":8.33505059078816,"1972_9_23_145":1000.7434747013624,"1972_9_25_145":3944.474646000147,"1972_9_2_13":103.15924448000725,"1972_9_2_70":1624.7072715796023,"1972_9_2_9":233.1088656440591,"1972_9_31_145":2.9068680115085477,"1972_9_32_145":211.17080738241933,"1972_9_3_137":643.6123081379928,"1972_9_3_142":643.6123038495487,"1972_9_3_48":643.6123105193683,"1972_9_4_48":1299.3383910296689,"1972_9_6_137":215.57380597878867,"1972_9_6_142":215.57380181482304,"1972_9_6_48":215.57380832988073,"1972_9_7_48":38.04243308438316,"1972_9_7_70":38.02882649917089,"1972_9_8_142":401.50893621615717,"1972_9_8_70":401.50891168374335,"1972_9_9_142":427.5206872268829,"1972_9_9_70":427.52068163482863,"1973_9_13_13":5.313319048860897,"1973_9_13_9":6.544501239008975,"1973_9_14_29":72.43606462280398,"1973_9_14_7":12.779926300048828,"1973_9_23_145":29.372156511123062,"1973_9_25_145":132.8386592070961,"1973_9_2_13":3.6993949872999328,"1973_9_2_9":9.20056993018253,"1973_9_32_145":6.8714013459426155,"1973_9_3_137":25.095077769326544,"1973_9_3_142":25.095070687398497,"1973_9_3_48":25.09507245016248,"1973_9_4_70":50.662482467882185,"1973_9_6_137":8.405432852141614,"1973_9_6_142":8.405426028058379,"1973_9_6_48":8.40541197197121,"1973_9_7_48":1.4832832280946902,"1973_9_8_142":15.655222994337764,"1973_9_9_142":16.66945004405666,"1974_9_10_137":32.817273572488666,"1974_9_10_70":32.81726918857344,"1974_9_13_13":496.4250987546941,"1974_9_13_9":194.8288552249867,"1974_9_14_29":4396.563466029192,"1974_9_18_67":13.295742980408573,"1974_9_23_145":2289.6645691351187,"1974_9_25_145":5927.910700573594,"1974_9_2_13":217.9943630979538,"1974_9_2_9":506.31801457953634,"1974_9_32_145":359.8271809591685,"1974_9_3_137":1423.5695916800414,"1974_9_3_142":1423.5695882768955,"1974_9_3_70":1423.5695882170614,"1974_9_4_70":2873.932633448759,"1974_9_6_137":476.81546237961925,"1974_9_6_142":476.81545906828194,"1974_9_6_70":476.81545917113533,"1974_9_7_70":84.14390218237706,"1974_9_8_142":888.0747651817672,"1974_9_9_142":945.6087644283431,"1975_9_10_137":5.717474996694973,"1975_9_10_70":5.717472850839218,"1975_9_13_13":61.25381683898744,"1975_9_13_9":31.617769154056358,"1975_9_14_29":522.7133411918867,"1975_9_14_7":47.94580981136347,"1975_9_18_67":1.9476709241505397,"1975_9_23_145":715.2339487034661,"1975_9_25_145":2509.0910863405425,"1975_9_2_9":75.67198450451801,"1975_9_32_145":162.2601007109165,"1975_9_3_137":248.0165254690849,"1975_9_3_142":248.0165228173989,"1975_9_3_70":248.01652370966158,"1975_9_4_70":500.7010788763111,"1975_9_6_137":83.07153843434779,"1975_9_6_142":83.07153343865973,"1975_9_6_48":39.12957824535249,"1975_9_6_70":83.07152625149394,"1975_9_7_48":14.65966655513985,"1975_9_8_142":154.72177926421696,"1975_9_9_142":164.74544707076114,"1976_9_10_137":2.9609875563458985,"1976_9_10_48":2.960960826479068,"1976_9_13_13":121.28476685900432,"1976_9_13_9":13.361934366373484,"1976_9_14_29":948.7549779661719,"1976_9_14_7":42.93382960173712,"1976_9_18_67":1.946303970453487,"1976_9_23_145":352.29821101978973,"1976_9_25_145":1211.2318200454924,"1976_9_2_13":50.86052964489637,"1976_9_32_145":64.98999454148009,"1976_9_3_137":128.4438300207941,"1976_9_3_142":128.4438235364019,"1976_9_3_48":128.44383274852416,"1976_9_4_70":259.30517376822496,"1976_9_6_137":43.02143543044414,"1976_9_6_142":43.02142918270389,"1976_9_6_48":43.0214377717312,"1976_9_7_48":7.591996410164286,"1976_9_8_142":80.12796137791617,"1976_9_9_142":85.31905586501607,"1977_9_13_13":17.66166404670455,"1977_9_13_9":11.826362971059291,"1977_9_14_29":276.3991707047607,"1977_9_23_145":319.7046743468982,"1977_9_25_145":627.2780171678803,"1977_9_2_70":12.087390990543502,"1977_9_32_145":42.61998736284872,"1977_9_3_137":4.098650605165051,"1977_9_3_142":4.098645608650168,"1977_9_3_48":4.0986279439847415,"1977_9_4_48":8.274424888603155,"1977_9_6_137":1.3728145967418741,"1977_9_6_142":1.3728097749287846,"1977_9_6_48":1.3727895302252413,"1977_9_8_142":2.556884169644113,"1977_9_9_142":2.7225296599471593,"1977_9_9_70":2.7225132233531464}