{"1970_9_10_137":1.4141858777776044,"1970_9_10_48":1.4141611271666623,"1970_9_14_29":182.2235452170932,"1970_9_14_7":22.397820686054175,"1970_9_23_145":333.8881778059923,"1970_9_25_145":743.3891028914861,"1970_9_2_13":16.273997644659158,"1970_9_2_70":160.9225896965345,"1970_9_2_9":9.767439104319562,"1970_9_32_145":47.70155369640936,"1970_9_3_137":61.345620657485966,"1970_9_3_142":61.34561640533846,"1970_9_3_48":61.34562299904546,"1970_9_4_48":123.84586371080134,"1970_9_6_137":20.54732050750649,"1970_9_6_142":20.547316382878734,"1970_9_6_48":20.54731519846725,"1970_9_7_48":3.6259688485309467,"1970_9_7_70":3.6254176390471606,"1970_9_8_142":38.26964051416195,"1970_9_8_70":38.26961797702867,"1970_9_9_142":40.74894345639048,"1970_9_9_70":40.74893817114477,"1971_9_10_137":14.845784540031714,"1971_9_10_48":14.845770566212773,"1971_9_13_13":212.40669676223837,"1971_9_13_9":171.05405318391382,"1971_9_14_29":2614.9494555460606,"1971_9_14_7":27.831999540272943,"1971_9_18_67":6.855529755035487,"1971_9_23_145":941.1619916219818,"1971_9_25_145":3852.8772327813363,"1971_9_2_13":244.65548304877623,"1971_9_2_9":73.90621258097465,"1971_9_32_145":207.3722842032159,"1971_9_3_137":643.9904204876228,"1971_9_3_142":643.9904148299842,"1971_9_3_48":643.9904231206355,"1971_9_4_70":1300.1015715122048,"1971_9_6_137":215.70043823510872,"1971_9_6_142":215.70043277180753,"1971_9_6_48":215.7004408363221,"1971_9_7_48":38.06478049759099,"1971_9_8_142":401.7447788773231,"1971_9_9_142":427.77184476595505,"1971_9_9_70":427.7717841334864,"1972_9_10_137":14.837068808887649,"1972_9_10_48":14.837059080576536,"1972_9_13_13":59.12110327320352,"1972_9_13_9":405.19042215529413,"1972_9_14_29":3660.735853615658,"1972_9_18_67":8.335050603613578,"1972_9_23_145":1000.7434751711079,"1972_9_25_145":3944.4746462225785,"1972_9_2_13":103.15924448000725,"1972_9_2_70":1624.7072824337663,"1972_9_2_9":233.1088656440591,"1972_9_31_145":2.9068690610652537,"1972_9_32_145":211.17080756426458,"1972_9_3_137":643.6123083217255,"1972_9_3_142":643.6123045143822,"1972_9_3_48":643.6123105855793,"1972_9_3_70":125.51254867920225,"1972_9_4_48":1299.3383912416452,"1972_9_6_137":215.57380519325335,"1972_9_6_142":215.57379845903426,"1972_9_6_48":215.5738079514331,"1972_9_6_70":215.57365346192583,"1972_9_7_48":38.042433722760066,"1972_9_7_70":38.042416795670746,"1972_9_8_142":401.50893804357,"1972_9_8_70":401.5089341070392,"1972_9_9_142":427.5206886377781,"1972_9_9_70":427.5206877606561,"1973_9_13_13":5.313319048860897,"1973_9_13_9":6.544501239008975,"1973_9_14_29":72.43607149417,"1973_9_14_7":12.779926300048828,"1973_9_23_145":29.372158134887968,"1973_9_25_145":132.83866036769393,"1973_9_2_13":3.6993949872999328,"1973_9_2_70":63.556710114220934,"1973_9_2_9":9.20056993018253,"1973_9_32_145":6.871401811926658,"1973_9_3_137":25.095078256268206,"1973_9_3_142":25.095072960017426,"1973_9_3_48":25.095074983871662,"1973_9_4_48":50.66248619405027,"1973_9_6_137":8.405433328014777,"1973_9_6_142":8.405428198368238,"1973_9_6_48":8.405414692497134,"1973_9_7_48":1.4832856910046697,"1973_9_8_142":15.65522433093094,"1973_9_9_142":16.669447109161084,"1973_9_9_70":16.669419852923376,"1974_9_10_137":32.81727388757737,"1974_9_10_70":32.81727148337141,"1974_9_13_13":496.4250987546941,"1974_9_13_9":194.8288552249867,"1974_9_14_29":4396.5634770452125,"1974_9_18_67":13.295743012150027,"1974_9_23_145":2289.664569530398,"1974_9_25_145":5927.910700827218,"1974_9_2_13":217.9943630979538,"1974_9_2_9":506.31801457953634,"1974_9_32_145":359.8271811169266,"1974_9_3_137":1423.5695919768782,"1974_9_3_142":1423.569589212102,"1974_9_3_70":1423.5695900098412,"1974_9_4_70":2873.9326388577933,"1974_9_6_137":476.8154626705716,"1974_9_6_142":476.81545997382034,"1974_9_6_70":476.8154608301841,"1974_9_7_48":84.1439054936425,"1974_9_8_142":888.0747677415571,"1974_9_9_142":945.6087663231818,"1975_9_10_137":5.717473563882915,"1975_9_10_48":5.7174497367354356,"1975_9_13_13":61.25381683898744,"1975_9_13_9":31.617769154056358,"1975_9_14_29":522.7133488577568,"1975_9_14_7":47.94580981136347,"1975_9_18_67":1.947670952256133,"1975_9_23_145":715.2339494585855,"1975_9_25_145":2509.0910866012837,"1975_9_2_9":75.67198450451801,"1975_9_32_145":162.2601009888368,"1975_9_3_137":248.01652412792365,"1975_9_3_142":248.0165177965355,"1975_9_3_48":248.01652684523376,"1975_9_4_70":500.70108083557045,"1975_9_6_137":83.071538115697,"1975_9_6_142":83.07153205444885,"1975_9_6_48":83.07154078376252,"1975_9_7_48":14.659669174694816,"1975_9_8_142":154.721780898945,"1975_9_9_142":164.7454483487595,"1976_9_10_137":2.9609880511963844,"1976_9_10_48":2.96096362023402,"1976_9_13_13":121.28476685900432,"1976_9_13_9":13.361934366373484,"1976_9_14_29":948.7549839558504,"1976_9_14_7":42.93382960173712,"1976_9_18_67":1.9463039936125017,"1976_9_23_145":352.29821235164195,"1976_9_25_145":1211.2318203768477,"1976_9_2_13":50.86052964489637,"1976_9_2_70":340.4943384113119,"1976_9_32_145":64.98999497658934,"1976_9_3_137":128.44383048166776,"1976_9_3_142":128.4438255737623,"1976_9_3_48":128.44383298535664,"1976_9_4_48":259.3051773310241,"1976_9_6_137":43.02143588057023,"1976_9_6_142":43.021431128685506,"1976_9_6_48":43.02143809748435,"1976_9_7_48":7.591998797943411,"1976_9_8_142":80.12795788498873,"1976_9_8_70":80.12609028021559,"1976_9_9_142":85.3190531948221,"1976_9_9_70":85.31903890843566,"1977_9_13_13":17.66166404670455,"1977_9_13_9":11.826362971059291,"1977_9_14_29":276.39917577284695,"1977_9_23_145":319.7046756554247,"1977_9_25_145":627.2780176458806,"1977_9_2_70":12.087439140345086,"1977_9_32_145":42.619987796207496,"1977_9_3_137":4.0986509939173255,"1977_9_3_142":4.098647089275529,"1977_9_3_48":4.098630351311713,"1977_9_4_48":8.274427699130833,"1977_9_6_137":1.3728149762272284,"1977_9_6_142":1.3728111929855047,"1977_9_6_48":1.3727919046249826,"1977_9_8_142":2.5568816221671233,"1977_9_8_70":2.5568707817006953,"1977_9_9_142":2.7225313787429997,"1977_9_9_70":2.722528438079456}