{"1970_9_10_137":1.414185928284569,"1970_9_10_48":1.414161436364625,"1970_9_14_29":182.2235458000721,"1970_9_14_7":22.397820686054175,"1970_9_23_145":333.8881779640062,"1970_9_25_145":743.3891029426704,"1970_9_2_13":16.273997644659158,"1970_9_2_70":160.92259205638982,"1970_9_2_9":9.767439104319562,"1970_9_32_145":47.70155374978625,"1970_9_3_137":61.34562070480114,"1970_9_3_142":61.34561657986186,"1970_9_3_48":61.34562301757198,"1970_9_4_48":123.84586374373625,"1970_9_6_137":20.54732055379536,"1970_9_6_142":20.547316550804776,"1970_9_6_48":20.54731547609976,"1970_9_7_48":3.6259692129488306,"1970_9_7_70":3.625866825105057,"1970_9_8_142":38.26964077916877,"1970_9_8_70":38.26962379208289,"1970_9_9_142":40.74894365785221,"1970_9_9_70":40.748939349963585,"1971_9_10_137":14.8457846020005,"1971_9_10_48":14.845770915033048,"1971_9_13_13":212.40669676223837,"1971_9_13_9":171.05405318391382,"1971_9_14_29":2614.949456296364,"1971_9_14_7":27.831999540272943,"1971_9_18_67":6.855529757598223,"1971_9_23_145":941.1619916968438,"1971_9_25_145":3852.8772328126165,"1971_9_2_13":244.65548304877623,"1971_9_2_9":73.90621258097465,"1971_9_32_145":207.37228423146692,"1971_9_3_137":643.9904205453527,"1971_9_3_142":643.990415082053,"1971_9_3_48":643.9904231491336,"1971_9_4_48":1300.1015742928207,"1971_9_6_137":215.70043829148767,"1971_9_6_142":215.70043301263553,"1971_9_6_48":215.7004408632881,"1971_9_7_48":38.06478053624958,"1971_9_8_142":401.74477903005686,"1971_9_9_142":427.7718450653171,"1971_9_9_70":427.7718071218638,"1972_9_10_137":14.837068851639174,"1972_9_10_48":14.83705935799521,"1972_9_13_13":59.12110327320352,"1972_9_13_9":405.19042215529413,"1972_9_14_29":3660.7358540384,"1972_9_18_67":8.335050605014855,"1972_9_23_145":1000.7434752257573,"1972_9_25_145":3944.474646249362,"1972_9_2_13":103.15924448000725,"1972_9_2_70":1624.7072830480363,"1972_9_2_9":233.1088656440591,"1972_9_31_145":2.9068691873596784,"1972_9_32_145":211.17080758537472,"1972_9_3_137":643.6123074006954,"1972_9_3_142":643.612300675399,"1972_9_3_48":643.6123101619637,"1972_9_3_70":643.6121610372874,"1972_9_4_48":1299.3383912621719,"1972_9_6_137":215.5738052580239,"1972_9_6_142":215.57379877629904,"1972_9_6_48":215.57380799092704,"1972_9_6_70":215.57373294215384,"1972_9_7_48":38.04243377927208,"1972_9_7_70":38.042418926573866,"1972_9_8_142":401.5089382335101,"1972_9_8_70":401.5089350341237,"1972_9_9_142":427.5206887877005,"1972_9_9_70":427.52068817943467,"1973_9_13_13":5.313319048860897,"1973_9_13_9":6.544501239008975,"1973_9_14_29":72.43607222922579,"1973_9_14_7":12.779926300048828,"1973_9_23_145":29.372158329644694,"1973_9_25_145":132.83866050670397,"1973_9_2_13":3.6993949872999328,"1973_9_2_70":63.556829505626794,"1973_9_2_9":9.20056993018253,"1973_9_32_145":6.871401868122046,"1973_9_3_137":25.09507831146458,"1973_9_3_142":25.095073191313908,"1973_9_3_48":25.095075271107742,"1973_9_4_48":50.66248626033876,"1973_9_6_137":8.405433382011351,"1973_9_6_142":8.405428420279904,"1973_9_6_48":8.405415013793997,"1973_9_7_48":1.4832859846775066,"1973_9_8_142":15.655224473554513,"1973_9_9_142":16.669447381842833,"1973_9_9_70":16.669427338225297,"1974_9_10_137":32.817273923908914,"1974_9_10_70":32.817271680789425,"1974_9_13_13":496.4250987546941,"1974_9_13_9":194.8288552249867,"1974_9_14_29":4396.563478176527,"1974_9_18_67":13.295743015389553,"1974_9_23_145":2289.664569577224,"1974_9_25_145":5927.910700857781,"1974_9_2_13":217.9943630979538,"1974_9_2_9":506.31801457953634,"1974_9_32_145":359.827181135424,"1974_9_3_137":1423.5695920111739,"1974_9_3_142":1423.5695893144512,"1974_9_3_70":1423.5695901708382,"1974_9_4_70":2873.9326392408093,"1974_9_6_137":476.81546270420966,"1974_9_6_142":476.81546007312556,"1974_9_6_70":476.81546098103985,"1974_9_7_48":84.1439055345794,"1974_9_8_142":888.074767998843,"1974_9_9_142":945.608766519474,"1975_9_10_137":5.717473630880765,"1975_9_10_48":5.717450106927729,"1975_9_13_13":61.25381683898744,"1975_9_13_9":31.617769154056358,"1975_9_14_29":522.7133496707911,"1975_9_14_7":47.94580981136347,"1975_9_18_67":1.9476709552416929,"1975_9_23_145":715.2339495453829,"1975_9_25_145":2509.09108663254,"1975_9_2_9":75.67198450451801,"1975_9_32_145":162.26010102109018,"1975_9_3_137":248.01652419014337,"1975_9_3_142":248.01651808883182,"1975_9_3_48":248.0165268803567,"1975_9_4_70":500.70108100892236,"1975_9_6_137":83.07153817615126,"1975_9_6_142":83.07153233038315,"1975_9_6_48":83.07154081727309,"1975_9_7_48":14.659669484685995,"1975_9_8_142":154.72178107054413,"1975_9_9_142":164.74544621020812,"1975_9_9_70":102.5276483165386,"1976_9_10_137":2.960988107248819,"1976_9_10_48":2.9609639491950186,"1976_9_13_13":121.28476685900432,"1976_9_13_9":13.361934366373484,"1976_9_14_29":948.754984603094,"1976_9_14_7":42.93382960173712,"1976_9_18_67":1.9463039961082307,"1976_9_23_145":352.2982125078739,"1976_9_25_145":1211.2318204158992,"1976_9_2_13":50.86052964489637,"1976_9_2_70":340.49435108571384,"1976_9_32_145":64.98999502871904,"1976_9_3_137":128.44383053403533,"1976_9_3_142":128.44382578337476,"1976_9_3_48":128.44383300795218,"1976_9_4_48":259.3051773760732,"1976_9_6_137":43.02143593176825,"1976_9_6_142":43.02143132977414,"1976_9_6_48":43.02143812804754,"1976_9_7_48":7.591999083117963,"1976_9_8_142":80.12795821685899,"1976_9_8_70":80.12783106175762,"1976_9_9_142":85.31905344005162,"1976_9_9_70":85.31904219666566,"1977_9_13_13":17.66166404670455,"1977_9_13_9":11.826362971059291,"1977_9_14_29":276.3991763267462,"1977_9_23_145":319.7046758093947,"1977_9_25_145":627.278017701195,"1977_9_2_70":12.087440430896837,"1977_9_32_145":42.61998784834559,"1977_9_3_137":4.098651038398201,"1977_9_3_142":4.098647245991638,"1977_9_3_48":4.09863063875246,"1977_9_4_48":8.27442802963924,"1977_9_6_137":1.3728150196812272,"1977_9_6_142":1.3728113435915543,"1977_9_6_48":1.3727921883273648,"1977_9_8_142":2.556881854861389,"1977_9_8_70":2.5568731913241503,"1977_9_9_142":2.7225315583815677,"1977_9_9_70":2.722529190418093}