{"1970_9_14_7":22.397820686054175,"1970_9_25_145":743.386845811541,"1970_9_2_13":16.273997644659158,"1970_9_2_9":9.767439104319562,"1970_9_32_145":47.70148223964781,"1971_9_13_13":212.40669676223837,"1971_9_13_9":171.05405318391382,"1971_9_14_7":27.831999540272943,"1971_9_2_13":244.65548304877623,"1971_9_2_9":73.90621258097465,"1971_9_32_145":207.37221340800113,"1972_9_13_13":59.12110327320352,"1972_9_13_9":405.19042215529413,"1972_9_25_145":3944.474354606943,"1972_9_2_13":103.15924448000725,"1972_9_2_9":233.1088656440591,"1972_9_31_145":2.9064418125715963,"1972_9_32_145":211.17074900086746,"1973_9_13_13":5.313319048860897,"1973_9_13_9":6.544501239008975,"1973_9_14_7":12.779926300048828,"1973_9_2_13":3.6993949872999328,"1973_9_2_9":9.20056993018253,"1973_9_32_145":6.871328329456955,"1974_9_13_13":496.4250987546941,"1974_9_13_9":194.8288552249867,"1974_9_25_145":1507.4804645416177,"1974_9_2_13":217.9943630979538,"1974_9_2_9":506.31801457953634,"1974_9_32_145":359.8271150233883,"1975_9_13_13":61.25381683898744,"1975_9_13_9":31.617769154056358,"1975_9_14_7":47.94580981136347,"1975_9_25_145":2509.0898406775354,"1975_9_2_9":75.67198450451801,"1975_9_32_145":162.26003275868138,"1976_9_13_13":121.28476685900432,"1976_9_13_9":13.361934366373484,"1976_9_14_7":42.93382960173712,"1976_9_25_145":1211.2281776555203,"1976_9_2_13":50.86052964489637,"1976_9_32_145":64.98992291507926,"1977_9_13_13":17.66166404670455,"1977_9_13_9":11.826362971059291,"1977_9_25_145":627.2770215334717,"1977_9_32_145":42.61991867907456}