{"1970_9_10_137":1.4137261689079383,"1970_9_14_7":22.397820686054175,"1970_9_23_145":333.8871184829242,"1970_9_25_145":743.3890271445132,"1970_9_2_13":16.273997644659158,"1970_9_2_9":9.767439104319562,"1970_9_32_145":47.70153218423149,"1970_9_3_137":61.345591393583256,"1970_9_6_137":20.547293480729465,"1971_9_13_13":212.40669676223837,"1971_9_13_9":171.05405318391382,"1971_9_14_7":27.831999540272943,"1971_9_25_145":3852.8771858222817,"1971_9_2_13":244.65548304877623,"1971_9_2_9":73.90621258097465,"1971_9_32_145":207.3722646580588,"1971_9_3_137":643.9903384784021,"1971_9_6_137":215.7003693401644,"1972_9_10_137":14.837017177699156,"1972_9_13_13":59.12110327320352,"1972_9_13_9":405.19042215529413,"1972_9_23_145":1000.7433212219605,"1972_9_25_145":3944.4746212766895,"1972_9_2_13":103.15924448000725,"1972_9_2_9":233.1088656440591,"1972_9_31_145":2.9068060926668293,"1972_9_32_145":211.17079178968274,"1972_9_3_137":643.6122908896064,"1972_9_6_137":215.57378963271162,"1973_9_13_13":5.313319048860897,"1973_9_13_9":6.544501239008975,"1973_9_14_7":12.779926300048828,"1973_9_23_145":1.376210376025594,"1973_9_25_145":132.83856795914852,"1973_9_2_13":3.6993949872999328,"1973_9_2_9":9.20056993018253,"1973_9_32_145":6.871379764758768,"1973_9_3_137":25.095018510338974,"1973_9_6_137":8.405381948033524,"1974_9_13_13":496.4250987546941,"1974_9_13_9":194.8288552249867,"1974_9_23_145":1510.7605699487533,"1974_9_25_145":5927.910659055522,"1974_9_2_13":217.9943630979538,"1974_9_2_9":506.31801457953634,"1974_9_32_145":359.82716527189206,"1975_9_13_13":61.25381683898744,"1975_9_13_9":31.617769154056358,"1975_9_14_7":47.94580981136347,"1975_9_23_145":715.2333483643823,"1975_9_25_145":2509.0910412174153,"1975_9_2_9":75.67198450451801,"1975_9_32_145":162.2600815237032,"1975_9_3_137":248.01633668486835,"1975_9_6_137":83.07141154168545,"1976_9_13_13":121.28476685900432,"1976_9_13_9":13.361934366373484,"1976_9_14_7":42.93382960173712,"1976_9_23_145":352.29651707595343,"1976_9_25_145":1211.2317519401965,"1976_9_2_13":50.86052964489637,"1976_9_32_145":64.98997336509315,"1976_9_3_137":128.44378552123302,"1976_9_6_137":43.02139551304089,"1977_9_13_13":17.66166404670455,"1977_9_13_9":11.826362971059291,"1977_9_23_145":319.70420770850683,"1977_9_25_145":627.2779464168859,"1977_9_32_145":42.61996693698431,"1977_9_3_137":4.0986279524854075,"1977_9_6_137":1.372794014241405}