{"1970_9_10_137":1.4141296836807564,"1970_9_14_7":22.397820686054175,"1970_9_23_145":333.88792550929884,"1970_9_25_145":743.3890436181439,"1970_9_2_13":16.273997644659158,"1970_9_2_9":9.767439104319562,"1970_9_32_145":47.70153425506246,"1970_9_3_137":61.345602786209255,"1970_9_6_137":20.547303625945126,"1971_9_13_13":212.40669676223837,"1971_9_13_9":171.05405318391382,"1971_9_14_7":27.831999540272943,"1971_9_23_145":941.1616691003597,"1971_9_25_145":3852.877199599037,"1971_9_2_13":244.65548304877623,"1971_9_2_9":73.90621258097465,"1971_9_32_145":207.3722667559352,"1971_9_3_137":643.990387152395,"1971_9_6_137":215.70040770270475,"1972_9_10_137":14.837042309541944,"1972_9_13_13":59.12110327320352,"1972_9_13_9":405.19042215529413,"1972_9_23_145":1000.7433758787057,"1972_9_25_145":3944.4746268446156,"1972_9_2_13":103.15924448000725,"1972_9_2_9":233.1088656440591,"1972_9_31_145":2.906812492543811,"1972_9_32_145":211.1707935183593,"1972_9_3_137":643.6122963685991,"1972_9_6_137":215.5737947113737,"1973_9_13_13":5.313319048860897,"1973_9_13_9":6.544501239008975,"1973_9_14_7":12.779926300048828,"1973_9_23_145":29.371829783756418,"1973_9_25_145":132.838586345083,"1973_9_2_13":3.6993949872999328,"1973_9_2_9":9.20056993018253,"1973_9_32_145":6.871381785286866,"1973_9_3_137":25.095049919789048,"1973_9_6_137":8.405407008847032,"1974_9_13_13":496.4250987546941,"1974_9_13_9":194.8288552249867,"1974_9_23_145":2289.6642750557917,"1974_9_25_145":5927.91067094311,"1974_9_2_13":217.9943630979538,"1974_9_2_9":506.31801457953634,"1974_9_32_145":359.82716723819834,"1974_9_3_137":1266.3404744578415,"1974_9_6_137":476.8149691326568,"1975_9_13_13":61.25381683898744,"1975_9_13_9":31.617769154056358,"1975_9_14_7":47.94580981136347,"1975_9_23_145":715.2337405220513,"1975_9_25_145":2509.0910535514868,"1975_9_2_9":75.67198450451801,"1975_9_32_145":162.2600835281875,"1975_9_3_137":248.01647831977456,"1975_9_6_137":83.07149791353278,"1976_9_10_137":2.960853087191317,"1976_9_13_13":121.28476685900432,"1976_9_13_9":13.361934366373484,"1976_9_14_7":42.93382960173712,"1976_9_23_145":352.29793559906125,"1976_9_25_145":1211.2317689890563,"1976_9_2_13":50.86052964489637,"1976_9_32_145":64.98997545672135,"1976_9_3_137":128.44380661376556,"1976_9_6_137":43.02141359543454,"1977_9_13_13":17.66166404670455,"1977_9_13_9":11.826362971059291,"1977_9_23_145":319.7044810026392,"1977_9_25_145":627.2779605546156,"1977_9_32_145":42.61996893617884,"1977_9_3_137":4.098635708829636,"1977_9_6_137":1.3728005163639332}