{"1970_9_10_137":1.4141791548194116,"1970_9_14_7":22.397820686054175,"1970_9_23_145":333.88810663674036,"1970_9_25_145":743.3890639917796,"1970_9_2_13":16.273997644659158,"1970_9_2_9":9.767439104319562,"1970_9_32_145":47.701534798038175,"1970_9_3_137":61.34561437427894,"1970_9_3_142":61.345586436336205,"1970_9_6_137":20.54731436452957,"1970_9_6_142":20.54728808957317,"1971_9_10_137":14.845776199171352,"1971_9_13_13":212.40669676223837,"1971_9_13_9":171.05405318391382,"1971_9_14_7":27.831999540272943,"1971_9_23_145":941.1619307938266,"1971_9_25_145":3852.8772182763023,"1971_9_2_13":244.65548304877623,"1971_9_2_9":73.90621258097465,"1971_9_32_145":207.3722673597425,"1971_9_3_137":643.9904127533072,"1971_9_3_142":643.9903583113158,"1971_9_6_137":215.70043069206008,"1971_9_6_142":215.70038110548336,"1972_9_10_137":14.83706314576138,"1972_9_13_13":59.12110327320352,"1972_9_13_9":405.19042215529413,"1972_9_23_145":1000.7434306296718,"1972_9_25_145":3944.4746350530177,"1972_9_2_13":103.15924448000725,"1972_9_2_9":233.1088656440591,"1972_9_31_145":2.906823776692838,"1972_9_32_145":211.17079388575308,"1972_9_3_137":643.612303165908,"1972_9_3_142":643.6122847946567,"1972_9_6_137":215.5738011053755,"1972_9_6_142":215.57378356726176,"1973_9_13_13":5.313319048860897,"1973_9_13_9":6.544501239008975,"1973_9_14_7":12.779926300048828,"1973_9_23_145":29.372082776823813,"1973_9_25_145":132.83860823772804,"1973_9_2_13":3.6993949872999328,"1973_9_2_9":9.20056993018253,"1973_9_32_145":6.871382371217157,"1973_9_3_137":25.09507087986522,"1973_9_3_142":25.095025084978477,"1973_9_6_137":8.405426119903858,"1973_9_6_142":8.405383797240479,"1974_9_10_137":32.817259710841995,"1974_9_13_13":496.4250987546941,"1974_9_13_9":194.8288552249867,"1974_9_23_145":2289.6645329346898,"1974_9_25_145":5927.910688032072,"1974_9_2_13":217.9943630979538,"1974_9_2_9":506.31801457953634,"1974_9_32_145":359.82716786690463,"1974_9_3_137":1423.5695823284673,"1974_9_3_142":109.5672548925883,"1974_9_6_137":476.8154500782178,"1974_9_6_142":476.81458018576143,"1975_9_10_137":5.717464490196339,"1975_9_13_13":61.25381683898744,"1975_9_13_9":31.617769154056358,"1975_9_14_7":47.94580981136347,"1975_9_23_145":715.2338878170817,"1975_9_25_145":2509.091070072161,"1975_9_2_9":75.67198450451801,"1975_9_32_145":162.2600840459963,"1975_9_3_137":248.01651575088962,"1975_9_3_142":248.01643954735334,"1975_9_6_137":83.0715299927076,"1975_9_6_142":83.07146359597043,"1976_9_10_137":2.9609805539455984,"1976_9_13_13":121.28476685900432,"1976_9_13_9":13.361934366373484,"1976_9_14_7":42.93382960173712,"1976_9_23_145":352.2981405096529,"1976_9_25_145":1211.2317906248231,"1976_9_2_13":50.86052964489637,"1976_9_32_145":64.9899760161892,"1976_9_3_137":128.44382350106753,"1976_9_3_142":128.44378538132077,"1976_9_6_137":43.02142906246236,"1976_9_6_142":43.021393645258264,"1977_9_13_13":17.66166404670455,"1977_9_13_9":11.826362971059291,"1977_9_23_145":319.7046072788595,"1977_9_25_145":627.2779778654713,"1977_9_32_145":42.61996942781696,"1977_9_3_137":4.098645096633021,"1977_9_3_142":4.09862149085947,"1977_9_6_137":1.3728092166135875,"1977_9_6_142":1.372786984098569}