{"1970_9_10_137":1.4141852080102282,"1970_9_14_29":182.2233418876119,"1970_9_14_7":22.397820686054175,"1970_9_23_145":333.8881538995176,"1970_9_25_145":743.3890927303731,"1970_9_2_13":16.273997644659158,"1970_9_2_9":9.767439104319562,"1970_9_32_145":47.70154657896823,"1970_9_3_137":61.34561843278018,"1970_9_3_142":61.34560892879532,"1970_9_3_70":61.345128540277514,"1970_9_6_137":20.547318326305646,"1970_9_6_142":20.54730918336005,"1970_9_6_70":20.547177974931618,"1970_9_7_70":3.625974426522885,"1970_9_8_142":38.269602600235324,"1970_9_9_142":40.748919931589505,"1971_9_10_137":14.845783796736889,"1971_9_13_13":212.40669676223837,"1971_9_13_9":171.05405318391382,"1971_9_14_29":2614.948987404327,"1971_9_14_7":27.831999540272943,"1971_9_18_67":6.855528272272495,"1971_9_23_145":941.1619761991126,"1971_9_25_145":3852.877228451924,"1971_9_2_13":244.65548304877623,"1971_9_2_9":73.90621258097465,"1971_9_32_145":207.3722788620589,"1971_9_3_137":643.9904197700827,"1971_9_3_142":643.9904137761354,"1971_9_6_137":215.7004375261602,"1971_9_6_142":215.70043171323167,"1971_9_8_142":401.74464767755103,"1971_9_9_142":427.77179611092237,"1972_9_10_137":14.837066778300018,"1972_9_10_70":14.837031975581064,"1972_9_13_13":59.12110327320352,"1972_9_13_9":405.19042215529413,"1972_9_14_29":3660.7357516384805,"1972_9_18_67":8.335050220806776,"1972_9_23_145":1000.7434644467799,"1972_9_25_145":3944.4746425873354,"1972_9_2_13":103.15924448000725,"1972_9_2_9":233.1088656440591,"1972_9_31_145":2.906852383756891,"1972_9_32_145":211.17080347501172,"1972_9_3_137":643.6123065662301,"1972_9_3_142":643.6122993625731,"1972_9_3_70":643.6122862985206,"1972_9_6_137":215.57380443392532,"1972_9_6_142":215.57379745997943,"1972_9_6_70":215.57378685989121,"1972_9_7_70":38.04242306015998,"1972_9_8_142":401.5089165844707,"1972_9_9_142":427.52067341147637,"1973_9_13_13":5.313319048860897,"1973_9_13_9":6.544501239008975,"1973_9_14_29":72.43564293712906,"1973_9_14_7":12.779926300048828,"1973_9_23_145":29.37213200261149,"1973_9_25_145":132.83864152620492,"1973_9_2_13":3.6993949872999328,"1973_9_2_9":9.20056993018253,"1973_9_32_145":6.8713944507063385,"1973_9_3_137":25.09507755499209,"1973_9_3_142":25.095071898691476,"1973_9_6_137":8.405432634651735,"1973_9_6_142":8.405427135473342,"1973_9_7_70":1.4831768369966358,"1973_9_8_142":15.655132573798253,"1973_9_9_142":16.66940701793386,"1974_9_10_137":32.81727091399277,"1974_9_13_13":496.4250987546941,"1974_9_13_9":194.8288552249867,"1974_9_18_67":1.7143305723551505,"1974_9_23_145":2289.6645616420305,"1974_9_25_145":5927.910696721755,"1974_9_2_13":217.9943630979538,"1974_9_2_9":506.31801457953634,"1974_9_32_145":359.82717769914007,"1974_9_3_137":1423.5695891741907,"1974_9_3_142":1423.5695798995348,"1974_9_6_137":476.8154599228748,"1974_9_6_142":476.81545099524595,"1975_9_10_137":5.71747279223444,"1975_9_13_13":61.25381683898744,"1975_9_13_9":31.617769154056358,"1975_9_14_29":522.7126391210733,"1975_9_14_7":47.94580981136347,"1975_9_18_67":1.9476686697363055,"1975_9_23_145":715.233932010497,"1975_9_25_145":2509.0910820581125,"1975_9_2_9":75.67198450451801,"1975_9_32_145":162.26009527893882,"1975_9_3_137":248.01652338318286,"1975_9_3_142":248.01651677153808,"1975_9_6_137":83.07153738141115,"1975_9_6_142":83.07153101562942,"1975_9_8_142":154.72140079537368,"1975_9_9_142":164.74537150849812,"1976_9_10_137":2.9609873441795793,"1976_9_13_13":121.28476685900432,"1976_9_13_9":13.361934366373484,"1976_9_14_29":948.7547112541581,"1976_9_14_7":42.93382960173712,"1976_9_18_67":1.946302887376612,"1976_9_23_145":352.2981883791032,"1976_9_25_145":1211.2318135270837,"1976_9_2_13":50.86052964489637,"1976_9_32_145":64.98998788028348,"1976_9_3_137":128.44382979941892,"1976_9_3_142":128.44382451118565,"1976_9_6_137":43.021435206453816,"1976_9_6_142":43.02143006763699,"1976_9_7_70":7.591965372252367,"1976_9_8_142":80.12789602402226,"1976_9_9_142":85.31902039545534,"1977_9_13_13":17.66166404670455,"1977_9_13_9":11.826362971059291,"1977_9_14_29":276.39899675152145,"1977_9_23_145":319.7046524947782,"1977_9_25_145":627.2780065835084,"1977_9_32_145":42.61998086843065,"1977_9_3_137":4.098648889547717,"1977_9_3_142":4.098640357790419,"1977_9_3_70":4.098591029040956,"1977_9_6_137":1.3728129152537496,"1977_9_6_142":1.37280471446664,"1977_9_6_70":1.3727708586364047,"1977_9_8_142":2.556851735508997,"1977_9_9_142":2.722511654540263}