{"1970_9_10_137":1.4141857412882413,"1970_9_14_29":182.22291177870878,"1970_9_14_7":22.397820686054175,"1970_9_23_145":333.88816143166,"1970_9_25_145":743.3890965108533,"1970_9_2_13":16.273997644659158,"1970_9_2_9":9.767439104319562,"1970_9_32_145":47.70154897136948,"1970_9_3_137":61.34562052558506,"1970_9_3_142":61.34561590289753,"1970_9_6_137":20.547320378510644,"1970_9_6_142":20.547315900101633,"1970_9_8_142":38.269478946197566,"1970_9_9_142":40.74889879345,"1971_9_10_137":14.845784366448106,"1971_9_13_13":212.40669676223837,"1971_9_13_9":171.05405318391382,"1971_9_14_7":27.831999540272943,"1971_9_23_145":941.1619815961182,"1971_9_25_145":3852.8772299195984,"1971_9_2_13":244.65548304877623,"1971_9_2_9":73.90621258097465,"1971_9_32_145":207.3722808891335,"1971_9_3_137":643.9904203261276,"1971_9_3_142":643.9904140938311,"1971_9_6_137":215.70043807746185,"1971_9_6_142":215.70043206984735,"1971_9_9_142":427.77044246512014,"1972_9_10_137":14.837068689894368,"1972_9_13_13":59.12110327320352,"1972_9_13_9":405.19042215529413,"1972_9_14_29":3660.735712057236,"1972_9_18_67":8.335050060959468,"1972_9_23_145":1000.743468296885,"1972_9_25_145":3944.474643830731,"1972_9_2_13":103.15924448000725,"1972_9_2_9":233.1088656440591,"1972_9_31_145":2.9068579849414666,"1972_9_32_145":211.17080505942076,"1972_9_3_137":643.6123083762589,"1972_9_3_142":643.6123047036494,"1972_9_6_137":215.5738062121484,"1972_9_6_142":215.57380263870633,"1972_9_7_70":38.04240710613819,"1972_9_8_142":401.5089006297569,"1972_9_9_142":427.52066778597657,"1973_9_13_13":5.313319048860897,"1973_9_13_9":6.544501239008975,"1973_9_14_7":12.779926300048828,"1973_9_23_145":29.372139959852966,"1973_9_25_145":132.8386475684447,"1973_9_2_13":3.6993949872999328,"1973_9_2_9":9.20056993018253,"1973_9_32_145":6.871396911782176,"1973_9_3_137":25.09507810198843,"1973_9_3_142":25.095072287023218,"1973_9_6_137":8.405433177152872,"1973_9_6_142":8.405427554818784,"1973_9_9_142":16.66924221251592,"1974_9_10_137":32.817271532231416,"1974_9_13_13":496.4250987546941,"1974_9_13_9":194.8288552249867,"1974_9_23_145":2289.664564088372,"1974_9_25_145":5927.91069811644,"1974_9_2_13":217.9943630979538,"1974_9_2_9":506.31801457953634,"1974_9_32_145":359.8271790075967,"1974_9_3_137":1423.5695897835387,"1974_9_3_142":1423.5695790630805,"1974_9_6_137":476.8154605287787,"1974_9_6_142":476.8154503221851,"1975_9_10_137":5.717473376007532,"1975_9_13_13":61.25381683898744,"1975_9_13_9":31.617769154056358,"1975_9_14_7":47.94580981136347,"1975_9_23_145":715.2339381142313,"1975_9_25_145":2509.091083610687,"1975_9_2_9":75.67198450451801,"1975_9_32_145":162.26009738087376,"1975_9_3_137":248.01652395362234,"1975_9_3_142":248.01651693722195,"1975_9_6_137":83.07153794643658,"1975_9_6_142":83.07153124539511,"1976_9_10_137":2.960987894994298,"1976_9_13_13":121.28476685900432,"1976_9_13_9":13.361934366373484,"1976_9_14_29":948.7509536102582,"1976_9_14_7":42.93382960173712,"1976_9_23_145":352.29819594304627,"1976_9_25_145":1211.2318159509005,"1976_9_2_13":50.86052964489637,"1976_9_32_145":64.98999027883727,"1976_9_3_137":128.44383033543082,"1976_9_3_142":128.44382496620378,"1976_9_6_137":43.021435737656205,"1976_9_6_142":43.021430546774496,"1976_9_9_142":85.31895445285541,"1977_9_13_13":17.66166404670455,"1977_9_13_9":11.826362971059291,"1977_9_14_29":276.3987398701688,"1977_9_23_145":319.7046598332531,"1977_9_25_145":627.278010711094,"1977_9_32_145":42.6199831961984,"1977_9_3_137":4.098650870098523,"1977_9_3_142":4.098646644052198,"1977_9_6_137":1.3728148583129431,"1977_9_6_142":1.3728108266995729,"1977_9_8_142":2.5568073265428004,"1977_9_9_142":2.7225001927574004}