{"1970_9_10_137":1.4141862779918541,"1970_9_14_29":182.22343324078173,"1970_9_14_7":22.397820686054175,"1970_9_23_145":333.8881663734082,"1970_9_25_145":743.3890986756242,"1970_9_2_13":16.273997644659158,"1970_9_2_9":9.767439104319562,"1970_9_32_145":47.70155027610493,"1970_9_3_137":61.34562003676014,"1970_9_3_142":61.345613808861316,"1970_9_3_70":61.3455746513669,"1970_9_6_137":20.547319901049168,"1970_9_6_142":20.54731389813959,"1970_9_6_70":20.547286810317726,"1970_9_7_70":3.6259853078071624,"1970_9_8_142":38.269621573846635,"1970_9_9_142":40.74893154414875,"1971_9_10_137":14.845785131133646,"1971_9_13_13":212.40669676223837,"1971_9_13_9":171.05405318391382,"1971_9_14_29":2614.949227930213,"1971_9_14_7":27.831999540272943,"1971_9_18_67":6.8555290108619715,"1971_9_23_145":941.1619851343465,"1971_9_25_145":3852.8772307486697,"1971_9_2_13":244.65548304877623,"1971_9_2_9":73.90621258097465,"1971_9_32_145":207.37228194179124,"1971_9_3_137":643.9904210399557,"1971_9_3_142":643.9904170322577,"1971_9_6_137":215.70043877504696,"1971_9_6_142":215.70043488395802,"1971_9_7_70":38.06471594623112,"1971_9_8_142":401.7447214401406,"1971_9_9_142":427.77182092255686,"1972_9_10_137":14.837068251359327,"1972_9_10_70":14.837052836495285,"1972_9_13_13":59.12110327320352,"1972_9_13_9":405.19042215529413,"1972_9_14_29":3660.7357956035416,"1972_9_18_67":8.335050389617795,"1972_9_23_145":1000.7434706698883,"1972_9_25_145":3944.474644503474,"1972_9_2_13":103.15924448000725,"1972_9_2_9":233.1088656440591,"1972_9_31_145":2.906860931071611,"1972_9_32_145":211.1708058694283,"1972_9_3_137":643.6123079654069,"1972_9_3_142":643.6123031839827,"1972_9_3_70":643.6122977373548,"1972_9_4_70":1249.8581868545152,"1972_9_6_137":215.57380580989067,"1972_9_6_142":215.57380117466144,"1972_9_6_70":215.57379670414602,"1972_9_7_70":38.042427701513695,"1972_9_8_142":401.50892718193035,"1972_9_9_142":427.5206809990478,"1973_9_13_13":5.313319048860897,"1973_9_13_9":6.544501239008975,"1973_9_14_29":72.43585915000415,"1973_9_14_7":12.779926300048828,"1973_9_23_145":29.37214524312047,"1973_9_25_145":132.83865121125774,"1973_9_2_13":3.6993949872999328,"1973_9_2_9":9.20056993018253,"1973_9_32_145":6.87139825647702,"1973_9_3_137":25.095078785339727,"1973_9_3_142":25.09507499534259,"1973_9_6_137":8.405433846035416,"1973_9_6_142":8.405430157640325,"1973_9_7_70":1.483276599974154,"1973_9_8_142":15.655180113389429,"1973_9_9_142":16.669427151475688,"1974_9_10_137":32.817272588334866,"1974_9_13_13":496.4250987546941,"1974_9_13_9":194.8288552249867,"1974_9_18_67":13.295739392716305,"1974_9_23_145":2289.664565970954,"1974_9_25_145":5927.910698877176,"1974_9_2_13":217.9943630979538,"1974_9_2_9":506.31801457953634,"1974_9_32_145":359.8271796916039,"1974_9_3_137":1423.5695907597421,"1974_9_3_142":1423.5695846747824,"1974_9_6_137":476.8154614797399,"1974_9_6_142":476.8154556114383,"1974_9_9_142":945.608272086192,"1975_9_10_137":5.717474200737649,"1975_9_13_13":61.25381683898744,"1975_9_13_9":31.617769154056358,"1975_9_14_29":522.7130399999022,"1975_9_14_7":47.94580981136347,"1975_9_18_67":1.9476699095958192,"1975_9_23_145":715.2339419879224,"1975_9_25_145":2509.091084507446,"1975_9_2_9":75.67198450451801,"1975_9_32_145":162.26009848789326,"1975_9_3_137":248.0165247213183,"1975_9_3_142":248.0165203173545,"1975_9_6_137":83.07153869297169,"1975_9_6_142":83.07153444643589,"1975_9_8_142":154.72167666021903,"1975_9_9_142":164.74540989341293,"1976_9_10_137":2.9609885880980467,"1976_9_13_13":121.28476685900432,"1976_9_13_9":13.361934366373484,"1976_9_14_29":948.7548383816833,"1976_9_14_7":42.93382960173712,"1976_9_18_67":1.946303408587148,"1976_9_23_145":352.2982009242061,"1976_9_25_145":1211.2318174107577,"1976_9_2_13":50.86052964489637,"1976_9_32_145":64.98999158499464,"1976_9_3_137":128.44383098468572,"1976_9_3_142":128.44382743287323,"1976_9_6_137":43.02143637278718,"1976_9_6_142":43.02143291794144,"1976_9_7_70":7.591996039722676,"1976_9_8_142":80.12792840028376,"1976_9_9_142":85.31903669240076,"1977_9_13_13":17.66166404670455,"1977_9_13_9":11.826362971059291,"1977_9_14_29":276.39907619975213,"1977_9_23_145":319.70466458298256,"1977_9_25_145":627.2780130449466,"1977_9_32_145":42.61998446456771,"1977_9_3_137":4.098650412488719,"1977_9_3_142":4.09864479203923,"1977_9_3_70":4.09862892463363,"1977_9_6_137":1.3728144088375591,"1977_9_6_142":1.3728089963942973,"1977_9_6_70":1.3727968505476733,"1977_9_8_142":2.556866539116572,"1977_9_9_142":2.7225214073113198}