{"1970_9_10_137":1.4141832623279096,"1970_9_10_70":1.4141532900311795,"1970_9_13_13":27.63255157470703,"1970_9_14_29":174.70070757208018,"1970_9_14_7":29.920537722659468,"1970_9_23_145":333.8881513189923,"1970_9_25_145":743.3890910949083,"1970_9_2_13":12.734788696411957,"1970_9_2_9":18.269034335263,"1970_9_32_145":47.70154563553506,"1970_9_3_137":61.345618172049164,"1970_9_3_142":61.34560980630563,"1970_9_3_70":61.34559891747637,"1970_9_6_137":20.54731806630518,"1970_9_6_142":20.547309975494912,"1970_9_6_70":20.547301160539554,"1970_9_7_70":3.625985149614602,"1970_9_8_142":38.26961715728018,"1970_9_9_142":40.74892640271673,"1971_9_10_137":14.845781710655348,"1971_9_10_70":14.844645537806404,"1971_9_13_13":246.56895497551537,"1971_9_13_9":212.16144347759266,"1971_9_14_29":2406.171953655094,"1971_9_14_7":236.6092307384176,"1971_9_18_67":6.855529177602756,"1971_9_23_145":941.1619741254258,"1971_9_25_145":3852.8772278509364,"1971_9_2_13":129.66385242513294,"1971_9_2_9":220.0495679280585,"1971_9_32_145":207.37227799285813,"1971_9_3_137":643.9904178034728,"1971_9_3_142":643.9904072284778,"1971_9_3_70":643.9903438909494,"1971_9_6_137":215.70043559914325,"1971_9_6_142":215.70042540871265,"1971_9_6_70":215.70038128257423,"1971_9_7_70":38.064759696438095,"1971_9_8_142":401.7447376139458,"1971_9_9_142":427.7718212594224,"1972_9_10_137":14.837066781384177,"1972_9_10_70":14.837058565648322,"1972_9_13_13":287.4283470947855,"1972_9_13_9":310.73588675691497,"1972_9_14_29":3363.3922798952035,"1972_9_14_7":298.05897531510226,"1972_9_18_67":8.335050340067928,"1972_9_23_145":1000.7434628059398,"1972_9_25_145":3944.4746420733536,"1972_9_2_13":38.89433260831978,"1972_9_2_9":257.7171618283643,"1972_9_31_145":2.9068503868576694,"1972_9_32_145":211.1708027656138,"1972_9_3_137":643.6123065521956,"1972_9_3_142":643.6123005648566,"1972_9_3_70":643.612300109501,"1972_9_4_70":1299.3383681955772,"1972_9_6_137":215.5738044149485,"1972_9_6_142":215.57379858635443,"1972_9_6_70":215.57379844369973,"1972_9_7_70":38.0424274066983,"1972_9_8_142":401.5089248176192,"1972_9_9_142":427.5206781289386,"1973_9_13_13":9.145423385783872,"1973_9_13_9":4.724782806068978,"1973_9_14_29":80.15339809069266,"1973_9_14_7":5.06247446040003,"1973_9_23_145":29.372129330154426,"1973_9_25_145":132.83863932395596,"1973_9_2_13":6.325731345209005,"1973_9_2_9":4.224424633635571,"1973_9_32_145":6.8713934836987125,"1973_9_3_137":25.09507595047566,"1973_9_3_142":25.095067048545893,"1973_9_3_70":25.095050841985064,"1973_9_6_137":8.405431057597447,"1973_9_6_142":8.405422431875444,"1973_9_6_70":8.405409208453072,"1973_9_7_70":1.4832973892422578,"1973_9_8_142":15.655194727137555,"1973_9_9_142":16.669429726999624,"1974_9_10_137":32.81727098264437,"1974_9_13_13":395.89301757812495,"1974_9_13_9":395.89301757812495,"1974_9_14_29":3900.833190283913,"1974_9_14_7":496.58045196934086,"1974_9_18_67":13.295741990324123,"1974_9_23_145":2289.6645607183536,"1974_9_25_145":5927.910696152187,"1974_9_2_13":181.84104569254086,"1974_9_2_9":445.1688646747525,"1974_9_32_145":359.8271770655464,"1974_9_3_137":1423.5695892168226,"1974_9_3_142":1423.5695818923894,"1974_9_6_137":476.81545995764543,"1974_9_6_142":476.8154528536506,"1974_9_7_70":31.37037879343854,"1974_9_8_142":888.0746180913333,"1974_9_9_142":945.6087038320817,"1975_9_10_137":5.7174726327752285,"1975_9_13_13":35.919860656909954,"1975_9_13_9":59.10277108756064,"1975_9_14_29":506.64873995944134,"1975_9_14_7":64.01025912620787,"1975_9_18_67":1.947670265726503,"1975_9_23_145":715.2339297393399,"1975_9_25_145":2509.091081411204,"1975_9_2_13":76.84762343880165,"1975_9_2_9":65.73448334700606,"1975_9_32_145":162.26009440656637,"1975_9_3_137":248.0165232177689,"1975_9_3_142":248.0165173253684,"1975_9_6_137":83.07153527860629,"1975_9_6_142":83.07152367536021,"1975_9_6_70":83.07118237978158,"1975_9_7_70":14.659651654353832,"1975_9_8_142":154.72172511031292,"1975_9_9_142":164.74541362280516,"1976_9_10_137":2.9609857492620777,"1976_9_10_70":2.9609592162299623,"1976_9_13_9":64.82942149982189,"1976_9_14_29":923.041379014035,"1976_9_14_7":68.64733753988322,"1976_9_18_67":1.9463034843641844,"1976_9_23_145":352.2981857931648,"1976_9_25_145":1211.2318124487356,"1976_9_2_13":55.860783879209485,"1976_9_32_145":64.98998693230794,"1976_9_3_137":128.44382828866915,"1976_9_3_142":128.44382011723587,"1976_9_3_70":128.44381073116708,"1976_9_6_137":43.02143372204416,"1976_9_6_142":43.02142580522999,"1976_9_6_70":43.02141812999204,"1976_9_7_70":7.5920060730131915,"1976_9_8_142":80.12793702032869,"1976_9_9_142":85.31903786483734,"1977_9_13_13":27.402589237567692,"1977_9_13_9":1.6126687152937822,"1977_9_14_29":268.6532991496086,"1977_9_14_7":7.800812085877229,"1977_9_23_145":319.70464995335675,"1977_9_25_145":627.2780048476194,"1977_9_2_13":1.0426931726929396,"1977_9_2_9":1.2917713469268457,"1977_9_32_145":42.61997995001413,"1977_9_3_137":4.098648975092147,"1977_9_3_142":4.098642280379994,"1977_9_3_70":4.09864002935167,"1977_9_4_70":8.27441141277998,"1977_9_6_137":1.3728129913976301,"1977_9_6_142":1.3728065045510285,"1977_9_6_70":1.372804857044864,"1977_9_8_142":2.5568662402601596,"1977_9_9_142":2.7225194431660866}