{"1970_9_10_137":1.4141860264033557,"1970_9_10_70":1.4141793167592143,"1970_9_13_13":27.63255157470703,"1970_9_14_29":174.70078907345376,"1970_9_14_7":29.920537722659468,"1970_9_23_145":333.8881717095728,"1970_9_25_145":743.3891007860159,"1970_9_2_13":12.734788696411957,"1970_9_2_9":18.269034335263,"1970_9_32_145":47.70155178600699,"1970_9_3_137":61.34562079715906,"1970_9_3_142":61.345616912242946,"1970_9_3_70":61.34561570950743,"1970_9_4_70":123.84584293968423,"1970_9_6_137":20.547320645246778,"1970_9_6_142":20.547316874677627,"1970_9_6_70":20.547315993143215,"1970_9_7_70":3.625993081636796,"1970_9_8_142":38.26963598432396,"1970_9_9_142":40.74894018338728,"1971_9_10_137":14.84578483450486,"1971_9_10_70":14.84576941107973,"1971_9_13_13":246.56895497551537,"1971_9_13_9":212.16144347759266,"1971_9_14_29":2406.1720642545924,"1971_9_14_7":236.6092307384176,"1971_9_18_67":6.855529587620045,"1971_9_23_145":941.1619884551768,"1971_9_25_145":3852.877231658447,"1971_9_2_13":129.66385242513294,"1971_9_2_9":220.0495679280585,"1971_9_32_145":207.37228304745432,"1971_9_3_137":643.9904207625447,"1971_9_3_142":643.9904159822762,"1971_9_3_70":643.9904105439716,"1971_9_4_70":750.8144168852532,"1971_9_6_137":215.70043850431756,"1971_9_6_142":215.70043387702253,"1971_9_6_70":215.70042945533353,"1971_9_7_70":38.06477421281812,"1971_9_8_142":401.74476703054916,"1971_9_9_142":427.7718406712158,"1972_9_10_137":14.837069069615623,"1972_9_10_70":14.837066395642603,"1972_9_13_13":287.4283470947855,"1972_9_13_9":310.73588675691497,"1972_9_14_29":3363.3923258503264,"1972_9_14_7":298.05897531510226,"1972_9_18_67":8.335050527221933,"1972_9_23_145":1000.7434729320247,"1972_9_25_145":3944.47464526599,"1972_9_2_13":38.89433260831978,"1972_9_2_9":257.7171618283643,"1972_9_31_145":2.906864538628961,"1972_9_32_145":211.1708067027161,"1972_9_3_137":643.6123087337633,"1972_9_3_142":643.6123058617577,"1972_9_3_70":643.6123065557504,"1972_9_4_70":1299.3383841732634,"1972_9_6_137":215.57380656278164,"1972_9_6_142":215.57380376040553,"1972_9_6_70":215.57380452337947,"1972_9_7_48":38.0424312407935,"1972_9_8_142":401.5089360487642,"1972_9_9_142":427.5206871004597,"1973_9_13_13":9.145423385783872,"1973_9_13_9":4.724782806068978,"1973_9_14_29":80.15348863124392,"1973_9_14_7":5.06247446040003,"1973_9_23_145":29.37215106180819,"1973_9_25_145":132.83865531655962,"1973_9_2_13":6.325731345209005,"1973_9_2_9":4.224424633635571,"1973_9_32_145":6.871399818042992,"1973_9_3_137":25.09507866242508,"1973_9_3_142":25.095074556431616,"1973_9_3_70":25.095072623866805,"1973_9_4_70":50.66245739022285,"1973_9_6_137":8.405433725326763,"1973_9_6_142":8.405429732904073,"1973_9_6_70":8.405428194451382,"1973_9_7_70":1.483306567189932,"1973_9_8_142":15.655215727165178,"1973_9_9_142":16.66944475245341,"1974_9_10_137":32.817273551727176,"1974_9_13_13":395.89301757812495,"1974_9_13_9":395.89301757812495,"1974_9_14_29":3900.833414511546,"1974_9_14_7":496.58045196934086,"1974_9_18_67":13.295742746640904,"1974_9_23_145":2289.664567722986,"1974_9_25_145":5927.910699739181,"1974_9_2_13":181.84104569254086,"1974_9_2_9":445.1688646747525,"1974_9_32_145":359.8271803848845,"1974_9_3_137":1423.5695916606246,"1974_9_3_142":1423.5695882124546,"1974_9_6_137":476.8154612218922,"1974_9_6_142":476.8154543832771,"1974_9_6_70":476.81520046890404,"1974_9_7_70":84.1438871580999,"1974_9_8_142":888.0747402625491,"1974_9_9_142":945.6087502210769,"1975_9_10_137":5.717473848408138,"1975_9_10_70":5.717440901611758,"1975_9_13_13":35.919860656909954,"1975_9_13_9":59.10277108756064,"1975_9_14_29":506.64887262527003,"1975_9_14_7":64.01025912620787,"1975_9_18_67":1.9476707538755944,"1975_9_23_145":715.2339457747157,"1975_9_25_145":2509.091085462485,"1975_9_2_13":76.84762343880165,"1975_9_2_9":65.73448334700606,"1975_9_32_145":162.26009968788858,"1975_9_3_137":248.01652439283237,"1975_9_3_142":248.01651899271002,"1975_9_3_70":248.01650703690171,"1975_9_6_137":83.07153837431017,"1975_9_6_142":83.07153319061317,"1975_9_6_70":83.07152408127223,"1975_9_7_70":14.659675077470547,"1975_9_8_142":154.7217657865601,"1975_9_9_142":164.74543804849858,"1976_9_10_137":2.9609884779597926,"1976_9_10_70":2.9609822329452276,"1976_9_13_9":64.82942149982189,"1976_9_14_29":923.0414531871344,"1976_9_14_7":68.64733753988322,"1976_9_18_67":1.9463038420446606,"1976_9_23_145":352.2982062818294,"1976_9_25_145":1211.231818852959,"1976_9_2_13":55.860783879209485,"1976_9_32_145":64.98999309127964,"1976_9_3_137":128.4438308812684,"1976_9_3_142":128.44382707709488,"1976_9_3_70":128.44382610478496,"1976_9_4_70":259.30515891030694,"1976_9_6_137":43.02143627115829,"1976_9_6_142":43.02143257330808,"1976_9_6_70":43.02143187848799,"1976_9_7_70":7.5920136245178895,"1976_9_8_142":80.12795510518927,"1976_9_9_142":85.31905120830618,"1977_9_13_13":27.402589237567692,"1977_9_13_9":1.6126687152937822,"1977_9_14_29":268.6533616630334,"1977_9_14_7":7.800812085877229,"1977_9_23_145":319.70466973590754,"1977_9_25_145":627.2780153498587,"1977_9_2_13":1.0426931726929396,"1977_9_2_9":1.2917713469268457,"1977_9_32_145":42.61998593362348,"1977_9_3_137":4.0986512999820475,"1977_9_3_142":4.098648120926421,"1977_9_3_70":4.09864843260092,"1977_9_4_70":8.274440283534922,"1977_9_6_137":1.3728152753137859,"1977_9_6_142":1.3728121859640283,"1977_9_6_70":1.372812623342006,"1977_9_8_142":2.556879437816449,"1977_9_9_142":2.7225297359948986}