{"1970_9_10_137":1.4141861828749658,"1970_9_10_70":1.4141812954361592,"1970_9_13_13":27.63255157470703,"1970_9_14_29":174.70079588732028,"1970_9_14_7":29.920537722659468,"1970_9_23_145":333.88817253783236,"1970_9_25_145":743.3891010884965,"1970_9_2_13":12.734788696411957,"1970_9_2_9":18.269034335263,"1970_9_32_145":47.7015520343028,"1970_9_3_137":61.34562094405522,"1970_9_3_142":61.345617419427356,"1970_9_3_70":61.34561711988611,"1970_9_4_70":123.84585044813427,"1970_9_6_137":20.54732078899152,"1970_9_6_142":20.547317363566243,"1970_9_6_70":20.54731726191411,"1970_9_7_70":3.6259937795596575,"1970_9_8_142":38.26963760088172,"1970_9_9_142":40.748941315685045,"1971_9_10_137":14.84578501643534,"1971_9_10_70":14.845775356857908,"1971_9_13_13":246.56895497551537,"1971_9_13_9":212.16144347759266,"1971_9_14_29":2406.172073847977,"1971_9_14_7":236.6092307384176,"1971_9_18_67":6.855529622762228,"1971_9_23_145":941.1619889200924,"1971_9_25_145":3852.877231805291,"1971_9_2_13":129.66385242513294,"1971_9_2_9":220.0495679280585,"1971_9_32_145":207.37228320963362,"1971_9_3_137":643.9904209326993,"1971_9_3_142":643.9904166386589,"1971_9_3_70":643.9904139511233,"1971_9_4_70":1300.1015318925313,"1971_9_6_137":215.70043867066497,"1971_9_6_142":215.70043450718182,"1971_9_6_70":215.7004323581655,"1971_9_7_70":38.06477545793938,"1971_9_8_142":401.74476962540064,"1971_9_9_142":427.7718423434704,"1972_9_10_137":14.837069193895585,"1972_9_10_70":14.837067084278356,"1972_9_13_13":287.4283470947855,"1972_9_13_9":310.73588675691497,"1972_9_14_29":3363.3923292877184,"1972_9_14_7":298.05897531510226,"1972_9_18_67":8.33505054105784,"1972_9_23_145":1000.7434732542096,"1972_9_25_145":3944.47464539047,"1972_9_2_13":38.89433260831978,"1972_9_2_9":257.7171618283643,"1972_9_31_145":2.9068651292435392,"1972_9_32_145":211.17080682438473,"1972_9_3_137":643.6123088510727,"1972_9_3_142":643.6123062131527,"1972_9_3_70":643.6123071159258,"1972_9_4_70":1299.338385525811,"1972_9_6_137":215.57380637829255,"1972_9_6_142":215.57380318645394,"1972_9_6_48":39.12832906011517,"1972_9_6_70":215.5738034792112,"1972_9_7_48":38.04243335752527,"1972_9_8_142":401.50893693726005,"1972_9_9_142":427.5206877769307,"1973_9_13_13":9.145423385783872,"1973_9_13_9":4.724782806068978,"1973_9_14_29":80.15349631362365,"1973_9_14_7":5.06247446040003,"1973_9_23_145":29.372151997766245,"1973_9_25_145":132.83865598141603,"1973_9_2_13":6.325731345209005,"1973_9_2_9":4.224424633635571,"1973_9_32_145":6.8714000762703495,"1973_9_3_137":25.095078815291437,"1973_9_3_142":25.09507509948269,"1973_9_3_70":25.095074359756946,"1973_9_4_70":50.662470073870196,"1973_9_6_137":8.405433875145395,"1973_9_6_142":8.405430257446948,"1973_9_6_70":8.405429753804164,"1973_9_7_70":1.4833073767844978,"1973_9_8_142":15.65521754990194,"1973_9_9_142":16.669446004441134,"1974_9_10_137":32.81727254208017,"1974_9_10_70":32.812070213821094,"1974_9_13_13":395.89301757812495,"1974_9_13_9":395.89301757812495,"1974_9_14_29":3900.833434004245,"1974_9_14_7":496.58045196934086,"1974_9_18_67":13.295742811706644,"1974_9_23_145":2289.6645679753788,"1974_9_25_145":5927.910699880422,"1974_9_2_13":181.84104569254086,"1974_9_2_9":445.1688646747525,"1974_9_32_145":359.8271804869949,"1974_9_3_137":1423.569590716654,"1974_9_3_142":1423.569584473504,"1974_9_3_70":1423.569544229767,"1974_9_6_137":476.81546143781,"1974_9_6_142":476.81545542027476,"1974_9_6_70":476.8154277215128,"1974_9_7_70":84.14389340848868,"1974_9_8_142":888.0747485034362,"1974_9_9_142":945.6087542157168,"1975_9_10_137":5.717474046787375,"1975_9_10_70":5.717457887860069,"1975_9_13_13":35.919860656909954,"1975_9_13_9":59.10277108756064,"1975_9_14_29":506.648884276246,"1975_9_14_7":64.01025912620787,"1975_9_18_67":1.9476707966140163,"1975_9_23_145":715.2339463103456,"1975_9_25_145":2509.0910856132455,"1975_9_2_13":76.84762343880165,"1975_9_2_9":65.73448334700606,"1975_9_32_145":162.26009986742332,"1975_9_3_137":248.01652457778448,"1975_9_3_142":248.01651975834704,"1975_9_3_70":248.01651403207347,"1975_9_6_137":83.07153855420592,"1975_9_6_142":83.07153391756273,"1975_9_6_70":83.07152943830044,"1975_9_7_70":14.65967691062453,"1975_9_8_142":154.72176933394232,"1975_9_9_142":164.7454401911298,"1976_9_10_137":2.9609886319815875,"1976_9_10_70":2.960984042368123,"1976_9_13_9":64.82942149982189,"1976_9_14_29":923.0414592962246,"1976_9_14_7":68.64733753988322,"1976_9_18_67":1.9463038724820667,"1976_9_23_145":352.2982071093788,"1976_9_25_145":1211.2318190648314,"1976_9_2_13":55.860783879209485,"1976_9_32_145":64.98999333737811,"1976_9_3_137":128.4438310259441,"1976_9_3_142":128.44382757134272,"1976_9_3_70":128.44382741350495,"1976_9_4_70":259.3051652350509,"1976_9_6_137":43.021436412875914,"1976_9_6_142":43.02143305065404,"1976_9_6_70":43.02143306521784,"1976_9_7_70":7.592014287615096,"1976_9_8_142":80.12795665087076,"1976_9_9_142":85.31905229861998,"1977_9_13_13":27.402589237567692,"1977_9_13_9":1.6126687152937822,"1977_9_14_29":268.653366655202,"1977_9_14_7":7.800812085877229,"1977_9_23_145":319.7046705382142,"1977_9_25_145":627.2780156802685,"1977_9_2_13":1.0426931726929396,"1977_9_2_9":1.2917713469268457,"1977_9_32_145":42.61998617549919,"1977_9_3_137":4.098651426677589,"1977_9_3_142":4.09864851802041,"1977_9_3_70":4.098649173217252,"1977_9_4_70":8.274442410111586,"1977_9_6_137":1.3728153992999959,"1977_9_6_142":1.3728125695465583,"1977_9_6_70":1.3728133060878538,"1977_9_8_142":2.556880514108953,"1977_9_9_142":2.7225305357567975}