{"1970_9_10_137":1.4141864986076658,"1970_9_10_70":1.4141838293139664,"1970_9_13_13":27.63255157470703,"1970_9_14_29":174.70080753049274,"1970_9_14_7":29.920537722659468,"1970_9_23_145":333.88817428819834,"1970_9_25_145":743.3891017116165,"1970_9_2_13":12.734788696411957,"1970_9_2_9":18.269034335263,"1970_9_32_145":47.70155256571389,"1970_9_3_137":61.34562124127194,"1970_9_3_142":61.34561837197086,"1970_9_3_70":61.34561906875607,"1970_9_4_70":123.84585686863242,"1970_9_6_137":20.547321080094882,"1970_9_6_142":20.547318284465856,"1970_9_6_70":20.54731905380285,"1970_9_7_48":3.6259685402411046,"1970_9_8_142":38.26964028111253,"1970_9_9_142":40.74894328021703,"1971_9_10_137":14.845785381030813,"1971_9_10_70":14.845780886886873,"1971_9_13_13":246.56895497551537,"1971_9_13_9":212.16144347759266,"1971_9_14_29":2406.1720895049816,"1971_9_14_7":236.6092307384176,"1971_9_18_67":6.855529679963287,"1971_9_23_145":941.1619898674525,"1971_9_25_145":3852.877232118426,"1971_9_2_13":129.66385242513294,"1971_9_2_9":220.0495679280585,"1971_9_32_145":207.37228355084213,"1971_9_3_137":643.9904212747614,"1971_9_3_142":643.990417844229,"1971_9_3_70":643.9904177328634,"1971_9_4_70":1300.1015626731632,"1971_9_6_137":215.70043900541768,"1971_9_6_142":215.70043566889,"1971_9_6_70":215.700435728611,"1971_9_7_70":38.06477722310722,"1971_9_8_142":401.7447736287945,"1971_9_9_142":427.7718451030639,"1972_9_10_137":14.837067755257884,"1972_9_10_48":14.837052857475422,"1972_9_13_13":287.4283470947855,"1972_9_13_9":310.73588675691497,"1972_9_14_29":3363.3923356087603,"1972_9_14_7":298.05897531510226,"1972_9_18_67":8.335050565921788,"1972_9_23_145":1000.7434739161223,"1972_9_25_145":3944.474645656539,"1972_9_2_13":38.89433260831978,"1972_9_2_9":257.7171618283643,"1972_9_31_145":2.906866387948808,"1972_9_32_145":211.1708070785354,"1972_9_3_137":643.6123075032508,"1972_9_3_142":643.6123011734554,"1972_9_3_48":643.612310223065,"1972_9_4_70":1299.338387411183,"1972_9_6_137":215.57380535831592,"1972_9_6_142":215.57379925139404,"1972_9_6_48":215.5738080484927,"1972_9_7_48":38.0424338587824,"1972_9_8_142":401.5089385211164,"1972_9_9_142":427.5206890159345,"1973_9_13_13":9.145423385783872,"1973_9_13_9":4.724782806068978,"1973_9_14_29":80.15350924103973,"1973_9_14_7":5.06247446040003,"1973_9_23_145":29.372153979319172,"1973_9_25_145":132.83865739604502,"1973_9_2_13":6.325731345209005,"1973_9_2_9":4.224424633635571,"1973_9_32_145":6.8714006288695755,"1973_9_3_137":25.09507912406382,"1973_9_3_142":25.09507611364821,"1973_9_3_70":25.09507665180756,"1973_9_4_70":50.66247884679781,"1973_9_6_137":8.405434178021952,"1973_9_6_142":8.405431239878032,"1973_9_6_70":8.405431862600414,"1973_9_7_48":1.4832796608691177,"1973_9_8_142":15.655220521211872,"1973_9_9_142":16.669448150490656,"1974_9_10_137":32.81727301322697,"1974_9_10_70":32.81725759182692,"1974_9_13_13":395.89301757812495,"1974_9_13_9":395.89301757812495,"1974_9_14_29":3900.8334622580232,"1974_9_14_7":496.58045196934086,"1974_9_18_67":13.295742906541232,"1974_9_23_145":2289.6645684976215,"1974_9_25_145":5927.910700182556,"1974_9_2_13":181.84104569254086,"1974_9_2_9":445.1688646747525,"1974_9_32_145":359.8271807004078,"1974_9_3_137":1423.5695911559305,"1974_9_3_142":1423.5695863754775,"1974_9_3_70":1423.5695809358454,"1974_9_4_70":242.16673743961957,"1974_9_6_137":476.81546186683624,"1974_9_6_142":476.8154572378435,"1974_9_6_70":476.8154528057418,"1974_9_7_70":84.14389912109132,"1974_9_8_142":888.0747584655785,"1974_9_9_142":945.608759911741,"1975_9_10_137":5.717474442679166,"1975_9_10_70":5.717468173558062,"1975_9_13_13":35.919860656909954,"1975_9_13_9":59.10277108756064,"1975_9_14_29":506.6489027442513,"1975_9_14_7":64.01025912620787,"1975_9_18_67":1.947670864690471,"1975_9_23_145":715.2339474136394,"1975_9_25_145":2509.0910859331866,"1975_9_2_13":76.84762343880165,"1975_9_2_9":65.73448334700606,"1975_9_32_145":162.26010024889902,"1975_9_3_137":248.01652494814354,"1975_9_3_142":248.01652114410624,"1975_9_3_70":248.01652017217066,"1975_9_4_70":500.70106580007996,"1975_9_6_137":83.07153891491569,"1975_9_6_142":83.07153523997206,"1975_9_6_70":83.07153460131269,"1975_9_7_70":14.65967930096388,"1975_9_8_142":154.7217745101007,"1975_9_9_142":164.7454436003673,"1976_9_10_137":2.9609889429851624,"1976_9_10_70":2.960986408885884,"1976_9_13_9":64.82942149982189,"1976_9_14_29":923.0414698746519,"1976_9_14_7":68.64733753988322,"1976_9_18_67":1.9463039233808979,"1976_9_23_145":352.2982088571736,"1976_9_25_145":1211.2318195067924,"1976_9_2_13":55.860783879209485,"1976_9_32_145":64.98999386409585,"1976_9_3_137":128.44383131885473,"1976_9_3_142":128.44382850152775,"1976_9_3_70":128.4438292501992,"1976_9_4_70":259.3051709915084,"1976_9_6_137":43.02143670004283,"1976_9_6_142":43.02143395151733,"1976_9_6_70":43.02143476375538,"1976_9_7_48":7.591993090201609,"1976_9_8_142":80.12795922929288,"1976_9_9_142":85.31905419868242,"1977_9_13_13":27.402589237567692,"1977_9_13_9":1.6126687152937822,"1977_9_14_29":268.6533755000411,"1977_9_14_7":7.800812085877229,"1977_9_23_145":319.7046722352773,"1977_9_25_145":627.278016362048,"1977_9_2_13":1.0426931726929396,"1977_9_2_9":1.2917713469268457,"1977_9_32_145":42.619986693200616,"1977_9_3_137":4.098649956319205,"1977_9_3_142":4.0986425916951825,"1977_9_3_48":4.098624250139043,"1977_9_4_70":8.274445086572042,"1977_9_6_137":1.3728139645410269,"1977_9_6_142":1.3728069117398918,"1977_9_6_48":1.3727858986612198,"1977_9_8_142":2.556882392519574,"1977_9_9_142":2.7225319769798237}