{"1970_9_10_137":1.414186498609101,"1970_9_10_70":1.4141838293228697,"1970_9_13_13":27.63255157470703,"1970_9_14_29":174.70080753049385,"1970_9_14_7":29.920537722659468,"1970_9_23_145":333.8881742882204,"1970_9_25_145":743.3891017116283,"1970_9_2_13":12.734788696411957,"1970_9_2_9":18.269034335263,"1970_9_32_145":47.70155256571409,"1970_9_3_137":61.345621241271985,"1970_9_3_142":61.34561837197099,"1970_9_3_70":61.34561906875631,"1970_9_4_70":123.84585686863265,"1970_9_6_137":20.547321080095042,"1970_9_6_142":20.547318284466325,"1970_9_6_70":20.547319053803633,"1970_9_7_48":3.6259685402469324,"1970_9_8_142":38.269640281113126,"1970_9_9_142":40.74894328021749,"1971_9_10_137":14.845785381031012,"1971_9_10_70":14.845780886888933,"1971_9_13_13":246.56895497551537,"1971_9_13_9":212.16144347759266,"1971_9_14_29":2406.172089504983,"1971_9_14_7":236.6092307384176,"1971_9_18_67":6.855529679963299,"1971_9_23_145":941.1619898674812,"1971_9_25_145":3852.877232118426,"1971_9_2_13":129.66385242513294,"1971_9_2_9":220.0495679280585,"1971_9_32_145":207.37228355086395,"1971_9_3_137":643.9904212747614,"1971_9_3_142":643.9904178442291,"1971_9_3_70":643.9904177328636,"1971_9_4_70":1300.1015626731644,"1971_9_6_137":215.70043900541768,"1971_9_6_142":215.70043566889012,"1971_9_6_70":215.7004357286112,"1971_9_7_70":38.06477722310773,"1971_9_8_142":401.74477362879475,"1971_9_9_142":427.77184510306415,"1972_9_10_137":14.837067755257795,"1972_9_10_48":14.83705285747752,"1972_9_13_13":287.4283470947855,"1972_9_13_9":310.73588675691497,"1972_9_14_29":3363.3923356087607,"1972_9_14_7":298.05897531510226,"1972_9_18_67":8.335050565921815,"1972_9_23_145":1000.7434739161274,"1972_9_25_145":3944.474645656539,"1972_9_2_13":38.89433260831978,"1972_9_2_9":257.7171618283643,"1972_9_31_145":2.906866387949115,"1972_9_32_145":211.17080707854637,"1972_9_3_137":643.6123075032508,"1972_9_3_142":643.6123011734556,"1972_9_3_48":643.6123102230652,"1972_9_4_70":1299.338387411183,"1972_9_6_137":215.573805358316,"1972_9_6_142":215.5737992513944,"1972_9_6_48":215.57380804849277,"1972_9_7_48":38.04243386168824,"1972_9_8_142":401.50893852111653,"1972_9_9_142":427.5206890159347,"1973_9_13_13":9.145423385783872,"1973_9_13_9":4.724782806068978,"1973_9_14_29":80.15350924104098,"1973_9_14_7":5.06247446040003,"1973_9_23_145":29.372153979319446,"1973_9_25_145":132.83865739604573,"1973_9_2_13":6.325731345209005,"1973_9_2_9":4.224424633635571,"1973_9_32_145":6.871400628869659,"1973_9_3_137":25.095079124063943,"1973_9_3_142":25.0950761136486,"1973_9_3_70":25.095076651808288,"1973_9_4_70":50.66247884679866,"1973_9_6_137":8.405434178022254,"1973_9_6_142":8.405431239878965,"1973_9_6_70":8.405431862602097,"1973_9_7_48":1.4832796608788696,"1973_9_8_142":15.655220521213169,"1973_9_9_142":16.66944815049165,"1974_9_10_137":32.81727301322708,"1974_9_10_70":32.81725759183282,"1974_9_13_13":395.89301757812495,"1974_9_13_9":395.89301757812495,"1974_9_14_29":3900.8334622580255,"1974_9_14_7":496.58045196934086,"1974_9_18_67":13.295742906541266,"1974_9_23_145":2289.664568497621,"1974_9_25_145":5927.910700182556,"1974_9_2_13":181.84104569254086,"1974_9_2_9":445.1688646747525,"1974_9_32_145":359.82718070040835,"1974_9_3_137":1423.5695911559305,"1974_9_3_142":1423.569586375478,"1974_9_3_70":1423.5695809358467,"1974_9_4_70":2585.3125319701217,"1974_9_6_137":476.81546186683624,"1974_9_6_142":476.81545723784365,"1974_9_6_70":476.8154528057426,"1974_9_7_70":84.14389912109095,"1974_9_8_142":888.0747584655792,"1974_9_9_142":945.6087599117413,"1975_9_10_137":5.717474442679602,"1975_9_10_70":5.717468173564711,"1975_9_13_13":35.919860656909954,"1975_9_13_9":59.10277108756064,"1975_9_14_29":506.64890274425295,"1975_9_14_7":64.01025912620787,"1975_9_18_67":1.9476708646904775,"1975_9_23_145":715.2339474137054,"1975_9_25_145":2509.0910859331866,"1975_9_2_13":76.84762343880165,"1975_9_2_9":65.73448334700606,"1975_9_32_145":162.26010024892423,"1975_9_3_137":248.01652494814357,"1975_9_3_142":248.01652114410632,"1975_9_3_70":248.01652017217094,"1975_9_4_70":500.7010658000821,"1975_9_6_137":83.07153891491564,"1975_9_6_142":83.07153523997192,"1975_9_6_70":83.07153460131231,"1975_9_7_70":14.659679300965083,"1975_9_8_142":154.7217745101009,"1975_9_9_142":164.7454436003675,"1976_9_10_137":2.9609889429859315,"1976_9_10_70":2.96098640889052,"1976_9_13_9":64.82942149982189,"1976_9_14_29":923.0414698746529,"1976_9_14_7":68.64733753988322,"1976_9_18_67":1.9463039233809027,"1976_9_23_145":352.29820885720073,"1976_9_25_145":1211.2318195067917,"1976_9_2_13":55.860783879209485,"1976_9_32_145":64.9899938640966,"1976_9_3_137":128.44383131885476,"1976_9_3_142":128.4438285015278,"1976_9_3_70":128.44382925019931,"1976_9_4_70":259.30517099150876,"1976_9_6_137":43.02143670004292,"1976_9_6_142":43.0214339515176,"1976_9_6_70":43.02143476375581,"1976_9_7_48":7.591993090204784,"1976_9_8_142":80.12795922929305,"1976_9_9_142":85.31905419868248,"1977_9_13_13":27.402589237567692,"1977_9_13_9":1.6126687152937822,"1977_9_14_29":268.65337550004193,"1977_9_14_7":7.800812085877229,"1977_9_23_145":319.70467223529744,"1977_9_25_145":627.2780163620729,"1977_9_2_13":1.0426931726929396,"1977_9_2_9":1.2917713469268457,"1977_9_32_145":42.61998669320076,"1977_9_3_137":4.098649956318613,"1977_9_3_142":4.098642591692119,"1977_9_3_48":4.098624250144026,"1977_9_4_70":8.274445086574064,"1977_9_6_137":1.3728139645398867,"1977_9_6_142":1.372806911733892,"1977_9_6_48":1.3727858986705044,"1977_9_8_142":2.5568823925238813,"1977_9_9_142":2.722531976983175}