{"1970_9_10_137":1.4141866414879845,"1970_9_10_70":1.4141846096924728,"1970_9_13_13":27.63255157470703,"1970_9_14_29":174.70081205041905,"1970_9_14_7":29.920537722659468,"1970_9_23_145":333.8881751052932,"1970_9_25_145":743.3891019936724,"1970_9_2_13":12.734788696411957,"1970_9_2_9":18.269034335263,"1970_9_32_145":47.701552819988024,"1970_9_3_137":61.345621376128314,"1970_9_3_142":61.34561877463533,"1970_9_3_70":61.34561970421126,"1970_9_4_70":123.84585838954354,"1970_9_6_137":20.547319395736146,"1970_9_6_142":20.547311320808888,"1970_9_6_48":20.547308960408778,"1970_9_7_48":3.625969961851744,"1970_9_8_142":38.26964129471765,"1970_9_9_142":40.74894405315443,"1971_9_10_137":14.845785544934108,"1971_9_10_70":14.845782262978867,"1971_9_13_13":246.56895497551537,"1971_9_13_9":212.16144347759266,"1971_9_14_29":2406.172095346821,"1971_9_14_7":236.6092307384176,"1971_9_18_67":6.855529701181578,"1971_9_23_145":941.1619902917386,"1971_9_25_145":3852.8772322677487,"1971_9_2_13":129.66385242513294,"1971_9_2_9":220.0495679280585,"1971_9_32_145":207.37228370645985,"1971_9_3_137":643.9904214289999,"1971_9_3_142":643.9904183434958,"1971_9_3_70":643.9904187860293,"1971_9_4_70":1300.101566216713,"1971_9_6_137":215.7004391565111,"1971_9_6_142":215.70043615163112,"1971_9_6_70":215.70043669652398,"1971_9_7_48":38.06477915539576,"1971_9_8_142":401.7447750538422,"1971_9_9_142":427.77184614248574,"1972_9_10_137":14.837068008946527,"1972_9_10_48":14.837054268414946,"1972_9_13_13":287.4283470947855,"1972_9_13_9":310.73588675691497,"1972_9_14_29":3363.392338229411,"1972_9_14_7":298.05897531510226,"1972_9_18_67":8.335050575950724,"1972_9_23_145":1000.7434742156559,"1972_9_25_145":3944.474645783748,"1972_9_2_13":38.89433260831978,"1972_9_2_9":257.7171618283643,"1972_9_31_145":2.906866989307933,"1972_9_32_145":211.17080719428407,"1972_9_3_137":643.6123077393252,"1972_9_3_142":643.6123022451717,"1972_9_3_48":643.6123103478769,"1972_9_4_48":515.3017829061333,"1972_9_4_70":1299.3383814257115,"1972_9_6_137":215.57380558895161,"1972_9_6_142":215.5738002750372,"1972_9_6_48":215.57380816648234,"1972_9_7_48":38.04243403115508,"1972_9_8_142":401.50893915950496,"1972_9_9_142":427.52068534722866,"1972_9_9_70":427.52064477895783,"1973_9_13_13":9.145423385783872,"1973_9_13_9":4.724782806068978,"1973_9_14_29":80.15351419286529,"1973_9_14_7":5.06247446040003,"1973_9_23_145":29.372154920089145,"1973_9_25_145":132.83865806880846,"1973_9_2_13":6.325731345209005,"1973_9_2_9":4.224424633635571,"1973_9_32_145":6.871400893920938,"1973_9_3_137":25.095079263935425,"1973_9_3_142":25.09507654013405,"1973_9_3_70":25.09507737383291,"1973_9_4_70":50.662480703139444,"1973_9_6_137":8.40543431533451,"1973_9_6_142":8.405431654115018,"1973_9_6_70":8.40543253897122,"1973_9_7_48":1.4832811330181837,"1973_9_8_142":15.655221628735632,"1973_9_9_142":16.669448985889918,"1974_9_10_137":32.81727322233106,"1974_9_10_70":32.81726415247503,"1974_9_13_13":395.89301757812495,"1974_9_13_9":395.89301757812495,"1974_9_14_29":3900.8334718209653,"1974_9_14_7":496.58045196934086,"1974_9_18_67":13.295742938495977,"1974_9_23_145":2289.6645687379532,"1974_9_25_145":5927.910700327215,"1974_9_2_13":181.84104569254086,"1974_9_2_9":445.1688646747525,"1974_9_32_145":359.82718079838656,"1974_9_3_137":1423.5695913515385,"1974_9_3_142":1423.5695871266446,"1974_9_3_70":1423.5695847327852,"1974_9_4_70":2873.932608314975,"1974_9_6_137":476.81546205812106,"1974_9_6_142":476.81545795943134,"1974_9_6_70":476.8154560535289,"1974_9_7_70":84.14390052781914,"1974_9_8_142":888.0747614084078,"1974_9_9_142":945.6087618149354,"1975_9_10_137":5.71747461992905,"1975_9_10_70":5.717470217162523,"1975_9_13_13":35.919860656909954,"1975_9_13_9":59.10277108756064,"1975_9_14_29":506.64890946722335,"1975_9_14_7":64.01025912620787,"1975_9_18_67":1.9476708895670582,"1975_9_23_145":715.2339479088776,"1975_9_25_145":2509.0910860847007,"1975_9_2_13":76.84762343880165,"1975_9_2_9":65.73448334700606,"1975_9_32_145":162.26010042428632,"1975_9_3_137":248.01652511451104,"1975_9_3_142":248.01652171037347,"1975_9_3_70":248.01652164869765,"1975_9_4_70":500.70107280929386,"1975_9_6_137":83.07153907715553,"1975_9_6_142":83.07153578284189,"1975_9_6_70":83.07153591421633,"1975_9_7_70":14.659680046951419,"1975_9_8_142":154.72177627134687,"1975_9_9_142":164.74544484540345,"1976_9_10_137":2.960989083820088,"1976_9_10_70":2.9609871490858755,"1976_9_13_9":64.82942149982189,"1976_9_14_29":923.0414740294689,"1976_9_14_7":68.64733753988322,"1976_9_18_67":1.946303942765842,"1976_9_23_145":352.2982096712812,"1976_9_25_145":1211.2318197102477,"1976_9_2_13":55.860783879209485,"1976_9_32_145":64.98999411540059,"1976_9_3_137":128.44382962258277,"1976_9_3_142":128.4438214412735,"1976_9_3_48":128.44383246713534,"1976_9_4_70":259.3051724055203,"1976_9_6_137":43.02143504157851,"1976_9_6_142":43.02142719423057,"1976_9_6_48":43.02143737001188,"1976_9_7_48":7.59199449451922,"1976_9_8_142":80.12796020953945,"1976_9_9_142":85.31905494918185,"1977_9_13_13":27.402589237567692,"1977_9_13_9":1.6126687152937822,"1977_9_14_29":268.6533790455063,"1977_9_14_7":7.800812085877229,"1977_9_23_145":319.7046730284947,"1977_9_25_145":627.2780166701156,"1977_9_2_13":1.0426931726929396,"1977_9_2_9":1.2917713469268457,"1977_9_32_145":42.619986941047934,"1977_9_3_137":4.09865021620467,"1977_9_3_142":4.098643894881227,"1977_9_3_48":4.0986256917821935,"1977_9_4_70":8.274445900403718,"1977_9_6_137":1.3728142174830584,"1977_9_6_142":1.3728081437437414,"1977_9_6_48":1.3727873127964567,"1977_9_8_142":2.5568831354546537,"1977_9_9_142":2.7225325634820656}