{"1970_9_10_137":1.4141853434205642,"1970_9_10_48":1.4141580118320445,"1970_9_13_13":27.63255157470703,"1970_9_14_29":174.70082050376192,"1970_9_14_7":29.920537722659468,"1970_9_23_145":333.8881769025709,"1970_9_25_145":743.3891025963633,"1970_9_2_13":12.734788696411957,"1970_9_2_9":18.269034335263,"1970_9_32_145":47.70155339618063,"1970_9_3_137":61.345620158964465,"1970_9_3_142":61.34561436994928,"1970_9_3_48":61.345622764465816,"1970_9_4_70":123.84586049477052,"1970_9_6_137":20.5473200217442,"1970_9_6_142":20.547314439142866,"1970_9_6_48":20.547312379998477,"1970_9_7_48":3.6259730871970657,"1970_9_8_142":38.26964315162706,"1970_9_9_142":40.74894106507699,"1970_9_9_70":40.748848777817145,"1971_9_10_137":14.84578589384435,"1971_9_10_70":14.84578421219806,"1971_9_13_13":246.56895497551537,"1971_9_13_9":212.16144347759266,"1971_9_14_29":2406.1721059383603,"1971_9_14_7":236.6092307384176,"1971_9_18_67":6.855529739293888,"1971_9_23_145":941.1619911882374,"1971_9_25_145":3852.8772326054595,"1971_9_2_13":129.66385242513294,"1971_9_2_9":220.0495679280585,"1971_9_32_145":207.3722840400213,"1971_9_3_137":643.990420014771,"1971_9_3_142":643.9904125308259,"1971_9_3_48":643.9904228373913,"1971_9_4_70":1300.101570108501,"1971_9_6_137":215.70043777461996,"1971_9_6_142":215.70043059034688,"1971_9_6_48":215.7004405712198,"1971_9_7_48":38.06478011810325,"1971_9_8_142":401.7447775487385,"1971_9_9_142":427.7718480407549,"1972_9_10_137":14.8370685359851,"1972_9_10_48":14.837057363041684,"1972_9_13_13":287.4283470947855,"1972_9_13_9":310.73588675691497,"1972_9_14_29":3363.392343407916,"1972_9_14_7":298.05897531510226,"1972_9_18_67":8.335050595181771,"1972_9_23_145":1000.7434748564837,"1972_9_25_145":3944.474646072099,"1972_9_2_13":38.89433260831978,"1972_9_2_70":1640.7618416545606,"1972_9_2_9":257.7171618283643,"1972_9_31_145":2.906868351149822,"1972_9_32_145":211.17080744252064,"1972_9_3_137":643.6123082319514,"1972_9_3_142":643.6123041949055,"1972_9_3_48":643.6123105540964,"1972_9_4_48":1299.3383910955074,"1972_9_6_137":215.5738060709032,"1972_9_6_142":215.573802148052,"1972_9_6_48":215.5738083632124,"1972_9_7_48":38.042433285178184,"1972_9_7_70":38.042360649424815,"1972_9_8_142":401.50893673908746,"1972_9_8_70":401.5089226117452,"1972_9_9_142":427.5206876249142,"1972_9_9_70":427.5206839077046,"1973_9_13_13":9.145423385783872,"1973_9_13_9":4.724782806068978,"1973_9_14_29":80.15352335592264,"1973_9_14_7":5.06247446040003,"1973_9_23_145":29.372157037631144,"1973_9_25_145":132.83865958365706,"1973_9_2_13":6.325731345209005,"1973_9_2_9":4.224424633635571,"1973_9_32_145":6.8714014965345545,"1973_9_3_137":25.095077996298148,"1973_9_3_142":25.095071801863178,"1973_9_3_48":25.095073629329733,"1973_9_4_70":50.662483150875815,"1973_9_6_137":8.405433073485714,"1973_9_6_142":8.405427088417671,"1973_9_6_48":8.405413214959157,"1973_9_7_48":1.4832843474017767,"1973_9_8_142":15.655223635185411,"1973_9_9_142":16.669450551684978,"1974_9_10_137":32.817273661785194,"1974_9_10_70":32.81726996981081,"1974_9_13_13":395.89301757812495,"1974_9_13_9":395.89301757812495,"1974_9_14_29":3900.833487982205,"1974_9_14_7":496.58045196934086,"1974_9_18_67":13.295742991720283,"1974_9_23_145":2289.6645692642987,"1974_9_25_145":5927.910700655594,"1974_9_2_13":181.84104569254086,"1974_9_2_9":445.1688646747525,"1974_9_32_145":359.8271810110181,"1974_9_3_137":1423.5695917641544,"1974_9_3_142":1423.5695885512534,"1974_9_3_70":1423.5695888122502,"1974_9_4_70":2873.9326355155404,"1974_9_6_137":476.81546246210604,"1974_9_6_142":476.81545933383126,"1974_9_6_70":476.815459718201,"1974_9_7_70":84.14390251051871,"1974_9_8_142":888.0747659735069,"1974_9_9_142":945.6087650034118,"1975_9_10_137":5.717474995775011,"1975_9_10_70":5.71747284612787,"1975_9_13_13":35.919860656909954,"1975_9_13_9":59.10277108756064,"1975_9_14_29":506.64892143224364,"1975_9_14_7":64.01025912620787,"1975_9_18_67":1.9476709339468259,"1975_9_23_145":715.2339489544867,"1975_9_25_145":2509.09108642512,"1975_9_2_13":76.84762343880165,"1975_9_2_9":65.73448334700606,"1975_9_32_145":162.2601008027424,"1975_9_3_137":248.016525468416,"1975_9_3_142":248.01652281542806,"1975_9_3_70":248.01652370668603,"1975_9_4_70":500.7010788679762,"1975_9_6_137":83.07153814003252,"1975_9_6_142":83.07153216631905,"1975_9_6_48":46.53979480331606,"1975_9_6_70":83.0715062454865,"1975_9_7_48":14.659666551675567,"1975_9_8_142":154.72177925859316,"1975_9_9_142":164.74544706647433,"1976_9_10_137":2.960987806445365,"1976_9_10_48":2.960962216309917,"1976_9_13_9":64.82942149982189,"1976_9_14_29":923.0414818736717,"1976_9_14_7":68.64733753988322,"1976_9_18_67":1.9463039784573997,"1976_9_23_145":352.29821145704386,"1976_9_25_145":1211.2318201540886,"1976_9_2_13":55.860783879209485,"1976_9_32_145":64.98999468260787,"1976_9_3_137":128.44383025343032,"1976_9_3_142":128.44382461039802,"1976_9_3_48":128.443832877413,"1976_9_4_70":259.3051743961381,"1976_9_6_137":43.02143565708232,"1976_9_6_142":43.02143020457553,"1976_9_6_48":43.02143795007713,"1976_9_7_48":7.59199758728761,"1976_9_8_142":80.1279620127192,"1976_9_9_142":85.31905205698686,"1976_9_9_70":85.31899377755583,"1977_9_13_13":27.402589237567692,"1977_9_13_9":1.6126687152937822,"1977_9_14_29":268.65338585277283,"1977_9_14_7":7.800812085877229,"1977_9_23_145":319.7046747757345,"1977_9_25_145":627.2780173261792,"1977_9_2_13":1.0426931726929396,"1977_9_2_70":10.157740620671698,"1977_9_2_9":1.2917713469268457,"1977_9_32_145":42.61998750308085,"1977_9_3_137":4.098650755293945,"1977_9_3_142":4.098646205258912,"1977_9_3_48":4.098628852633749,"1977_9_4_48":8.274425959655355,"1977_9_6_137":1.3728147430683557,"1977_9_6_142":1.372810344692963,"1977_9_6_48":1.3727904250380496,"1977_9_8_142":2.5568802756669555,"1977_9_8_70":2.5568290402020795,"1977_9_9_142":2.7225303568894192,"1977_9_9_70":2.72252201760242}