{"1970_9_10_137":1.4141866536152632,"1970_9_10_70":1.4141846688366277,"1970_9_13_13":27.63255157470703,"1970_9_14_29":174.70081241572564,"1970_9_14_7":29.920537722659468,"1970_9_23_145":333.88817517533033,"1970_9_25_145":743.3891020176006,"1970_9_2_13":12.734788696411957,"1970_9_2_9":18.269034335263,"1970_9_32_145":47.70155284198816,"1970_9_3_137":61.34562138756215,"1970_9_3_142":61.34561880798687,"1970_9_3_70":61.34561975299371,"1970_9_4_70":123.84585849811016,"1970_9_6_137":20.547319421240427,"1970_9_6_142":20.547311464563688,"1970_9_6_48":20.547309096960166,"1970_9_7_48":3.625970083255243,"1970_9_8_142":38.26964137599944,"1970_9_9_142":40.74894411587925,"1971_9_10_137":14.84578555881591,"1971_9_10_70":14.845782362225627,"1971_9_13_13":246.56895497551537,"1971_9_13_9":212.16144347759266,"1971_9_14_29":2406.172095813424,"1971_9_14_7":236.6092307384176,"1971_9_18_67":6.855529702871673,"1971_9_23_145":941.1619903275965,"1971_9_25_145":3852.877232280657,"1971_9_2_13":129.66385242513294,"1971_9_2_9":220.0495679280585,"1971_9_32_145":207.3722837196833,"1971_9_3_137":643.9904214420766,"1971_9_3_142":643.990418384663,"1971_9_3_70":643.9904188639227,"1971_9_4_70":1300.1015664431688,"1971_9_6_137":215.70043916932534,"1971_9_6_142":215.70043619147873,"1971_9_6_70":215.70043676863477,"1971_9_7_48":38.064779206533764,"1971_9_8_142":401.7447751661305,"1971_9_9_142":427.7718462257385,"1972_9_10_137":14.837068030250343,"1972_9_10_48":14.837054388822386,"1972_9_13_13":287.4283470947855,"1972_9_13_9":310.73588675691497,"1972_9_14_29":3363.392338445574,"1972_9_14_7":298.05897531510226,"1972_9_18_67":8.335050576769712,"1972_9_23_145":1000.7434742410724,"1972_9_25_145":3944.474645794754,"1972_9_2_13":38.89433260831978,"1972_9_2_70":1471.8590966537326,"1972_9_2_9":257.7171618283643,"1972_9_31_145":2.906867041319692,"1972_9_32_145":211.17080720411903,"1972_9_3_137":643.6123077591807,"1972_9_3_142":643.6123023308849,"1972_9_3_48":643.6123103574869,"1972_9_4_48":1299.338390702746,"1972_9_6_137":215.5738056083593,"1972_9_6_142":215.57380035708582,"1972_9_6_48":215.57380817560062,"1972_9_7_48":38.042434044263594,"1972_9_8_142":401.5089392116977,"1972_9_9_142":427.52068544881877,"1972_9_9_70":427.52065018487474,"1973_9_13_13":9.145423385783872,"1973_9_13_9":4.724782806068978,"1973_9_14_29":80.15351459147254,"1973_9_14_7":5.06247446040003,"1973_9_23_145":29.372155001286174,"1973_9_25_145":132.83865812689342,"1973_9_2_13":6.325731345209005,"1973_9_2_9":4.224424633635571,"1973_9_32_145":6.871400916876134,"1973_9_3_137":25.095079275812267,"1973_9_3_142":25.095076575471847,"1973_9_3_70":25.095077428875964,"1973_9_4_70":50.66248083275192,"1973_9_6_137":8.405434326995495,"1973_9_6_142":8.405431688461888,"1973_9_6_70":8.405432590767692,"1973_9_7_48":1.4832812583503063,"1973_9_8_142":15.655221717170225,"1973_9_9_142":16.669449053464053,"1974_9_10_137":32.81727323996204,"1974_9_10_70":32.81726452649317,"1974_9_13_13":395.89301757812495,"1974_9_13_9":395.89301757812495,"1974_9_14_29":3900.8334725640116,"1974_9_14_7":496.58045196934086,"1974_9_18_67":13.295742940969214,"1974_9_23_145":2289.6645687584924,"1974_9_25_145":5927.910700339737,"1974_9_2_13":181.84104569254086,"1974_9_2_9":445.1688646747525,"1974_9_32_145":359.8271808067415,"1974_9_3_137":1423.5695913680531,"1974_9_3_142":1423.5695871876735,"1974_9_3_70":1423.5695849727317,"1974_9_4_70":2873.93261143653,"1974_9_6_137":476.81546207427726,"1974_9_6_142":476.81545801815093,"1974_9_6_70":476.81545626392807,"1974_9_7_70":84.14390062905017,"1974_9_8_142":888.0747616291584,"1974_9_9_142":945.6087619622982,"1975_9_10_137":5.717474634920689,"1975_9_10_70":5.7174703582232524,"1975_9_13_13":35.919860656909954,"1975_9_13_9":59.10277108756064,"1975_9_14_29":506.64891000037215,"1975_9_14_7":64.01025912620787,"1975_9_18_67":1.9476708915418242,"1975_9_23_145":715.2339479507372,"1975_9_25_145":2509.0910860977688,"1975_9_2_13":76.84762343880165,"1975_9_2_9":65.73448334700606,"1975_9_32_145":162.2601004392274,"1975_9_3_137":248.01652512859795,"1975_9_3_142":248.01652175686877,"1975_9_3_70":248.01652175442374,"1975_9_4_70":500.70107320318823,"1975_9_6_137":83.07153909089887,"1975_9_6_142":83.07153582748055,"1975_9_6_70":83.07153600934929,"1975_9_7_70":14.659680103684885,"1975_9_8_142":154.72177640839462,"1975_9_9_142":164.74544494422875,"1976_9_10_137":2.9609890957766285,"1976_9_10_70":2.960987205407906,"1976_9_13_9":64.82942149982189,"1976_9_14_29":923.0414743664592,"1976_9_14_7":68.64733753988322,"1976_9_18_67":1.9463039443234413,"1976_9_23_145":352.298209741002,"1976_9_25_145":1211.231819727622,"1976_9_2_13":55.860783879209485,"1976_9_32_145":64.98999413711823,"1976_9_3_137":128.44382964829373,"1976_9_3_142":128.44382158763955,"1976_9_3_48":128.443832488225,"1976_9_4_70":259.30517250722204,"1976_9_6_137":43.02143506663456,"1976_9_6_142":43.02142733245678,"1976_9_6_48":43.02143740074611,"1976_9_7_48":7.5919946145431485,"1976_9_8_142":80.12796028826916,"1976_9_9_142":85.31905501015866,"1977_9_13_13":27.402589237567692,"1977_9_13_9":1.6126687152937822,"1977_9_14_29":268.65337933487933,"1977_9_14_7":7.800812085877229,"1977_9_23_145":319.7046730965166,"1977_9_25_145":627.2780166962256,"1977_9_2_13":1.0426931726929396,"1977_9_2_9":1.2917713469268457,"1977_9_32_145":42.61998696249663,"1977_9_3_137":4.098650238017201,"1977_9_3_142":4.098643998072692,"1977_9_3_48":4.098625814748152,"1977_9_4_70":8.274445961890402,"1977_9_6_137":1.37281423872571,"1977_9_6_142":1.3728082415891925,"1977_9_6_48":1.3727874336185664,"1977_9_8_142":2.5568831958403293,"1977_9_9_142":2.7225326115004167}