{"1970_9_10_137":1.4141856948917741,"1970_9_10_48":1.4141600308243933,"1970_9_13_13":27.63255157470703,"1970_9_14_29":174.70082444710965,"1970_9_14_7":29.920537722659468,"1970_9_23_145":333.8881778840492,"1970_9_25_145":743.3891029167851,"1970_9_2_13":12.734788696411957,"1970_9_2_70":155.9601855114282,"1970_9_2_9":18.269034335263,"1970_9_32_145":47.70155372274253,"1970_9_3_137":61.34562048673583,"1970_9_3_142":61.34561575024523,"1970_9_3_48":61.34562292756664,"1970_9_4_48":123.84586357811054,"1970_9_6_137":20.547320341767975,"1970_9_6_142":20.547315758377028,"1970_9_6_48":20.547314217223917,"1970_9_7_48":3.6259748270192502,"1970_9_8_142":38.26963949802413,"1970_9_8_70":38.269522711873655,"1970_9_9_142":40.748942694547075,"1970_9_9_70":40.748931678762325,"1971_9_10_137":14.84578444621611,"1971_9_10_48":14.845770043025835,"1971_9_13_13":246.56895497551537,"1971_9_13_9":212.16144347759266,"1971_9_14_29":2406.1721107361004,"1971_9_14_7":236.6092307384176,"1971_9_18_67":6.85552975630807,"1971_9_23_145":941.1619916589975,"1971_9_25_145":3852.877232796768,"1971_9_2_13":129.66385242513294,"1971_9_2_9":220.0495679280585,"1971_9_32_145":207.37228421718214,"1971_9_3_137":643.9904204005678,"1971_9_3_142":643.9904144389883,"1971_9_3_48":643.9904230754943,"1971_9_4_70":1300.1015712877297,"1971_9_6_137":215.70043815081712,"1971_9_6_142":215.70043240185038,"1971_9_6_48":215.7004407940595,"1971_9_7_48":38.06478043668488,"1971_9_8_142":401.744778642866,"1971_9_9_142":427.771844298432,"1971_9_9_70":427.771621109988,"1972_9_10_137":14.837068808781135,"1972_9_10_48":14.837059079888325,"1972_9_13_13":287.4283470947855,"1972_9_13_9":310.73588675691497,"1972_9_14_29":3363.3923459564717,"1972_9_14_7":298.05897531510226,"1972_9_18_67":8.335050604308394,"1972_9_23_145":1000.743475198116,"1972_9_25_145":3944.4746462357907,"1972_9_2_13":38.89433260831978,"1972_9_2_70":1640.7618480219162,"1972_9_2_9":257.7171618283643,"1972_9_31_145":2.9068691233680766,"1972_9_32_145":211.1708075746991,"1972_9_3_137":643.6123084680404,"1972_9_3_142":643.6123050143078,"1972_9_3_48":643.6123106336479,"1972_9_3_70":15.968083042530822,"1972_9_4_48":1299.3383912415982,"1972_9_6_137":215.57380519343255,"1972_9_6_142":215.57379845992378,"1972_9_6_48":215.57380795154504,"1972_9_6_70":215.57365390285588,"1972_9_7_48":38.04243372274947,"1972_9_7_70":38.04241679523652,"1972_9_8_142":401.5089380431891,"1972_9_8_70":401.5089341050679,"1972_9_9_142":427.52068863749923,"1972_9_9_70":427.5206877598494,"1973_9_13_13":9.145423385783872,"1973_9_13_9":4.724782806068978,"1973_9_14_29":80.15352758724023,"1973_9_14_7":5.06247446040003,"1973_9_23_145":29.372158230980453,"1973_9_25_145":132.8386604362882,"1973_9_2_13":6.325731345209005,"1973_9_2_70":65.90665695660437,"1973_9_2_9":4.224424633635571,"1973_9_32_145":6.871401839645328,"1973_9_3_137":25.09507833882177,"1973_9_3_142":25.095073304178424,"1973_9_3_48":25.095075413271488,"1973_9_4_48":50.66248629130021,"1973_9_6_137":8.405433408464749,"1973_9_6_142":8.405428527372267,"1973_9_6_48":8.405415172295989,"1973_9_7_48":1.483286129816873,"1973_9_8_142":15.655224543377875,"1973_9_9_142":16.66944751415181,"1973_9_9_70":16.6694300772635,"1974_9_10_137":32.81727389196316,"1974_9_10_70":32.81727150776596,"1974_9_13_13":395.89301757812495,"1974_9_13_9":395.89301757812495,"1974_9_14_29":3900.833494846612,"1974_9_14_7":496.58045196934086,"1974_9_18_67":13.29574301376172,"1974_9_23_145":2289.6645695535162,"1974_9_25_145":5927.910700842293,"1974_9_2_13":181.84104569254086,"1974_9_2_9":445.1688646747525,"1974_9_32_145":359.8271811260645,"1974_9_3_137":1423.5695919811044,"1974_9_3_142":1423.569589224775,"1974_9_3_70":1423.56959003009,"1974_9_4_70":2873.932638905786,"1974_9_6_137":476.8154626747841,"1974_9_6_142":476.81545998631464,"1974_9_6_70":476.8154608494488,"1974_9_7_48":84.14390549878163,"1974_9_8_142":888.0747677730956,"1974_9_9_142":945.6087663472119,"1975_9_10_137":5.717473423142544,"1975_9_10_48":5.717448966325545,"1975_9_13_13":35.919860656909954,"1975_9_13_9":59.10277108756064,"1975_9_14_29":506.6489267593424,"1975_9_14_7":64.01025912620787,"1975_9_18_67":1.947670953738423,"1975_9_23_145":715.2339495015116,"1975_9_25_145":2509.0910866167055,"1975_9_2_13":76.84762343880165,"1975_9_2_9":65.73448334700606,"1975_9_32_145":162.26010100478058,"1975_9_3_137":248.01652399777012,"1975_9_3_142":248.01651716072465,"1975_9_3_48":248.01652676638128,"1975_9_4_70":500.7010804458607,"1975_9_6_137":83.07153799057521,"1975_9_6_142":83.07153146173818,"1975_9_6_48":83.07154070950361,"1975_9_7_48":14.659668539998023,"1975_9_8_142":154.7217805315224,"1975_9_9_142":164.74544805751552,"1976_9_10_137":2.960988151831639,"1976_9_10_48":2.9609642130302745,"1976_9_13_9":64.82942149982189,"1976_9_14_29":923.0414855661256,"1976_9_14_7":68.64733753988322,"1976_9_18_67":1.9463039948507315,"1976_9_23_145":352.2982124288279,"1976_9_25_145":1211.2318203961336,"1976_9_2_13":55.860783879209485,"1976_9_2_70":335.4941133150868,"1976_9_32_145":64.98999500231275,"1976_9_3_137":128.44383057573972,"1976_9_3_142":128.44382594743502,"1976_9_3_48":128.44383302542462,"1976_9_4_48":259.30517741018326,"1976_9_6_137":43.02143597213803,"1976_9_6_142":43.021431485702806,"1976_9_6_48":43.02143815124403,"1976_9_7_48":7.591999310512961,"1976_9_8_142":80.12795847389545,"1976_9_8_70":80.12789008933304,"1976_9_9_142":85.31905363111457,"1976_9_9_70":85.31904426844112,"1977_9_13_13":27.402589237567692,"1977_9_13_9":1.6126687152937822,"1977_9_14_29":268.65338910963266,"1977_9_14_7":7.800812085877229,"1977_9_23_145":319.7046757314799,"1977_9_25_145":627.2780176732261,"1977_9_2_13":1.0426931726929396,"1977_9_2_70":10.157755650208296,"1977_9_2_9":1.2917713469268457,"1977_9_32_145":42.61998782192855,"1977_9_3_137":4.098651033889256,"1977_9_3_142":4.09864723021557,"1977_9_3_48":4.0986306094931315,"1977_9_4_48":8.274427995461165,"1977_9_6_137":1.3728150150858736,"1977_9_6_142":1.3728113277713707,"1977_9_6_48":1.3727921582006737,"1977_9_8_142":2.5568818311043082,"1977_9_8_70":2.5568729690423813,"1977_9_9_142":2.7225315400219303,"1977_9_9_70":2.722529116986232}