{"1970_9_10_137":1.4141857322141245,"1970_9_10_48":1.414160251745412,"1970_9_13_13":27.63255157470703,"1970_9_14_29":174.70082485338318,"1970_9_14_7":29.920537722659468,"1970_9_23_145":333.88817799098814,"1970_9_25_145":743.3891029513991,"1970_9_2_13":12.734788696411957,"1970_9_2_70":155.96019084142733,"1970_9_2_9":18.269034335263,"1970_9_32_145":47.7015537589284,"1970_9_3_137":61.34562052161926,"1970_9_3_142":61.345615887402744,"1970_9_3_48":61.345622942840556,"1970_9_4_48":123.84586360708262,"1970_9_6_137":20.54732037585197,"1970_9_6_142":20.547315889868337,"1970_9_6_48":20.54731441734493,"1970_9_7_48":3.625975019049825,"1970_9_8_142":38.269639713281315,"1970_9_8_70":38.26956953134395,"1970_9_9_142":40.74894285455821,"1970_9_9_70":40.748933403793885,"1971_9_10_137":14.84578449011183,"1971_9_10_48":14.84577028712494,"1971_9_13_13":246.56895497551537,"1971_9_13_9":212.16144347759266,"1971_9_14_29":2406.1721112253836,"1971_9_14_7":236.6092307384176,"1971_9_18_67":6.855529758030569,"1971_9_23_145":941.1619917095993,"1971_9_25_145":3852.8772328179743,"1971_9_2_13":129.66385242513294,"1971_9_2_9":220.0495679280585,"1971_9_32_145":207.37228423628252,"1971_9_3_137":643.9904204414088,"1971_9_3_142":643.9904146240832,"1971_9_3_48":643.9904230970078,"1971_9_4_48":1300.1015741745125,"1971_9_6_137":215.70043819067598,"1971_9_6_142":215.7004325782988,"1971_9_6_48":215.7004408143447,"1971_9_7_48":38.06478046579404,"1971_9_8_142":401.7447787532272,"1971_9_9_142":427.77184451974966,"1971_9_9_70":427.7717416722808,"1972_9_10_137":14.837068837970609,"1972_9_10_48":14.837059269041156,"1972_9_13_13":287.4283470947855,"1972_9_13_9":310.73588675691497,"1972_9_14_29":3363.3923462241196,"1972_9_14_7":298.05897531510226,"1972_9_18_67":8.335050605252063,"1972_9_23_145":1000.7434752350795,"1972_9_25_145":3944.4746462539497,"1972_9_2_13":38.89433260831978,"1972_9_2_70":1640.7618484485142,"1972_9_2_9":257.7171618283643,"1972_9_31_145":2.9068692089941277,"1972_9_32_145":211.17080758897438,"1972_9_3_137":643.6123073796816,"1972_9_3_142":643.6123005707371,"1972_9_3_48":643.6123101488596,"1972_9_3_70":643.61209022839,"1972_9_4_48":1299.3383912556853,"1972_9_6_137":215.5738052376772,"1972_9_6_142":215.5737986775394,"1972_9_6_48":215.57380797872526,"1972_9_6_70":215.57371819556684,"1972_9_7_48":38.04243376163672,"1972_9_7_70":38.042418299125494,"1972_9_8_142":401.5089381732722,"1972_9_8_70":401.50893475169914,"1972_9_9_142":427.5206887401063,"1972_9_9_70":427.5206880496324,"1973_9_13_13":9.145423385783872,"1973_9_13_9":4.724782806068978,"1973_9_14_29":80.15352802164078,"1973_9_14_7":5.06247446040003,"1973_9_23_145":29.37215836299356,"1973_9_25_145":132.83866053050136,"1973_9_2_13":6.325731345209005,"1973_9_2_70":65.90667270674672,"1973_9_2_9":4.224424633635571,"1973_9_32_145":6.871401877750986,"1973_9_3_137":25.095078375224634,"1973_9_3_142":25.095073452578994,"1973_9_3_48":25.095075602157433,"1973_9_4_48":50.66248633113661,"1973_9_6_137":8.405433444090871,"1973_9_6_142":8.40542866994726,"1973_9_6_48":8.405415386931834,"1973_9_7_48":1.4832863264281893,"1973_9_8_142":15.655221895772607,"1973_9_8_70":11.112344198968353,"1973_9_9_142":16.669447688295875,"1973_9_9_70":16.66943307581569,"1974_9_10_137":32.81727391670401,"1974_9_10_70":32.81727164246769,"1974_9_13_13":395.89301757812495,"1974_9_13_9":395.89301757812495,"1974_9_14_29":3900.8334955316977,"1974_9_14_7":496.58045196934086,"1974_9_18_67":13.295743015933681,"1974_9_23_145":2289.6645695852303,"1974_9_25_145":5927.910700863018,"1974_9_2_13":181.84104569254086,"1974_9_2_9":445.1688646747525,"1974_9_32_145":359.82718113858226,"1974_9_3_137":1423.5695920044573,"1974_9_3_142":1423.569589294495,"1974_9_3_70":1423.5695901398954,"1974_9_4_70":2873.9326391673726,"1974_9_6_137":476.8154626976882,"1974_9_6_142":476.8154600539561,"1974_9_6_70":476.8154609523173,"1974_9_7_48":84.14390552671132,"1974_9_8_142":888.0747679484742,"1974_9_9_142":945.6087664809863,"1975_9_10_137":5.717473471347574,"1975_9_10_48":5.717449229226561,"1975_9_13_13":35.919860656909954,"1975_9_13_9":59.10277108756064,"1975_9_14_29":506.6489272994167,"1975_9_14_7":64.01025912620787,"1975_9_18_67":1.9476709557455805,"1975_9_23_145":715.233949560165,"1975_9_25_145":2509.091086637892,"1975_9_2_13":76.84762343880165,"1975_9_2_9":65.73448334700606,"1975_9_32_145":162.26010102658887,"1975_9_3_137":248.0165240424537,"1975_9_3_142":248.01651738283837,"1975_9_3_48":248.0165267943186,"1975_9_4_70":500.70108058359125,"1975_9_6_137":83.07153803394137,"1975_9_6_142":83.07153167056143,"1975_9_6_48":83.0715407360294,"1975_9_7_48":14.659668757423352,"1975_9_8_142":154.721780658699,"1975_9_9_142":164.74544815806436,"1976_9_10_137":2.960988188528751,"1976_9_10_48":2.9609644317111403,"1976_9_13_9":64.82942149982189,"1976_9_14_29":923.0414859477638,"1976_9_14_7":68.64733753988322,"1976_9_18_67":1.9463039965301312,"1976_9_23_145":352.2982125345442,"1976_9_25_145":1211.231820422572,"1976_9_2_13":55.860783879209485,"1976_9_2_70":335.4941172155888,"1976_9_32_145":64.98999503764311,"1976_9_3_137":128.4438306100597,"1976_9_3_142":128.4438260805813,"1976_9_3_48":128.44383303946955,"1976_9_4_48":259.3051774372238,"1976_9_6_137":43.021436005708956,"1976_9_6_142":43.02143161364443,"1976_9_6_48":43.021438170104005,"1976_9_7_48":7.591999500740236,"1976_9_8_142":80.12795868137538,"1976_9_8_70":80.12791098679313,"1976_9_9_142":85.3190537860851,"1976_9_9_70":85.31904571009146,"1977_9_13_13":27.402589237567692,"1977_9_13_9":1.6126687152937822,"1977_9_14_29":268.65338944819877,"1977_9_14_7":7.800812085877229,"1977_9_23_145":319.7046758356895,"1977_9_25_145":627.2780177106237,"1977_9_2_13":1.0426931726929396,"1977_9_2_70":10.157756418792411,"1977_9_2_9":1.2917713469268457,"1977_9_32_145":42.61998785727636,"1977_9_3_137":4.098651063681183,"1977_9_3_142":4.098647333998891,"1977_9_3_48":4.098630803337449,"1977_9_4_48":8.274428217969854,"1977_9_6_137":1.3728150442549258,"1977_9_6_142":1.37281142776527,"1977_9_6_48":1.3727923499420656,"1977_9_8_142":2.556881984378237,"1977_9_8_70":2.5568743285973086,"1977_9_9_142":2.722531658786873,"1977_9_9_70":2.72252957912656}