{"1970_9_13_13":27.63255157470703,"1970_9_14_7":29.920537722659468,"1970_9_25_145":743.3870710372954,"1970_9_2_13":12.734788696411957,"1970_9_2_9":18.269034335263,"1970_9_32_145":47.70148864717232,"1971_9_13_13":246.56895497551537,"1971_9_13_9":212.16144347759266,"1971_9_14_7":236.6092307384176,"1971_9_25_145":2303.9282429838163,"1971_9_2_13":129.66385242513294,"1971_9_2_9":220.0495679280585,"1971_9_32_145":207.37221999940277,"1972_9_13_13":287.4283470947855,"1972_9_13_9":310.73588675691497,"1972_9_14_7":298.05897531510226,"1972_9_25_145":3944.474385380215,"1972_9_2_13":38.89433260831978,"1972_9_2_9":257.7171618283643,"1972_9_31_145":2.9064793745033595,"1972_9_32_145":211.17075454732384,"1973_9_13_13":9.145423385783872,"1973_9_13_9":4.724782806068978,"1973_9_14_7":5.06247446040003,"1973_9_25_145":132.63121671017103,"1973_9_2_13":6.325731345209005,"1973_9_2_9":4.224424633635571,"1973_9_32_145":6.871334907200633,"1974_9_13_13":395.89301757812495,"1974_9_13_9":395.89301757812495,"1974_9_14_7":496.58045196934086,"1974_9_25_145":5927.797796015942,"1974_9_2_13":181.84104569254086,"1974_9_2_9":445.1688646747525,"1974_9_32_145":359.82712155887975,"1975_9_13_13":35.919860656909954,"1975_9_13_9":59.10277108756064,"1975_9_14_7":64.01025912620787,"1975_9_25_145":2509.0899601286965,"1975_9_2_13":76.84762343880165,"1975_9_2_9":65.73448334700606,"1975_9_32_145":162.26003903322297,"1976_9_13_9":64.82942149982189,"1976_9_14_7":68.64733753988322,"1976_9_25_145":1211.228577256645,"1976_9_2_13":55.860783879209485,"1976_9_32_145":64.98992938597335,"1977_9_13_13":27.402589237567692,"1977_9_13_9":1.6126687152937822,"1977_9_14_7":7.800812085877229,"1977_9_25_145":627.2771125231077,"1977_9_2_13":1.0426931726929396,"1977_9_2_9":1.2917713469268457,"1977_9_32_145":42.6199248771576}