{"1970_9_13_13":27.63255157470703,"1970_9_14_7":29.920537722659468,"1970_9_25_145":743.3889451570365,"1970_9_2_13":12.734788696411957,"1970_9_2_9":18.269034335263,"1970_9_32_145":47.70152108743682,"1970_9_3_137":5.346450854102639,"1970_9_6_137":20.546717102469426,"1971_9_13_13":246.56895497551537,"1971_9_13_9":212.16144347759266,"1971_9_14_7":236.6092307384176,"1971_9_25_145":3852.877106752894,"1971_9_2_13":129.66385242513294,"1971_9_2_9":220.0495679280585,"1971_9_32_145":207.3722533697025,"1972_9_13_13":287.4283470947855,"1972_9_13_9":310.73588675691497,"1972_9_14_7":298.05897531510226,"1972_9_23_145":1000.7427044459868,"1972_9_25_145":3944.474593948532,"1972_9_2_13":38.89433260831978,"1972_9_2_9":257.7171618283643,"1972_9_31_145":2.9067543834024483,"1972_9_32_145":211.1707823563575,"1972_9_3_137":643.6122577088928,"1972_9_6_137":215.5737600440433,"1973_9_13_13":9.145423385783872,"1973_9_13_9":4.724782806068978,"1973_9_14_7":5.06247446040003,"1973_9_25_145":132.83847258761344,"1973_9_2_13":6.325731345209005,"1973_9_2_9":4.224424633635571,"1973_9_32_145":6.871368258318684,"1974_9_13_13":395.89301757812495,"1974_9_13_9":395.89301757812495,"1974_9_14_7":496.58045196934086,"1974_9_25_145":5927.910591447673,"1974_9_2_13":181.84104569254086,"1974_9_2_9":445.1688646747525,"1974_9_32_145":359.8271544572763,"1975_9_13_13":35.919860656909954,"1975_9_13_9":59.10277108756064,"1975_9_14_7":64.01025912620787,"1975_9_25_145":2509.0909760260715,"1975_9_2_13":76.84762343880165,"1975_9_2_9":65.73448334700606,"1975_9_32_145":162.2600707320406,"1976_9_13_9":64.82942149982189,"1976_9_14_7":68.64733753988322,"1976_9_25_145":1211.2316657680087,"1976_9_2_13":55.860783879209485,"1976_9_32_145":64.98996216338381,"1976_9_3_137":128.4429681131683,"1976_9_6_137":43.02107494748278,"1977_9_13_13":27.402589237567692,"1977_9_13_9":1.6126687152937822,"1977_9_14_7":7.800812085877229,"1977_9_25_145":627.2778776388237,"1977_9_2_13":1.0426931726929396,"1977_9_2_9":1.2917713469268457,"1977_9_32_145":42.61995620236005,"1977_9_3_137":4.098569751245066,"1977_9_6_137":1.3727450797983372}