{"1970_9_13_13":27.63255157470703,"1970_9_14_7":29.920537722659468,"1970_9_23_145":333.88710716436503,"1970_9_25_145":743.3890273459031,"1970_9_2_13":12.734788696411957,"1970_9_2_9":18.269034335263,"1970_9_32_145":47.70153223358827,"1970_9_3_137":61.34557844913798,"1970_9_6_137":20.547282510963278,"1971_9_13_13":246.56895497551537,"1971_9_13_9":212.16144347759266,"1971_9_14_7":236.6092307384176,"1971_9_25_145":3852.8771860765182,"1971_9_2_13":129.66385242513294,"1971_9_2_9":220.0495679280585,"1971_9_32_145":207.3722647138805,"1971_9_3_137":643.9902923802789,"1971_9_6_137":215.70033875373176,"1972_9_10_137":14.83701322839432,"1972_9_13_13":287.4283470947855,"1972_9_13_9":310.73588675691497,"1972_9_14_7":298.05897531510226,"1972_9_23_145":1000.7433215591215,"1972_9_25_145":3944.4746214038732,"1972_9_2_13":38.89433260831978,"1972_9_2_9":257.7171618283643,"1972_9_31_145":2.906802640791352,"1972_9_32_145":211.17079183944156,"1972_9_3_137":643.6122904107627,"1972_9_6_137":215.57378919772356,"1973_9_13_13":9.145423385783872,"1973_9_13_9":4.724782806068978,"1973_9_14_7":5.06247446040003,"1973_9_25_145":132.83856814264016,"1973_9_2_13":6.325731345209005,"1973_9_2_9":4.224424633635571,"1973_9_32_145":6.871379705154704,"1973_9_3_137":25.095026062124912,"1973_9_6_137":8.40538679282933,"1974_9_13_13":395.89301757812495,"1974_9_13_9":395.89301757812495,"1974_9_14_7":496.58045196934086,"1974_9_23_145":1211.0867034557705,"1974_9_25_145":5927.910659232216,"1974_9_2_13":181.84104569254086,"1974_9_2_9":445.1688646747525,"1974_9_32_145":359.827165341204,"1975_9_13_13":35.919860656909954,"1975_9_13_9":59.10277108756064,"1975_9_14_7":64.01025912620787,"1975_9_23_145":715.2333487092803,"1975_9_25_145":2509.0910415014696,"1975_9_2_13":76.84762343880165,"1975_9_2_9":65.73448334700606,"1975_9_32_145":162.26008157526965,"1975_9_3_137":248.0089225023503,"1975_9_6_137":83.07115052130911,"1976_9_13_9":64.82942149982189,"1976_9_14_7":68.64733753988322,"1976_9_23_145":352.2964760139133,"1976_9_25_145":1211.2317521816688,"1976_9_2_13":55.860783879209485,"1976_9_32_145":64.9899734153544,"1976_9_3_137":128.4437915712231,"1976_9_6_137":43.02140052210469,"1977_9_13_13":27.402589237567692,"1977_9_13_9":1.6126687152937822,"1977_9_14_7":7.800812085877229,"1977_9_23_145":319.70420767171714,"1977_9_25_145":627.277946600467,"1977_9_2_13":1.0426931726929396,"1977_9_2_9":1.2917713469268457,"1977_9_32_145":42.61996698469219,"1977_9_3_137":4.098628024095235,"1977_9_6_137":1.3727935850053505}