{"1970_9_10_137":1.4140855833778787,"1970_9_13_13":27.63255157470703,"1970_9_14_7":29.920537722659468,"1970_9_23_145":333.88793521626604,"1970_9_25_145":743.3890443141096,"1970_9_2_13":12.734788696411957,"1970_9_2_9":18.269034335263,"1970_9_32_145":47.70153435676012,"1970_9_3_137":61.345598163122496,"1970_9_6_137":20.547299486905548,"1971_9_13_13":246.56895497551537,"1971_9_13_9":212.16144347759266,"1971_9_14_7":236.6092307384176,"1971_9_23_145":941.1616857806683,"1971_9_25_145":3852.877200140638,"1971_9_2_13":129.66385242513294,"1971_9_2_9":220.0495679280585,"1971_9_32_145":207.3722668586086,"1971_9_3_137":643.9903815572561,"1971_9_6_137":215.7004029857519,"1972_9_10_137":14.837042104527912,"1972_9_13_13":287.4283470947855,"1972_9_13_9":310.73588675691497,"1972_9_14_7":298.05897531510226,"1972_9_23_145":1000.7433777747117,"1972_9_25_145":3944.4746270834767,"1972_9_2_13":38.89433260831978,"1972_9_2_9":257.7171618283643,"1972_9_31_145":2.906815786597117,"1972_9_32_145":211.17079360309444,"1972_9_3_137":643.6122962967685,"1972_9_6_137":215.57379464556405,"1973_9_13_13":9.145423385783872,"1973_9_13_9":4.724782806068978,"1973_9_14_7":5.06247446040003,"1973_9_23_145":29.3718582390087,"1973_9_25_145":132.83858711205895,"1973_9_2_13":6.325731345209005,"1973_9_2_9":4.224424633635571,"1973_9_32_145":6.871381958211168,"1973_9_3_137":25.09505287310966,"1973_9_6_137":8.405409776921717,"1974_9_13_13":395.89301757812495,"1974_9_13_9":395.89301757812495,"1974_9_14_7":496.58045196934086,"1974_9_23_145":2289.664291387722,"1974_9_25_145":5927.910671413369,"1974_9_2_13":181.84104569254086,"1974_9_2_9":445.1688646747525,"1974_9_32_145":359.8271673337907,"1974_9_3_137":1179.636049765308,"1974_9_6_137":476.81497048464223,"1975_9_13_13":35.919860656909954,"1975_9_13_9":59.10277108756064,"1975_9_14_7":64.01025912620787,"1975_9_23_145":715.2337475483954,"1975_9_25_145":2509.091054053222,"1975_9_2_13":76.84762343880165,"1975_9_2_9":65.73448334700606,"1975_9_32_145":162.26008362641403,"1975_9_3_137":248.01646345618968,"1975_9_6_137":83.07148662316851,"1976_9_10_137":2.960902666266729,"1976_9_13_9":64.82942149982189,"1976_9_14_7":68.64733753988322,"1976_9_23_145":352.29794727858695,"1976_9_25_145":1211.231769699072,"1976_9_2_13":55.860783879209485,"1976_9_32_145":64.98997555931776,"1976_9_3_137":128.44380929495662,"1976_9_6_137":43.02141598844372,"1977_9_13_13":27.402589237567692,"1977_9_13_9":1.6126687152937822,"1977_9_14_7":7.800812085877229,"1977_9_23_145":319.70448676354,"1977_9_25_145":627.2779611637567,"1977_9_2_13":1.0426931726929396,"1977_9_2_9":1.2917713469268457,"1977_9_32_145":42.619969034449646,"1977_9_3_137":4.098636544663529,"1977_9_6_137":1.3728016921063146}