{"1970_9_10_137":1.4141769263328021,"1970_9_13_13":27.63255157470703,"1970_9_14_7":29.920537722659468,"1970_9_23_145":333.88809573628726,"1970_9_25_145":743.3890566680893,"1970_9_2_13":12.734788696411957,"1970_9_2_9":18.269034335263,"1970_9_32_145":47.70153192509691,"1970_9_3_137":61.3456123165946,"1970_9_3_142":61.34556988501568,"1970_9_6_137":20.547312365809773,"1970_9_6_142":20.547273046310316,"1971_9_10_137":14.845774027001598,"1971_9_13_13":246.56895497551537,"1971_9_13_9":212.16144347759266,"1971_9_14_7":236.6092307384176,"1971_9_23_145":941.1619198650953,"1971_9_25_145":3852.8772154852218,"1971_9_2_13":129.66385242513294,"1971_9_2_9":220.0495679280585,"1971_9_32_145":207.37226446919402,"1971_9_3_137":643.990410756657,"1971_9_3_142":643.9903311802007,"1971_9_6_137":215.70042875323523,"1971_9_6_142":215.7003577474989,"1972_9_10_137":14.837062005490438,"1972_9_13_13":287.4283470947855,"1972_9_13_9":310.73588675691497,"1972_9_14_7":298.05897531510226,"1972_9_23_145":1000.7434219323317,"1972_9_25_145":3944.47463297599,"1972_9_2_13":38.89433260831978,"1972_9_2_9":257.7171618283643,"1972_9_31_145":2.906816962169251,"1972_9_32_145":211.17079143053556,"1972_9_3_137":643.6123020942682,"1972_9_3_142":643.6122805271742,"1972_9_6_137":215.57380005529922,"1972_9_6_142":215.57377949912882,"1973_9_13_13":9.145423385783872,"1973_9_13_9":4.724782806068978,"1973_9_14_7":5.06247446040003,"1973_9_23_145":29.372071487488004,"1973_9_25_145":132.8386003653033,"1973_9_2_13":6.325731345209005,"1973_9_2_9":4.224424633635571,"1973_9_32_145":6.871379429419915,"1973_9_3_137":25.095069797292616,"1973_9_3_142":25.095020558270452,"1973_9_6_137":8.405425057056144,"1973_9_6_142":8.405379455272671,"1974_9_10_137":32.81725732773343,"1974_9_13_13":395.89301757812495,"1974_9_13_9":395.89301757812495,"1974_9_14_7":496.58045196934086,"1974_9_23_145":2289.664524601702,"1974_9_25_145":5927.910685785743,"1974_9_2_13":181.84104569254086,"1974_9_2_9":445.1688646747525,"1974_9_32_145":359.82716515883266,"1974_9_3_137":1423.5695809289964,"1974_9_6_137":476.8154484106987,"1974_9_6_142":435.3130472683448,"1975_9_10_137":5.717461885258117,"1975_9_13_13":35.919860656909954,"1975_9_13_9":59.10277108756064,"1975_9_14_7":64.01025912620787,"1975_9_23_145":715.2338773472742,"1975_9_25_145":2509.091066492835,"1975_9_2_13":76.84762343880165,"1975_9_2_9":65.73448334700606,"1975_9_32_145":162.26008125702683,"1975_9_3_137":248.01651337636895,"1975_9_3_142":248.0163798309815,"1975_9_6_137":83.07152770685487,"1975_9_6_142":83.07141768944736,"1976_9_10_137":2.960979537668087,"1976_9_13_9":64.82942149982189,"1976_9_14_7":68.64733753988322,"1976_9_23_145":352.2981294797909,"1976_9_25_145":1211.231784000512,"1976_9_2_13":55.860783879209485,"1976_9_32_145":64.98997312042133,"1976_9_3_137":128.44382254256698,"1976_9_3_142":128.443782334613,"1976_9_6_137":43.021428120447354,"1976_9_6_142":43.02139065383153,"1977_9_13_13":27.402589237567692,"1977_9_13_9":1.6126687152937822,"1977_9_14_7":7.800812085877229,"1977_9_23_145":319.70459680682876,"1977_9_25_145":627.2779706894482,"1977_9_2_13":1.0426931726929396,"1977_9_2_9":1.2917713469268457,"1977_9_32_145":42.61996663737376,"1977_9_3_137":4.098644087358366,"1977_9_3_142":4.098617536231129,"1977_9_6_137":1.3728082286540306,"1977_9_6_142":1.3727832289601358}