{"1970_9_10_137":1.4141829840974782,"1970_9_13_13":27.63255157470703,"1970_9_14_29":174.69981590924755,"1970_9_14_7":29.920537722659468,"1970_9_23_145":333.8881355508577,"1970_9_25_145":743.3890815653264,"1970_9_2_13":12.734788696411957,"1970_9_2_9":18.269034335263,"1970_9_32_145":47.701541413444424,"1970_9_3_137":61.34561790816141,"1970_9_3_142":61.34560906779508,"1970_9_6_137":20.547317807143376,"1970_9_6_142":20.547309259562972,"1970_9_8_142":38.26800438519969,"1970_9_9_142":40.7488245505535,"1971_9_10_137":14.845781395249336,"1971_9_13_13":246.56895497551537,"1971_9_13_9":212.16144347759266,"1971_9_14_7":236.6092307384176,"1971_9_23_145":941.1619597114176,"1971_9_25_145":3852.877224786393,"1971_9_2_13":129.66385242513294,"1971_9_2_9":220.0495679280585,"1971_9_32_145":207.3722739360409,"1971_9_3_137":643.9904175052826,"1971_9_3_142":643.9904063075085,"1971_9_6_137":215.70043530650025,"1971_9_6_142":215.70042451966034,"1971_9_9_142":44.95596119369361,"1972_9_10_137":14.837066551922371,"1972_9_13_13":287.4283470947855,"1972_9_13_9":310.73588675691497,"1972_9_14_29":3363.3921420571182,"1972_9_14_7":298.05897531510226,"1972_9_18_67":8.335049686552953,"1972_9_23_145":1000.7434520588436,"1972_9_25_145":3944.474639667174,"1972_9_2_13":38.89433260831978,"1972_9_2_9":257.7171618283643,"1972_9_31_145":2.906840333441477,"1972_9_32_145":211.1707994096231,"1972_9_3_137":643.6123063336081,"1972_9_3_142":643.6123000217322,"1972_9_6_137":215.57380419979168,"1972_9_6_142":215.57379805630384,"1972_9_7_70":38.04239445072102,"1972_9_8_142":401.50887392191294,"1972_9_9_142":427.5206499034248,"1973_9_13_13":9.145423385783872,"1973_9_13_9":4.724782806068978,"1973_9_14_29":80.1515789747966,"1973_9_14_7":5.06247446040003,"1973_9_23_145":29.37211292280099,"1973_9_25_145":132.83862774470927,"1973_9_2_13":6.325731345209005,"1973_9_2_9":4.224424633635571,"1973_9_32_145":6.871389153151222,"1973_9_3_137":25.09507567768132,"1973_9_3_142":25.095066265911694,"1973_9_6_137":8.405430789330298,"1973_9_6_142":8.405421671940971,"1973_9_9_142":16.669279799478083,"1974_9_10_137":32.817268023362494,"1974_9_13_13":395.89301757812495,"1974_9_13_9":395.89301757812495,"1974_9_14_7":496.58045196934086,"1974_9_23_145":2289.6645530645424,"1974_9_25_145":5927.9106935062855,"1974_9_2_13":181.84104569254086,"1974_9_2_9":445.1688646747525,"1974_9_32_145":359.8271737759304,"1974_9_3_137":1423.569586464942,"1974_9_3_142":1423.5695685721557,"1974_9_6_137":476.815457271713,"1974_9_6_142":476.8154402099807,"1975_9_10_137":5.717470159315141,"1975_9_13_13":35.919860656909954,"1975_9_13_9":59.10277108756064,"1975_9_14_7":64.01025912620787,"1975_9_23_145":715.2339152557314,"1975_9_25_145":2509.0910778302077,"1975_9_2_13":76.84762343880165,"1975_9_2_9":65.73448334700606,"1975_9_32_145":162.26009041662203,"1975_9_3_137":248.0165209073479,"1975_9_3_142":248.01650800971964,"1975_9_6_137":83.0715349663201,"1975_9_6_142":83.07152266856136,"1976_9_10_137":2.9609854747135214,"1976_9_13_9":64.82942149982189,"1976_9_14_29":923.0408061850854,"1976_9_14_7":68.64733753988322,"1976_9_18_67":1.946293205397095,"1976_9_23_145":352.29816986309976,"1976_9_25_145":1211.231805525731,"1976_9_2_13":55.860783879209485,"1976_9_32_145":64.989982682839,"1976_9_3_137":128.44382802811268,"1976_9_3_142":128.44381939469693,"1976_9_6_137":43.02143346593835,"1976_9_6_142":43.02142510359807,"1976_9_8_142":80.12727079211902,"1976_9_9_142":85.31894803170911,"1977_9_13_13":27.402589237567692,"1977_9_13_9":1.6126687152937822,"1977_9_14_29":268.65298727205476,"1977_9_14_7":7.800812085877229,"1977_9_23_145":319.70463476714394,"1977_9_25_145":627.2779951505597,"1977_9_2_13":1.0426931726929396,"1977_9_2_9":1.2917713469268457,"1977_9_32_145":42.6199758485378,"1977_9_3_137":4.098648741873638,"1977_9_3_142":4.098641678988036,"1977_9_6_137":1.3728127622953752,"1977_9_6_142":1.3728059200181233,"1977_9_8_142":2.5567800248534236,"1977_9_9_142":2.722479553132408}