{"1970_9_10_137":1.4141860789048413,"1970_9_13_13":27.63255157470703,"1970_9_14_29":174.70067095870832,"1970_9_14_7":29.920537722659468,"1970_9_23_145":333.8881654859438,"1970_9_25_145":743.3890983008848,"1970_9_2_13":12.734788696411957,"1970_9_2_9":18.269034335263,"1970_9_32_145":47.70155003534709,"1970_9_3_137":61.34562084646573,"1970_9_3_142":61.3456170853505,"1970_9_6_137":20.54732069348395,"1970_9_6_142":20.547317041420637,"1970_9_7_70":3.625965168896356,"1970_9_8_142":38.26960074031416,"1970_9_9_142":40.7489223881475,"1971_9_10_137":14.845784895698573,"1971_9_13_13":246.56895497551537,"1971_9_13_9":212.16144347759266,"1971_9_14_29":2406.1718223310722,"1971_9_14_7":236.6092307384176,"1971_9_18_67":6.855528718217297,"1971_9_23_145":941.161984531054,"1971_9_25_145":3852.877230599817,"1971_9_2_13":129.66385242513294,"1971_9_2_9":220.0495679280585,"1971_9_32_145":207.37228175379417,"1971_9_3_137":643.9904208197403,"1971_9_3_142":643.9904162074632,"1971_9_6_137":215.70043856022062,"1971_9_6_142":215.70043409302713,"1971_9_8_142":401.7446170248495,"1971_9_9_142":427.7718026825175,"1972_9_10_137":14.837068071962719,"1972_9_10_70":14.837039779335418,"1972_9_13_13":287.4283470947855,"1972_9_13_9":310.73588675691497,"1972_9_14_29":3363.3922859122627,"1972_9_14_7":298.05897531510226,"1972_9_18_67":8.335050353010407,"1972_9_23_145":1000.7434702634595,"1972_9_25_145":3944.474644380614,"1972_9_2_13":38.89433260831978,"1972_9_2_9":257.7171618283643,"1972_9_31_145":2.9068603506383255,"1972_9_32_145":211.17080572596342,"1972_9_3_137":643.6123077980707,"1972_9_3_142":643.6123024968878,"1972_9_3_70":643.6122919416769,"1972_9_6_137":215.57380564637694,"1972_9_6_142":215.57380051607052,"1972_9_6_70":215.57379199712082,"1972_9_7_70":38.0424260801084,"1972_9_8_142":401.50892406195504,"1972_9_9_142":427.5206790984928,"1973_9_13_13":9.145423385783872,"1973_9_13_9":4.724782806068978,"1973_9_14_29":80.15333999865638,"1973_9_14_7":5.06247446040003,"1973_9_23_145":29.372144288320715,"1973_9_25_145":132.83865054624565,"1973_9_2_13":6.325731345209005,"1973_9_2_9":4.224424633635571,"1973_9_32_145":6.871398007964089,"1973_9_3_137":25.095078713754237,"1973_9_3_142":25.095074742018703,"1973_9_6_137":8.405433775619741,"1973_9_6_142":8.405429912035506,"1973_9_7_70":1.4832533168420416,"1973_9_8_142":15.655169213462479,"1973_9_9_142":16.66942350084144,"1974_9_10_137":32.81727238377462,"1974_9_13_13":395.89301757812495,"1974_9_13_9":395.89301757812495,"1974_9_14_7":496.58045196934086,"1974_9_18_67":6.4756831197215945,"1974_9_23_145":2289.664565653095,"1974_9_25_145":5927.910698738531,"1974_9_2_13":181.84104569254086,"1974_9_2_9":445.1688646747525,"1974_9_32_145":359.8271795715243,"1974_9_3_137":1423.5695905699108,"1974_9_3_142":1423.5695837610915,"1974_9_6_137":476.81546129465755,"1974_9_6_142":476.8154547429642,"1975_9_10_137":5.717473915189501,"1975_9_13_13":35.919860656909954,"1975_9_13_9":59.10277108756064,"1975_9_14_29":506.64845774975356,"1975_9_14_7":64.01025912620787,"1975_9_18_67":1.9476693370913127,"1975_9_23_145":715.2339413157397,"1975_9_25_145":2509.0910843481074,"1975_9_2_13":76.84762343880165,"1975_9_2_9":65.73448334700606,"1975_9_32_145":162.26009828794886,"1975_9_3_137":248.0165244550555,"1975_9_3_142":248.01651925627604,"1975_9_6_137":83.07153843481431,"1975_9_6_142":83.07153344056535,"1975_9_9_142":164.74536565090557,"1976_9_10_137":2.960988529669674,"1976_9_13_9":64.82942149982189,"1976_9_14_29":923.0413560082582,"1976_9_14_7":68.64733753988322,"1976_9_18_67":1.946303225712403,"1976_9_23_145":352.2982000309179,"1976_9_25_145":1211.2318171577876,"1976_9_2_13":55.860783879209485,"1976_9_32_145":64.98999134424832,"1976_9_3_137":128.4438309298233,"1976_9_3_142":128.4438272457078,"1976_9_6_137":43.02143631871012,"1976_9_6_142":43.02143273604737,"1976_9_7_70":7.591990141727648,"1976_9_8_142":80.12792308319875,"1976_9_9_142":85.31903452292613,"1977_9_13_13":27.402589237567692,"1977_9_13_9":1.6126687152937822,"1977_9_14_29":268.6532920923504,"1977_9_14_7":7.800812085877229,"1977_9_23_145":319.70466372834613,"1977_9_25_145":627.2780126383365,"1977_9_2_13":1.0426931726929396,"1977_9_2_9":1.2917713469268457,"1977_9_32_145":42.61998423045175,"1977_9_3_137":4.098650280706968,"1977_9_3_142":4.09864419744464,"1977_9_3_70":4.098613472652443,"1977_9_6_137":1.372814280255091,"1977_9_6_142":1.3728084303261163,"1977_9_6_70":1.3727867137575969,"1977_9_8_142":2.5568631053926185,"1977_9_9_142":2.722519520350452}