{"1970_9_10_137":1.414185816896632,"1970_9_13_13":27.63255157470703,"1970_9_14_29":174.70068622792576,"1970_9_14_7":29.920537722659468,"1970_9_23_145":333.888162395391,"1970_9_25_145":743.3890971968502,"1970_9_2_13":12.734788696411957,"1970_9_2_9":18.269034335263,"1970_9_32_145":47.701549056438466,"1970_9_3_137":61.34562059396359,"1970_9_3_142":61.34561665007761,"1970_9_6_137":20.54731914230084,"1970_9_6_142":20.547311331303263,"1970_9_6_70":20.547048946060706,"1970_9_7_70":3.625976319673005,"1970_9_8_142":38.269608002672314,"1970_9_9_142":40.74892407404631,"1971_9_10_137":14.845784610508051,"1971_9_13_13":246.56895497551537,"1971_9_13_9":212.16144347759266,"1971_9_14_29":2406.1718836042896,"1971_9_14_7":236.6092307384176,"1971_9_18_67":6.855528930282915,"1971_9_23_145":941.1619828745743,"1971_9_25_145":3852.8772300323867,"1971_9_2_13":129.66385242513294,"1971_9_2_9":220.0495679280585,"1971_9_32_145":207.37228106426946,"1971_9_3_137":643.9904205449252,"1971_9_3_142":643.990415750835,"1971_9_6_137":215.7004382888865,"1971_9_6_142":215.7004336388431,"1971_9_7_70":38.06457068965131,"1971_9_8_142":401.74469363022257,"1971_9_9_142":427.7718110202011,"1972_9_10_137":14.837067771199123,"1972_9_10_70":14.837050123505026,"1972_9_13_13":287.4283470947855,"1972_9_13_9":310.73588675691497,"1972_9_14_29":3363.392284805038,"1972_9_14_7":298.05897531510226,"1972_9_18_67":8.335050352264426,"1972_9_23_145":1000.7434691611819,"1972_9_25_145":3944.474643893168,"1972_9_2_13":38.89433260831978,"1972_9_2_9":257.7171618283643,"1972_9_31_145":2.9068581166513625,"1972_9_32_145":211.17080522732965,"1972_9_3_137":643.612307508219,"1972_9_3_142":643.6123020348377,"1972_9_3_70":643.6122958025574,"1972_9_4_70":846.3190445931031,"1972_9_6_137":215.57380536004285,"1972_9_6_142":215.57380005444327,"1972_9_6_70":215.57379494176186,"1972_9_7_70":38.04242663512413,"1972_9_8_142":401.50892450566045,"1972_9_9_142":427.5206789439013,"1973_9_13_13":9.145423385783872,"1973_9_13_9":4.724782806068978,"1973_9_14_29":80.15336475675728,"1973_9_14_7":5.06247446040003,"1973_9_23_145":29.372140924050306,"1973_9_25_145":132.83864804329139,"1973_9_2_13":6.325731345209005,"1973_9_2_9":4.224424633635571,"1973_9_32_145":6.871396996202246,"1973_9_3_137":25.095078455278358,"1973_9_3_142":25.095074299842953,"1973_9_6_137":8.405433520160946,"1973_9_6_142":8.405429473234053,"1973_9_7_70":1.4832825291337812,"1973_9_8_142":15.65518117235794,"1973_9_9_142":16.669426093447562,"1974_9_10_137":32.81727205583377,"1974_9_13_13":395.89301757812495,"1974_9_13_9":395.89301757812495,"1974_9_14_29":3900.8320245085415,"1974_9_14_7":496.58045196934086,"1974_9_18_67":13.295739543364522,"1974_9_23_145":2289.6645648028775,"1974_9_25_145":5927.91069818236,"1974_9_2_13":181.84104569254086,"1974_9_2_9":445.1688646747525,"1974_9_32_145":359.8271792031498,"1974_9_3_137":1423.5695902538137,"1974_9_3_142":1423.5695833193336,"1974_9_6_137":476.8154609825119,"1974_9_6_142":476.8154542948538,"1974_9_9_142":945.6082631290258,"1975_9_10_137":5.717473616427909,"1975_9_13_13":35.919860656909954,"1975_9_13_9":59.10277108756064,"1975_9_14_29":506.64860834629945,"1975_9_14_7":64.01025912620787,"1975_9_18_67":1.9476698190821387,"1975_9_23_145":715.2339392367429,"1975_9_25_145":2509.091083780838,"1975_9_2_13":76.84762343880165,"1975_9_2_9":65.73448334700606,"1975_9_32_145":162.26009751849804,"1975_9_3_137":248.01652416729624,"1975_9_3_142":248.0165187944084,"1975_9_6_137":83.07153815137701,"1975_9_6_142":83.0715329797036,"1975_9_8_142":154.72154907499936,"1975_9_9_142":164.74539073585373,"1976_9_10_137":2.9609882700385084,"1976_9_13_9":64.82942149982189,"1976_9_14_29":923.0413656370653,"1976_9_14_7":68.64733753988322,"1976_9_18_67":1.9463033374669487,"1976_9_23_145":352.2981969361847,"1976_9_25_145":1211.2318164249505,"1976_9_2_13":55.860783879209485,"1976_9_32_145":64.98999036792875,"1976_9_3_137":128.44382936847884,"1976_9_3_142":128.44382146348497,"1976_9_3_70":128.44329588663803,"1976_9_6_137":43.021434789574876,"1976_9_6_142":43.02142718005794,"1976_9_6_70":43.021307521727856,"1976_9_7_70":7.591998625905157,"1976_9_8_142":80.12792914470413,"1976_9_9_142":85.319035942514,"1977_9_13_13":27.402589237567692,"1977_9_13_9":1.6126687152937822,"1977_9_14_29":268.6532955583223,"1977_9_14_7":7.800812085877229,"1977_9_23_145":319.70466072121815,"1977_9_25_145":627.2780113644711,"1977_9_2_13":1.0426931726929396,"1977_9_2_9":1.2917713469268457,"1977_9_32_145":42.619983277278216,"1977_9_3_137":4.098649976263818,"1977_9_3_142":4.098643740694763,"1977_9_3_70":4.09862921810118,"1977_9_6_137":1.372813979922464,"1977_9_6_142":1.3728079709520407,"1977_9_6_70":1.372796653045418,"1977_9_8_142":2.5568644482600473,"1977_9_9_142":2.7225196705852936}