{"256_150_17_20_206":94.01524695039322,"256_150_17_20_35":64.02438132798774,"256_150_18_17_204":4.133663322363239,"256_150_18_17_35":3.495076130545249,"256_150_18_20_206":464.3069024968877}