{"256_150_17_20_206":110.94099407741025,"256_150_17_20_35":48.11801184517951,"256_150_18_17_203":5.40957498548714,"256_150_18_17_204":1.5762087357928838,"256_150_18_20_206":763.3385123527919}