{"256_150_17_20_206":62.60318958205041,"256_150_17_20_35":41.91271479072554,"256_150_18_17_35":5.217576790888502}