{"256_150_17_20_206":97.08333864155563,"256_150_17_20_35":75.83332271688876,"256_150_18_17_203":3.968027022434901,"256_150_18_17_204":4.149015110447827,"256_150_18_17_35":1.063017973725116,"256_150_18_20_206":854.896801204377}