{"256_150_17_20_206":77.91277554033158,"256_150_17_20_35":53.66650148610618,"256_150_18_17_203":3.4962968925770945,"256_150_18_20_206":1158.9580092522936}