{"256_150_17_20_206":64.65100285710818,"256_150_17_20_35":42.741246463897404,"256_150_18_17_203":2.694444365723402,"256_150_18_20_206":562.8241146373448}