{"256_150_17_20_206":111.10261163556109,"256_150_17_20_35":47.79477672887779,"256_150_18_17_203":5.9124511695747755,"256_150_18_17_204":1.2545074720137874,"256_150_18_20_206":876.9241781189145}