{"256_150_17_20_206":109.7872964346628,"256_150_17_20_35":50.42540713067441,"256_150_18_17_204":5.5926137447591575,"256_150_18_17_35":2.4915023329506387,"256_150_18_20_206":718.6529876617195}