{"256_150_17_20_35":49.70005378249628,"256_150_18_17_203":2.738925351529435,"256_150_18_17_204":2.8462402686557167,"256_150_18_17_35":1.5308517234211023,"256_150_18_20_206":998.510680969207}