{"256_150_17_20_206":96.53218786766712,"256_150_17_20_35":76.93562426466573,"256_150_18_17_203":4.007756788270654,"256_150_18_17_204":1.2075514223543609,"256_150_18_17_35":3.1885676353953034,"256_150_18_20_206":735.9953773299452}