{"256_150_17_20_206":112.73342611857937,"256_150_17_20_35":31.306045472547744,"256_150_18_17_203":3.4764230494521744,"256_150_18_17_35":3.7587848487888422,"256_150_18_20_206":188.50888223246864,"256_150_18_20_35":70.02754110491723}