{"256_150_17_20_206":113.9624492188498,"256_150_17_20_35":42.0751015623004,"256_150_18_17_203":3.087096897894226,"256_150_18_17_204":1.9382183190649467,"256_150_18_17_35":2.8768884791056895,"256_150_18_20_206":755.0196737832426}