{"256_150_17_20_206":96.35810702681471,"256_150_17_20_35":54.674676458479176,"256_150_18_17_203":5.7914311995448156,"256_150_18_17_204":1.0163250236999475,"256_150_18_17_35":1.5716053614450682,"256_150_18_20_206":1259.4409659625724}