{"256_150_17_20_206":108.73819659620727,"256_150_17_20_35":51.45091079415613,"256_150_18_17_203":5.9754631398252585,"256_150_18_17_35":1.0502708928600593,"256_150_18_20_206":1291.29195345}