{"256_150_17_20_206":135.0,"256_150_18_17_204":4.827909725304229,"256_150_18_17_35":4.685469460391542,"256_150_18_20_206":561.7647903704429}