{"256_150_17_20_206":129.0740186180224,"256_150_17_20_35":11.851962763955207,"256_150_18_17_203":1.3147365745699429,"256_150_18_17_204":2.0668333537320094,"256_150_18_20_206":1101.47995605376}