{"256_150_17_20_206":104.61477937904267,"256_150_17_20_35":59.45926937516755,"256_150_18_17_203":2.7354405198234515,"256_150_18_20_206":1291.29195345}