{"256_150_17_20_206":71.04245440446046,"256_150_17_20_35":62.47364318601105,"256_150_18_17_203":5.621861870560106,"256_150_18_20_206":1194.379542112527}