{"256_150_17_20_35":64.51384798938693,"256_150_18_17_204":2.7161137896530905,"256_150_18_17_35":3.6931390213577204}