{"256_150_17_20_206":103.86896377780928,"256_150_17_20_35":52.06920305966138,"256_150_18_17_203":4.865092873625849,"256_150_18_17_35":4.155152687184817,"256_150_18_20_206":1226.1313571143032}