{"256_150_17_20_206":106.83961289034816,"256_150_17_20_35":56.320774219303615,"256_150_18_17_203":3.473905763043925,"256_150_18_17_204":5.363473151656379,"256_150_18_20_206":735.1327201508627}