{"256_150_17_20_206":116.85877023875115,"256_150_17_20_35":36.2824595224977,"256_150_18_17_203":3.0841322913228906,"256_150_18_17_35":1.9233742563868168,"256_150_18_20_206":1161.1736136282102}