{"256_150_17_20_35":58.70831722749754,"256_150_18_17_203":3.806514204441155,"256_150_18_17_204":1.3932654236162787,"256_150_18_17_35":1.0495184543231464,"256_150_18_20_206":1050.5657725782505}