{"256_150_17_20_206":63.750868990726474,"256_150_17_20_35":21.36782947978921,"256_150_18_17_204":5.142535482498539,"256_150_18_17_35":2.6774372729606437,"256_150_18_20_206":841.7754502646995}