{"256_150_17_20_206":46.49241563815644,"256_150_17_20_35":50.32120611961761,"256_150_18_17_203":2.1007142854997936,"256_150_18_17_35":2.622300611833178}