{"256_150_17_20_206":100.73966005639915,"256_150_17_20_35":55.64707793228785,"256_150_18_17_203":5.705525410745655,"256_150_18_17_35":1.9453156942628966,"256_150_18_20_206":1291.29195345}