{"256_150_17_20_206":119.04024328364235,"256_150_18_17_204":6.346722141049641,"256_150_18_17_35":1.4161402065794164,"256_150_18_20_206":159.2945581795113}