{"256_150_17_20_206":106.60464147773988,"256_150_17_20_35":28.869211302212076,"256_150_18_17_203":4.6130046866378125,"256_150_18_17_35":4.6698923576839855,"256_150_18_20_206":846.3171429516042}