{"256_150_17_20_206":118.94338967840419,"256_150_17_20_35":32.11322064319164,"256_150_18_17_203":6.730951134703118,"256_150_18_20_206":346.392055438585,"256_150_18_20_35":149.56906838705018}