{"256_150_17_20_206":119.87607630926234,"256_150_17_20_35":30.24784738147533,"256_150_18_17_204":5.164385989287326,"256_150_18_17_35":3.511889742612684,"256_150_18_20_206":629.9977236214605}