{"256_150_17_20_206":96.33878730083816,"256_150_17_20_35":77.32242539832366,"256_150_18_17_203":4.972823733728661,"256_150_18_17_35":2.244930377216568,"256_150_18_20_206":768.2917740240039}