{"256_150_17_20_206":110.03440057094483,"256_150_17_20_35":49.93119885811036,"256_150_18_17_204":4.16595370902275,"256_150_18_17_35":2.9650370893308784,"256_150_18_20_206":705.0615444752384}