{"256_150_17_20_206":21.468171115176332,"256_150_17_20_35":66.90981427154843,"256_150_18_17_203":4.2460674762060036,"256_150_18_20_206":62.97508895837895}