{"256_150_17_20_206":15.797644899219886,"256_150_18_17_203":2.337424557187763,"256_150_18_17_204":2.3969173082252,"256_150_18_17_35":3.283207933254746,"256_150_18_20_206":1105.167527235504}