{"256_150_17_20_206":88.97874094218162,"256_150_17_20_35":73.8057447425098,"256_150_18_17_203":3.5803916956331125,"256_150_18_17_204":2.066620926574691,"256_150_18_20_206":1280.7347749158614,"256_150_18_20_35":7.728504110843918}